episode,global_step,epsilon,reward,coverage,final_health,length,new_tile_rate,revisit_rate,wall_hit_rate,turn_streak_rate,hazard_contact_rate,action_forward_rate,action_left_rate,action_right_rate,max_no_new_tile_streak,stagnation_step_rate,coverage_gain_25,energy_spent,coverage_gain_per_energy,new_tiles_per_energy,obs_novelty_mean,turn_oscillation_rate,forward_after_turn_success_rate,coverage_at_step_50,coverage_at_step_100,coverage_at_step_150,mean_loss,mean_q_loss,mean_aux_loss,aux_weight,eval_reward_mean,eval_coverage_mean,eval_final_health_mean,eval_length_mean,eval_survival_rate,eval_death_rate,eval_new_tile_rate_mean,eval_revisit_rate_mean,eval_wall_hit_rate_mean,eval_turn_streak_rate_mean,eval_hazard_contact_rate_mean,eval_action_forward_rate_mean,eval_action_left_rate_mean,eval_action_right_rate_mean,eval_max_no_new_tile_streak_mean,eval_stagnation_step_rate_mean,eval_coverage_gain_25_mean,eval_energy_spent_mean,eval_coverage_gain_per_energy_mean,eval_new_tiles_per_energy_mean,eval_obs_novelty_mean_mean,eval_turn_oscillation_rate_mean,eval_forward_after_turn_success_rate_mean,eval_coverage_at_step_50_mean,eval_coverage_at_step_100_mean,eval_coverage_at_step_150_mean,holdout_eval_reward_mean,holdout_eval_coverage_mean,holdout_eval_final_health_mean,holdout_eval_length_mean,holdout_eval_survival_rate,holdout_eval_death_rate,holdout_eval_new_tile_rate_mean,holdout_eval_revisit_rate_mean,holdout_eval_wall_hit_rate_mean,holdout_eval_turn_streak_rate_mean,holdout_eval_hazard_contact_rate_mean,holdout_eval_action_forward_rate_mean,holdout_eval_action_left_rate_mean,holdout_eval_action_right_rate_mean,holdout_eval_max_no_new_tile_streak_mean,holdout_eval_stagnation_step_rate_mean,holdout_eval_coverage_gain_25_mean,holdout_eval_energy_spent_mean,holdout_eval_coverage_gain_per_energy_mean,holdout_eval_new_tiles_per_energy_mean,holdout_eval_obs_novelty_mean_mean,holdout_eval_turn_oscillation_rate_mean,holdout_eval_forward_after_turn_success_rate_mean,holdout_eval_coverage_at_step_50_mean,holdout_eval_coverage_at_step_100_mean,holdout_eval_coverage_at_step_150_mean,eval_soft_score
1,174,0.9981633333333333,-10.147425324439997,0.3422222222222222,0,174,0.4367816091954023,0.06321839080459771,0.20114942528735633,0.05747126436781609,0.0,0.7011494252873564,0.15517241379310345,0.14367816091954022,46.0,0.25862068965517243,0.04862433862433862,120.98500308990455,0.0027918979142131646,0.628177030697962,0.8820295550963171,0.0,0.6190476190476191,0.13333333333333333,0.26222222222222225,0.28,0.0,0.0,0.0,0.149875,-471.7,0.0044444444444444444,3.0,250.0,1.0,0.0,0.0,0.0,0.0,0.996,0.0,0.0,0.0,1.0,250.0,0.98,0.0,74.99999999999964,0.0,0.0,0.12077613731424354,0.0,0.0,0.0044444444444444444,0.0044444444444444444,0.0044444444444444444,-402.39930092930797,0.0044444444444444444,2.25,226.75,0.75,0.25,0.0,0.0,0.0,0.9954076433121019,0.0,0.0,0.0,1.0,226.75,0.9770382165605095,0.0,81.2623898029324,0.0,0.0,0.12822455016259512,0.0,0.0,0.0044444444444444444,0.0044444444444444444,0.0044444444444444444,0.009333333333333334
2,323,0.9965905555555555,-6.288579624176029,0.26666666666666666,0,149,0.3959731543624161,0.053691275167785234,0.2214765100671141,0.053691275167785234,0.0,0.6711409395973155,0.15436241610738255,0.174496644295302,56.0,0.3691275167785235,0.0442283950617284,100.7102821350096,0.002603728404520741,0.5858388910171667,0.9144276632411367,0.0,0.5853658536585366,0.1111111111111111,0.1111111111111111,nan,0.0,0.0,0.0,0.14975,nan,nan,nan,nan,nan,nan,nan,nan,nan,nan,nan,nan,nan,nan,nan,nan,nan,nan,nan,nan,nan,nan,nan,nan,nan,nan,nan,nan,nan,nan,nan,nan,nan,nan,nan,nan,nan,nan,nan,nan,nan,nan,nan,nan,nan,nan,nan,nan,nan,nan,nan,nan,nan
3,452,0.9952288888888889,-7.844415769577028,0.21777777777777776,0,129,0.37209302325581395,0.023255813953488372,0.26356589147286824,0.06976744186046512,0.007751937984496124,0.6589147286821705,0.17054263565891473,0.17054263565891473,22.0,0.2558139534883721,0.035555555555555556,90.28967399597144,0.0023627655732022233,0.5316222539705002,0.9038885535481628,0.007751937984496124,0.6571428571428571,0.14666666666666667,0.21333333333333335,nan,0.0,0.0,0.0,0.149625,nan,nan,nan,nan,nan,nan,nan,nan,nan,nan,nan,nan,nan,nan,nan,nan,nan,nan,nan,nan,nan,nan,nan,nan,nan,nan,nan,nan,nan,nan,nan,nan,nan,nan,nan,nan,nan,nan,nan,nan,nan,nan,nan,nan,nan,nan,nan,nan,nan,nan,nan,nan,nan
4,548,0.9942155555555555,-3.447267048597336,0.22666666666666666,0,96,0.5208333333333334,0.020833333333333332,0.14583333333333334,0.08333333333333333,0.010416666666666666,0.6875,0.14583333333333334,0.16666666666666666,9.0,0.07291666666666667,0.05703703703703703,70.77397189140315,0.0031398862644476696,0.7064744095007257,0.9254805030690695,0.0,0.7727272727272727,0.12,nan,nan,0.0,0.0,0.0,0.1495,nan,nan,nan,nan,nan,nan,nan,nan,nan,nan,nan,nan,nan,nan,nan,nan,nan,nan,nan,nan,nan,nan,nan,nan,nan,nan,nan,nan,nan,nan,nan,nan,nan,nan,nan,nan,nan,nan,nan,nan,nan,nan,nan,nan,nan,nan,nan,nan,nan,nan,nan,nan,nan
5,707,0.9925372222222222,-8.971600780963898,0.2222222222222222,0,159,0.3081761006289308,0.05660377358490566,0.2893081761006289,0.06918238993710692,0.0,0.6540880503144654,0.16981132075471697,0.1761006289308176,52.0,0.4025157232704403,0.03111111111111111,100.21524553298923,0.0021731002765052235,0.48894756221367536,0.8653902900134153,0.0,0.4318181818181818,0.13777777777777778,0.15555555555555556,0.2222222222222222,0.0,0.0,0.0,0.149375,nan,nan,nan,nan,nan,nan,nan,nan,nan,nan,nan,nan,nan,nan,nan,nan,nan,nan,nan,nan,nan,nan,nan,nan,nan,nan,nan,nan,nan,nan,nan,nan,nan,nan,nan,nan,nan,nan,nan,nan,nan,nan,nan,nan,nan,nan,nan,nan,nan,nan,nan,nan,nan
6,870,0.9908166666666667,-1.739165913105011,0.4088888888888889,0,163,0.558282208588957,0.04294478527607362,0.07975460122699386,0.03680981595092025,0.006134969325153374,0.6809815950920245,0.147239263803681,0.17177914110429449,19.0,0.08588957055214724,0.05777777777777778,110.10634202957124,0.003673216610318622,0.8264737373216898,0.9648918219395827,0.0,0.8478260869565217,0.1511111111111111,0.3022222222222222,0.4088888888888889,0.0,0.0,0.0,0.14925,nan,nan,nan,nan,nan,nan,nan,nan,nan,nan,nan,nan,nan,nan,nan,nan,nan,nan,nan,nan,nan,nan,nan,nan,nan,nan,nan,nan,nan,nan,nan,nan,nan,nan,nan,nan,nan,nan,nan,nan,nan,nan,nan,nan,nan,nan,nan,nan,nan,nan,nan,nan,nan
7,1016,0.9892755555555556,-7.188512878894807,0.24444444444444444,0,146,0.3698630136986301,0.07534246575342465,0.17123287671232876,0.1095890410958904,0.00684931506849315,0.6164383561643836,0.18493150684931506,0.19863013698630136,42.0,0.2945205479452055,0.04112874779541446,90.0715512275694,0.002664548314413175,0.5995233707429644,0.921237881514942,0.00684931506849315,0.6,0.1511111111111111,0.2088888888888889,nan,0.0,0.0,0.0,0.149125,nan,nan,nan,nan,nan,nan,nan,nan,nan,nan,nan,nan,nan,nan,nan,nan,nan,nan,nan,nan,nan,nan,nan,nan,nan,nan,nan,nan,nan,nan,nan,nan,nan,nan,nan,nan,nan,nan,nan,nan,nan,nan,nan,nan,nan,nan,nan,nan,nan,nan,nan,nan,nan
8,1125,0.988125,-6.374858927011492,0.2222222222222222,-2,109,0.44954128440366975,0.01834862385321101,0.21100917431192662,0.06422018348623854,0.01834862385321101,0.6788990825688074,0.1743119266055046,0.14678899082568808,23.0,0.25688073394495414,0.05619753086419752,72.86532311439503,0.0029887711804403474,0.6724735155990782,0.930972821916525,0.0,0.5357142857142857,0.09777777777777778,0.18666666666666668,nan,0.0,0.0,0.0,0.149,nan,nan,nan,nan,nan,nan,nan,nan,nan,nan,nan,nan,nan,nan,nan,nan,nan,nan,nan,nan,nan,nan,nan,nan,nan,nan,nan,nan,nan,nan,nan,nan,nan,nan,nan,nan,nan,nan,nan,nan,nan,nan,nan,nan,nan,nan,nan,nan,nan,nan,nan,nan,nan
9,1229,0.9870272222222223,-0.918661178350449,0.28,0,104,0.5961538461538461,0.04807692307692308,0.009615384615384616,0.057692307692307696,0.009615384615384616,0.6538461538461539,0.20192307692307693,0.14423076923076922,6.0,0.009615384615384616,0.06444444444444446,70.13963027000412,0.0039286713444995095,0.8839510525123896,0.9971837190498707,0.0,0.8275862068965517,0.15555555555555556,0.27111111111111114,nan,0.0,0.0,0.0,0.148875,nan,nan,nan,nan,nan,nan,nan,nan,nan,nan,nan,nan,nan,nan,nan,nan,nan,nan,nan,nan,nan,nan,nan,nan,nan,nan,nan,nan,nan,nan,nan,nan,nan,nan,nan,nan,nan,nan,nan,nan,nan,nan,nan,nan,nan,nan,nan,nan,nan,nan,nan,nan,nan
10,1352,0.9857288888888889,-4.744395280599595,0.24,-1,123,0.43089430894308944,0.056910569105691054,0.1951219512195122,0.04878048780487805,0.008130081300813009,0.6829268292682927,0.13821138211382114,0.17886178861788618,14.0,0.16260162601626016,0.04765217391304348,87.67995505332938,0.0026865382790431875,0.6044711127847172,0.9679713653033746,0.0,0.7575757575757576,0.1288888888888889,0.2088888888888889,nan,0.0,0.0,0.0,0.14875,nan,nan,nan,nan,nan,nan,nan,nan,nan,nan,nan,nan,nan,nan,nan,nan,nan,nan,nan,nan,nan,nan,nan,nan,nan,nan,nan,nan,nan,nan,nan,nan,nan,nan,nan,nan,nan,nan,nan,nan,nan,nan,nan,nan,nan,nan,nan,nan,nan,nan,nan,nan,nan
11,1475,0.9844305555555556,-3.264353859901429,0.31555555555555553,0,123,0.5691056910569106,0.008130081300813009,0.11382113821138211,0.04065040650406504,0.008130081300813009,0.6910569105691057,0.13008130081300814,0.17886178861788618,10.0,0.07317073170731707,0.06268599033816424,92.20337009429919,0.0033741837287826716,0.7591913389761011,0.9651124637161979,0.0,0.8181818181818182,0.13777777777777778,0.28888888888888886,nan,0.0,0.0,0.0,0.148625,nan,nan,nan,nan,nan,nan,nan,nan,nan,nan,nan,nan,nan,nan,nan,nan,nan,nan,nan,nan,nan,nan,nan,nan,nan,nan,nan,nan,nan,nan,nan,nan,nan,nan,nan,nan,nan,nan,nan,nan,nan,nan,nan,nan,nan,nan,nan,nan,nan,nan,nan,nan,nan
12,1602,0.98309,-13.542727298021315,0.15555555555555556,0,127,0.2677165354330709,0.015748031496062992,0.3464566929133858,0.11811023622047244,0.0,0.6299212598425197,0.2047244094488189,0.16535433070866143,39.0,0.4409448818897638,0.025185185185185185,100.34025998115514,0.0015059868405711847,0.33884703912851655,0.8095650315240105,0.0,0.40625,0.1288888888888889,0.15555555555555556,nan,0.0,0.0,0.0,0.1485,nan,nan,nan,nan,nan,nan,nan,nan,nan,nan,nan,nan,nan,nan,nan,nan,nan,nan,nan,nan,nan,nan,nan,nan,nan,nan,nan,nan,nan,nan,nan,nan,nan,nan,nan,nan,nan,nan,nan,nan,nan,nan,nan,nan,nan,nan,nan,nan,nan,nan,nan,nan,nan
13,1763,0.9813905555555555,-14.03681852006912,0.24444444444444444,0,161,0.33540372670807456,0.043478260869565216,0.2919254658385093,0.09937888198757763,0.0,0.6708074534161491,0.14285714285714285,0.18633540372670807,42.0,0.2981366459627329,0.03428571428571429,110.00779542922947,0.0021816635726910594,0.4908743038554884,0.8468588740473264,0.006211180124223602,0.6216216216216216,0.1288888888888889,0.23555555555555555,0.24444444444444444,0.0,0.0,0.0,0.148375,nan,nan,nan,nan,nan,nan,nan,nan,nan,nan,nan,nan,nan,nan,nan,nan,nan,nan,nan,nan,nan,nan,nan,nan,nan,nan,nan,nan,nan,nan,nan,nan,nan,nan,nan,nan,nan,nan,nan,nan,nan,nan,nan,nan,nan,nan,nan,nan,nan,nan,nan,nan,nan
14,1878,0.9801766666666667,-4.959941800355912,0.23555555555555555,0,115,0.45217391304347826,0.017391304347826087,0.17391304347826086,0.05217391304347826,0.017391304347826087,0.6434782608695652,0.1391304347826087,0.21739130434782608,20.0,0.2,0.047407407407407405,80.7137314319609,0.0028633431636837458,0.6442522118288428,0.9627373766000139,0.0,0.6857142857142857,0.16,0.22666666666666666,nan,0.0,0.0,0.0,0.14825,nan,nan,nan,nan,nan,nan,nan,nan,nan,nan,nan,nan,nan,nan,nan,nan,nan,nan,nan,nan,nan,nan,nan,nan,nan,nan,nan,nan,nan,nan,nan,nan,nan,nan,nan,nan,nan,nan,nan,nan,nan,nan,nan,nan,nan,nan,nan,nan,nan,nan,nan,nan,nan
15,2022,0.9786566666666666,-1.3058139147758487,0.37333333333333335,0,144,0.5763888888888888,0.041666666666666664,0.0625,0.04861111111111111,0.0,0.6805555555555556,0.1527777777777778,0.16666666666666666,13.0,0.05555555555555555,0.06382066276803118,100.25537061691263,0.003679492546074724,0.8278858228668128,0.9570670438083211,0.006944444444444444,0.8157894736842105,0.1511111111111111,0.28,nan,0.0,0.0,0.0,0.148125,nan,nan,nan,nan,nan,nan,nan,nan,nan,nan,nan,nan,nan,nan,nan,nan,nan,nan,nan,nan,nan,nan,nan,nan,nan,nan,nan,nan,nan,nan,nan,nan,nan,nan,nan,nan,nan,nan,nan,nan,nan,nan,nan,nan,nan,nan,nan,nan,nan,nan,nan,nan,nan
16,2158,0.9772211111111111,-10.46926267433166,0.19555555555555557,0,136,0.3161764705882353,0.029411764705882353,0.27205882352941174,0.1323529411764706,0.0,0.6176470588235294,0.16911764705882354,0.21323529411764705,42.0,0.3235294117647059,0.03656565656565657,100.50726356506352,0.0019014656685722527,0.42782977542875683,0.8838396013467827,0.007352941176470588,0.5294117647058824,0.08444444444444445,0.1288888888888889,nan,0.0,0.0,0.0,0.148,nan,nan,nan,nan,nan,nan,nan,nan,nan,nan,nan,nan,nan,nan,nan,nan,nan,nan,nan,nan,nan,nan,nan,nan,nan,nan,nan,nan,nan,nan,nan,nan,nan,nan,nan,nan,nan,nan,nan,nan,nan,nan,nan,nan,nan,nan,nan,nan,nan,nan,nan,nan,nan
17,2246,0.9762922222222222,-2.9836422533988953,0.2311111111111111,-1,88,0.5795454545454546,0.011363636363636364,0.10227272727272728,0.022727272727272728,0.022727272727272728,0.6931818181818182,0.13636363636363635,0.17045454545454544,12.0,0.07954545454545454,0.06692307692307692,65.6251643180847,0.0034539596056173657,0.7771409112639074,0.9657173598082435,0.0,0.8,0.11555555555555555,nan,nan,0.0,0.0,0.0,0.147875,nan,nan,nan,nan,nan,nan,nan,nan,nan,nan,nan,nan,nan,nan,nan,nan,nan,nan,nan,nan,nan,nan,nan,nan,nan,nan,nan,nan,nan,nan,nan,nan,nan,nan,nan,nan,nan,nan,nan,nan,nan,nan,nan,nan,nan,nan,nan,nan,nan,nan,nan,nan,nan
18,2352,0.9751733333333333,-2.9488147444725064,0.28,0,106,0.5849056603773585,0.009433962264150943,0.12264150943396226,0.03773584905660377,0.009433962264150943,0.7169811320754716,0.1320754716981132,0.1509433962264151,10.0,0.07547169811320754,0.06918518518518521,80.88394994735705,0.0034068014202434434,0.7665303195547747,0.9663239741379753,0.0,0.8461538461538461,0.11555555555555555,0.2577777777777778,nan,0.0,0.0,0.0,0.14775,nan,nan,nan,nan,nan,nan,nan,nan,nan,nan,nan,nan,nan,nan,nan,nan,nan,nan,nan,nan,nan,nan,nan,nan,nan,nan,nan,nan,nan,nan,nan,nan,nan,nan,nan,nan,nan,nan,nan,nan,nan,nan,nan,nan,nan,nan,nan,nan,nan,nan,nan,nan,nan
19,2446,0.9741811111111112,-2.458068078756333,0.25333333333333335,0,94,0.5957446808510638,0.010638297872340425,0.11702127659574468,0.031914893617021274,0.010638297872340425,0.723404255319149,0.13829787234042554,0.13829787234042554,9.0,0.07446808510638298,0.06678362573099417,70.37207694053642,0.003536756334464835,0.7957701752545878,0.9651407923131793,0.0,0.8695652173913043,0.12444444444444444,nan,nan,0.0,0.0,0.0,0.147625,nan,nan,nan,nan,nan,nan,nan,nan,nan,nan,nan,nan,nan,nan,nan,nan,nan,nan,nan,nan,nan,nan,nan,nan,nan,nan,nan,nan,nan,nan,nan,nan,nan,nan,nan,nan,nan,nan,nan,nan,nan,nan,nan,nan,nan,nan,nan,nan,nan,nan,nan,nan,nan
20,2581,0.9727561111111112,-3.973349961042404,0.3111111111111111,-2,135,0.5111111111111111,0.022222222222222223,0.16296296296296298,0.037037037037037035,0.007407407407407408,0.6962962962962963,0.14074074074074075,0.16296296296296298,13.0,0.1037037037037037,0.052222222222222225,96.17476153373704,0.003188639740573637,0.7174439416290683,0.9261924635351847,0.0,0.7222222222222222,0.1511111111111111,0.28,nan,0.03220468815416098,0.008325263066217304,0.16189441680908204,0.1475,-471.7,0.0044444444444444444,3.0,250.0,1.0,0.0,0.0,0.0,0.0,0.996,0.0,0.0,0.0,1.0,250.0,0.98,0.0,74.99999999999964,0.0,0.0,0.12077613731424354,0.0,0.0,0.0044444444444444444,0.0044444444444444444,0.0044444444444444444,-402.39930092930797,0.0044444444444444444,2.25,226.75,0.75,0.25,0.0,0.0,0.0,0.9954076433121019,0.0,0.0,0.0,1.0,226.75,0.9770382165605095,0.0,81.2623898029324,0.0,0.0,0.12822455016259512,0.0,0.0,0.0044444444444444444,0.0044444444444444444,0.0044444444444444444,0.009333333333333334
21,2675,0.9717638888888889,-1.56843513917923,0.27111111111111114,0,94,0.6382978723404256,0.02127659574468085,0.02127659574468085,0.07446808510638298,0.010638297872340425,0.6808510638297872,0.11702127659574468,0.20212765957446807,4.0,0.0,0.07052631578947369,70.75652513504022,0.00376879257648292,0.8479783297086568,0.9619614466671933,0.0,0.9130434782608695,0.1511111111111111,nan,nan,0.029338954016566277,0.008318373467773199,0.1426332876086235,0.147375,nan,nan,nan,nan,nan,nan,nan,nan,nan,nan,nan,nan,nan,nan,nan,nan,nan,nan,nan,nan,nan,nan,nan,nan,nan,nan,nan,nan,nan,nan,nan,nan,nan,nan,nan,nan,nan,nan,nan,nan,nan,nan,nan,nan,nan,nan,nan,nan,nan,nan,nan,nan,nan
22,2782,0.9706344444444445,-3.7923077063560484,0.26666666666666666,-1,107,0.5514018691588785,0.028037383177570093,0.06542056074766354,0.037383177570093455,0.009345794392523364,0.6448598130841121,0.1588785046728972,0.19626168224299065,4.0,0.0,0.059301587301587286,90.95531148910514,0.0028829786620392355,0.6486701989588279,0.9972626801980051,0.0,0.8529411764705882,0.12444444444444444,0.25333333333333335,nan,0.03149832505732775,0.008111401041969658,0.1588246151804924,0.14725,nan,nan,nan,nan,nan,nan,nan,nan,nan,nan,nan,nan,nan,nan,nan,nan,nan,nan,nan,nan,nan,nan,nan,nan,nan,nan,nan,nan,nan,nan,nan,nan,nan,nan,nan,nan,nan,nan,nan,nan,nan,nan,nan,nan,nan,nan,nan,nan,nan,nan,nan,nan,nan
23,2938,0.9689877777777778,-2.9234484159946446,0.3377777777777778,0,156,0.4807692307692308,0.038461538461538464,0.07692307692307693,0.11538461538461539,0.0,0.5961538461538461,0.19230769230769232,0.21153846153846154,7.0,0.05128205128205128,0.05164021164021164,100.54712777137738,0.0033151949809174255,0.7459188707064207,0.9560906688266726,0.01282051282051282,0.7777777777777778,0.12,0.2311111111111111,0.3288888888888889,0.026632326655089855,0.007228860119357705,0.13188421651721,0.147125,nan,nan,nan,nan,nan,nan,nan,nan,nan,nan,nan,nan,nan,nan,nan,nan,nan,nan,nan,nan,nan,nan,nan,nan,nan,nan,nan,nan,nan,nan,nan,nan,nan,nan,nan,nan,nan,nan,nan,nan,nan,nan,nan,nan,nan,nan,nan,nan,nan,nan,nan,nan,nan
24,3100,0.9672777777777778,-4.117761375904089,0.29777777777777775,0,162,0.4074074074074074,0.09259259259259259,0.1111111111111111,0.08024691358024691,0.0,0.6111111111111112,0.17901234567901234,0.20987654320987653,16.0,0.20987654320987653,0.04603174603174603,100.6739178657529,0.002913697405960586,0.6555819163411319,0.9610983084699197,0.0,0.66,0.08888888888888889,0.21777777777777776,0.27111111111111114,0.02703129444271326,0.006387713178992271,0.14043252766132355,0.147,nan,nan,nan,nan,nan,nan,nan,nan,nan,nan,nan,nan,nan,nan,nan,nan,nan,nan,nan,nan,nan,nan,nan,nan,nan,nan,nan,nan,nan,nan,nan,nan,nan,nan,nan,nan,nan,nan,nan,nan,nan,nan,nan,nan,nan,nan,nan,nan,nan,nan,nan,nan,nan
25,3316,0.9649977777777777,-5.298216856002817,0.4444444444444444,0,216,0.4583333333333333,0.041666666666666664,0.12962962962962962,0.06481481481481481,0.0,0.6296296296296297,0.17592592592592593,0.19444444444444445,31.0,0.12962962962962962,0.05083333333333332,140.49730339050282,0.0031317327050544843,0.704639858637259,0.9569043038167734,0.0,0.803030303030303,0.13333333333333333,0.18222222222222223,0.32,0.024973729252815248,0.007484049675986171,0.11907867193222046,0.146875,nan,nan,nan,nan,nan,nan,nan,nan,nan,nan,nan,nan,nan,nan,nan,nan,nan,nan,nan,nan,nan,nan,nan,nan,nan,nan,nan,nan,nan,nan,nan,nan,nan,nan,nan,nan,nan,nan,nan,nan,nan,nan,nan,nan,nan,nan,nan,nan,nan,nan,nan,nan,nan
26,3431,0.9637838888888889,-8.05958626937866,0.19111111111111112,0,115,0.3652173913043478,0.008695652173913044,0.22608695652173913,0.08695652173913043,0.008695652173913044,0.6,0.2,0.2,22.0,0.23478260869565218,0.04148148148148149,90.51986923217773,0.0020621623545199618,0.4639865297669914,0.9126365215662382,0.008695652173913044,0.5833333333333334,0.09333333333333334,0.16,nan,0.024189348425716163,0.007009132928214967,0.11707131303846836,0.14675,nan,nan,nan,nan,nan,nan,nan,nan,nan,nan,nan,nan,nan,nan,nan,nan,nan,nan,nan,nan,nan,nan,nan,nan,nan,nan,nan,nan,nan,nan,nan,nan,nan,nan,nan,nan,nan,nan,nan,nan,nan,nan,nan,nan,nan,nan,nan,nan,nan,nan,nan,nan,nan
27,3606,0.9619366666666667,-12.6207821264267,0.27555555555555555,0,175,0.3485714285714286,0.045714285714285714,0.2342857142857143,0.09142857142857143,0.0,0.6285714285714286,0.17714285714285713,0.19428571428571428,34.0,0.29714285714285715,0.038730158730158726,140.29316310882575,0.0019324613195926702,0.43480379690835075,0.9102654634167794,0.0,0.5208333333333334,0.14222222222222222,0.22666666666666666,0.27555555555555555,0.02044733362272382,0.006021524826064706,0.098385738581419,0.146625,nan,nan,nan,nan,nan,nan,nan,nan,nan,nan,nan,nan,nan,nan,nan,nan,nan,nan,nan,nan,nan,nan,nan,nan,nan,nan,nan,nan,nan,nan,nan,nan,nan,nan,nan,nan,nan,nan,nan,nan,nan,nan,nan,nan,nan,nan,nan,nan,nan,nan,nan,nan,nan
28,3743,0.9604905555555555,-22.195,0.19111111111111112,0,137,0.30656934306569344,0.014598540145985401,0.25547445255474455,0.0948905109489051,0.0072992700729927005,0.5766423357664233,0.1897810218978102,0.23357664233576642,60.0,0.40145985401459855,0.031111111111111114,80.5999999999998,0.002315963606286193,0.5210918114143934,0.8008466293157298,0.0,0.4444444444444444,0.1288888888888889,0.19111111111111112,nan,0.01910334248095751,0.005419903225265444,0.0934023104608059,0.1465,nan,nan,nan,nan,nan,nan,nan,nan,nan,nan,nan,nan,nan,nan,nan,nan,nan,nan,nan,nan,nan,nan,nan,nan,nan,nan,nan,nan,nan,nan,nan,nan,nan,nan,nan,nan,nan,nan,nan,nan,nan,nan,nan,nan,nan,nan,nan,nan,nan,nan,nan,nan,nan
29,3871,0.9591394444444444,-3.5780627980232236,0.3111111111111111,-1,128,0.5390625,0.015625,0.171875,0.0234375,0.0078125,0.7265625,0.1484375,0.125,7.0,0.0234375,0.05654320987654324,95.14345521926869,0.003223202961884443,0.7252206664239996,0.9619454052451146,0.0,0.78125,0.1288888888888889,0.2577777777777778,nan,0.0201232491992414,0.005998696060851216,0.09649566411972046,0.146375,nan,nan,nan,nan,nan,nan,nan,nan,nan,nan,nan,nan,nan,nan,nan,nan,nan,nan,nan,nan,nan,nan,nan,nan,nan,nan,nan,nan,nan,nan,nan,nan,nan,nan,nan,nan,nan,nan,nan,nan,nan,nan,nan,nan,nan,nan,nan,nan,nan,nan,nan,nan,nan
30,3965,0.9581472222222223,-6.6585493185520175,0.19111111111111112,0,94,0.44680851063829785,0.010638297872340425,0.19148936170212766,0.10638297872340426,0.010638297872340425,0.648936170212766,0.1276595744680851,0.22340425531914893,17.0,0.1595744680851064,0.04912280701754386,80.23380303382864,0.002326533949636704,0.5234701386682583,0.9064649812210354,0.0,0.6521739130434783,0.13777777777777778,nan,nan,0.01583252251148224,0.0049718540161848065,0.07426098547875881,0.14625,nan,nan,nan,nan,nan,nan,nan,nan,nan,nan,nan,nan,nan,nan,nan,nan,nan,nan,nan,nan,nan,nan,nan,nan,nan,nan,nan,nan,nan,nan,nan,nan,nan,nan,nan,nan,nan,nan,nan,nan,nan,nan,nan,nan,nan,nan,nan,nan,nan,nan,nan,nan,nan
31,4094,0.9567855555555556,-7.745025638818738,0.28444444444444444,-1,129,0.4883720930232558,0.031007751937984496,0.12403100775193798,0.08527131782945736,0.007751937984496124,0.6434108527131783,0.16279069767441862,0.1937984496124031,35.0,0.23255813953488372,0.05833333333333331,89.15262513160691,0.0031406814952074,0.706653336421665,0.8892085186009735,0.0,0.6857142857142857,0.1511111111111111,0.26222222222222225,nan,0.016036094911396504,0.005891469214111567,0.06942429952323437,0.146125,nan,nan,nan,nan,nan,nan,nan,nan,nan,nan,nan,nan,nan,nan,nan,nan,nan,nan,nan,nan,nan,nan,nan,nan,nan,nan,nan,nan,nan,nan,nan,nan,nan,nan,nan,nan,nan,nan,nan,nan,nan,nan,nan,nan,nan,nan,nan,nan,nan,nan,nan,nan,nan
32,4228,0.9553711111111112,-8.698298235416415,0.21777777777777776,0,134,0.3582089552238806,0.05970149253731343,0.22388059701492538,0.08955223880597014,0.007462686567164179,0.6417910447761194,0.1865671641791045,0.17164179104477612,30.0,0.26119402985074625,0.03687242798353908,99.85045938491808,0.0021365283109108686,0.48071886995494545,0.9202830349307632,0.0,0.6111111111111112,0.12,0.16,nan,0.016507157310843467,0.005438821599818766,0.07581051774322986,0.146,nan,nan,nan,nan,nan,nan,nan,nan,nan,nan,nan,nan,nan,nan,nan,nan,nan,nan,nan,nan,nan,nan,nan,nan,nan,nan,nan,nan,nan,nan,nan,nan,nan,nan,nan,nan,nan,nan,nan,nan,nan,nan,nan,nan,nan,nan,nan,nan,nan,nan,nan,nan,nan
33,4423,0.9533127777777778,-21.16356459188461,0.24888888888888888,0,195,0.28205128205128205,0.06153846153846154,0.27692307692307694,0.11794871794871795,0.0,0.6205128205128205,0.17435897435897435,0.20512820512820512,57.0,0.40512820512820513,0.030555555555555555,120.41490087509119,0.002030018234188571,0.4567541026924285,0.8338397731583193,0.0,0.5098039215686274,0.1288888888888889,0.23555555555555555,0.24888888888888888,0.017485503666102888,0.005659541254863143,0.08106914684176444,0.145875,nan,nan,nan,nan,nan,nan,nan,nan,nan,nan,nan,nan,nan,nan,nan,nan,nan,nan,nan,nan,nan,nan,nan,nan,nan,nan,nan,nan,nan,nan,nan,nan,nan,nan,nan,nan,nan,nan,nan,nan,nan,nan,nan,nan,nan,nan,nan,nan,nan,nan,nan,nan,nan
34,4632,0.9511066666666667,-1.6257364950180049,0.5244444444444445,0,209,0.5598086124401914,0.028708133971291867,0.11004784688995216,0.04784688995215311,0.0,0.6985645933014354,0.1339712918660287,0.1674641148325359,10.0,0.05263157894736842,0.06041152263374488,140.0165380477904,0.0037138470015771552,0.8356155753548599,0.94771242413816,0.0,0.7924528301886793,0.14222222222222222,0.23555555555555555,0.38222222222222224,0.014139307849109172,0.003973675961606205,0.06974704451858997,0.14575,nan,nan,nan,nan,nan,nan,nan,nan,nan,nan,nan,nan,nan,nan,nan,nan,nan,nan,nan,nan,nan,nan,nan,nan,nan,nan,nan,nan,nan,nan,nan,nan,nan,nan,nan,nan,nan,nan,nan,nan,nan,nan,nan,nan,nan,nan,nan,nan,nan,nan,nan,nan,nan
35,4770,0.94965,-0.1414780685901631,0.40444444444444444,0,138,0.6521739130434783,0.050724637681159424,0.014492753623188406,0.036231884057971016,0.0,0.717391304347826,0.15942028985507245,0.12318840579710146,4.0,0.0,0.07076923076923076,100.3664577960967,0.0039853952085529935,0.8967139219244235,0.9860066239184953,0.0,0.9117647058823529,0.13777777777777778,0.29777777777777775,nan,0.011408938048407435,0.0037922026356682183,0.05230376310646534,0.145625,nan,nan,nan,nan,nan,nan,nan,nan,nan,nan,nan,nan,nan,nan,nan,nan,nan,nan,nan,nan,nan,nan,nan,nan,nan,nan,nan,nan,nan,nan,nan,nan,nan,nan,nan,nan,nan,nan,nan,nan,nan,nan,nan,nan,nan,nan,nan,nan,nan,nan,nan,nan,nan
36,4953,0.9477183333333333,-8.345318475246435,0.36,0,183,0.4371584699453552,0.04918032786885246,0.2185792349726776,0.0546448087431694,0.0,0.7049180327868853,0.14754098360655737,0.14754098360655737,32.0,0.26229508196721313,0.04680555555555556,120.06969976425134,0.0029612429801495685,0.6662796705336529,0.8837434992280406,0.0,0.6511627906976745,0.17777777777777778,0.2311111111111111,0.28444444444444444,0.011274232808500529,0.004195114178583026,0.04865373484790325,0.1455,nan,nan,nan,nan,nan,nan,nan,nan,nan,nan,nan,nan,nan,nan,nan,nan,nan,nan,nan,nan,nan,nan,nan,nan,nan,nan,nan,nan,nan,nan,nan,nan,nan,nan,nan,nan,nan,nan,nan,nan,nan,nan,nan,nan,nan,nan,nan,nan,nan,nan,nan,nan,nan
37,5143,0.9457127777777777,-11.477717896461488,0.30666666666666664,0,190,0.35789473684210527,0.03684210526315789,0.24736842105263157,0.1,0.0,0.6421052631578947,0.16842105263157894,0.18947368421052632,35.0,0.2894736842105263,0.03925925925925926,120.54969425201378,0.0025070343321685665,0.5640827247379274,0.8883538887175982,0.010526315789473684,0.6122448979591837,0.12,0.20444444444444446,0.28888888888888886,0.011602778639644384,0.003766564652323723,0.053903449513018134,0.145375,nan,nan,nan,nan,nan,nan,nan,nan,nan,nan,nan,nan,nan,nan,nan,nan,nan,nan,nan,nan,nan,nan,nan,nan,nan,nan,nan,nan,nan,nan,nan,nan,nan,nan,nan,nan,nan,nan,nan,nan,nan,nan,nan,nan,nan,nan,nan,nan,nan,nan,nan,nan,nan
38,5320,0.9438444444444445,-10.129719922065716,0.29777777777777775,0,177,0.3728813559322034,0.05649717514124294,0.24293785310734464,0.062146892655367235,0.0,0.672316384180791,0.15254237288135594,0.1751412429378531,64.0,0.3333333333333333,0.049444444444444444,120.69257068634012,0.0024304174786007153,0.5468439326851608,0.8746894894973214,0.0,0.574468085106383,0.09777777777777778,0.10222222222222223,0.21333333333333335,0.010071352263912559,0.004056623624637723,0.04140949286520481,0.14525,nan,nan,nan,nan,nan,nan,nan,nan,nan,nan,nan,nan,nan,nan,nan,nan,nan,nan,nan,nan,nan,nan,nan,nan,nan,nan,nan,nan,nan,nan,nan,nan,nan,nan,nan,nan,nan,nan,nan,nan,nan,nan,nan,nan,nan,nan,nan,nan,nan,nan,nan,nan,nan
39,5461,0.9423561111111112,-4.955926141738896,0.28,0,141,0.4397163120567376,0.0425531914893617,0.14893617021276595,0.07801418439716312,0.0,0.6312056737588653,0.2198581560283688,0.14893617021276595,21.0,0.1773049645390071,0.0500925925925926,100.09453468322735,0.0027529530601007922,0.6194144385226781,0.973232399647126,0.0,0.6097560975609756,0.09333333333333334,0.2,nan,0.011564810201525689,0.0037841186160221694,0.05361372381448746,0.145125,nan,nan,nan,nan,nan,nan,nan,nan,nan,nan,nan,nan,nan,nan,nan,nan,nan,nan,nan,nan,nan,nan,nan,nan,nan,nan,nan,nan,nan,nan,nan,nan,nan,nan,nan,nan,nan,nan,nan,nan,nan,nan,nan,nan,nan,nan,nan,nan,nan,nan,nan,nan,nan
40,5588,0.9410155555555556,-1.8683540897369373,0.3244444444444444,0,127,0.5669291338582677,0.06299212598425197,0.047244094488188976,0.047244094488188976,0.007874015748031496,0.6771653543307087,0.14960629921259844,0.1732283464566929,9.0,0.047244094488188976,0.07037037037037037,90.67956275939926,0.0035289098255696085,0.7940047107531619,0.9765049424901757,0.0,0.7714285714285715,0.16,0.27111111111111114,nan,0.011030864343047142,0.005197965633124113,0.04022689014673233,0.145,-3.9716605491638193,0.25222222222222224,0.0,163.75,0.0,1.0,0.33847980968147706,0.24070177481924232,0.0074996093333130065,0.12390755826553712,0.0018656716417910447,0.5866811938340324,0.17325951743244106,0.2400592887335265,40.75,0.35559218736463316,0.03416861188920012,107.62295761108373,0.002299344632112529,0.5173525422253189,0.14825850476760158,0.0,0.36369964652527675,0.14555555555555555,0.21111111111111114,0.2725925925925926,-4.5754276318550104,0.2733333333333333,0.0,181.75,0.0,1.0,0.3362462813429664,0.22993355454575173,0.014232546830560005,0.12090079358592958,0.0,0.5804123827192782,0.1827786336591585,0.23680898362156333,47.0,0.3262411528654091,0.03531467557783347,120.24931077957129,0.0022293401615014834,0.5016015363378337,0.1408703697561836,0.0,0.36090437150628674,0.1422222222222222,0.23333333333333334,0.2711111111111111,0.5051481481481481
