episode,global_step,epsilon,reward,coverage,final_health,length,new_tile_rate,revisit_rate,wall_hit_rate,turn_streak_rate,hazard_contact_rate,action_forward_rate,action_left_rate,action_right_rate,max_no_new_tile_streak,stagnation_step_rate,coverage_gain_25,energy_spent,coverage_gain_per_energy,new_tiles_per_energy,obs_novelty_mean,turn_oscillation_rate,forward_after_turn_success_rate,coverage_at_step_50,coverage_at_step_100,coverage_at_step_150,mean_loss,mean_q_loss,mean_aux_loss,mean_imitation_loss,aux_weight,eval_reward_mean,eval_coverage_mean,eval_final_health_mean,eval_length_mean,eval_survival_rate,eval_death_rate,eval_new_tile_rate_mean,eval_revisit_rate_mean,eval_wall_hit_rate_mean,eval_turn_streak_rate_mean,eval_hazard_contact_rate_mean,eval_action_forward_rate_mean,eval_action_left_rate_mean,eval_action_right_rate_mean,eval_max_no_new_tile_streak_mean,eval_stagnation_step_rate_mean,eval_coverage_gain_25_mean,eval_energy_spent_mean,eval_coverage_gain_per_energy_mean,eval_new_tiles_per_energy_mean,eval_obs_novelty_mean_mean,eval_turn_oscillation_rate_mean,eval_forward_after_turn_success_rate_mean,eval_coverage_at_step_50_mean,eval_coverage_at_step_100_mean,eval_coverage_at_step_150_mean,holdout_eval_reward_mean,holdout_eval_coverage_mean,holdout_eval_final_health_mean,holdout_eval_length_mean,holdout_eval_survival_rate,holdout_eval_death_rate,holdout_eval_new_tile_rate_mean,holdout_eval_revisit_rate_mean,holdout_eval_wall_hit_rate_mean,holdout_eval_turn_streak_rate_mean,holdout_eval_hazard_contact_rate_mean,holdout_eval_action_forward_rate_mean,holdout_eval_action_left_rate_mean,holdout_eval_action_right_rate_mean,holdout_eval_max_no_new_tile_streak_mean,holdout_eval_stagnation_step_rate_mean,holdout_eval_coverage_gain_25_mean,holdout_eval_energy_spent_mean,holdout_eval_coverage_gain_per_energy_mean,holdout_eval_new_tiles_per_energy_mean,holdout_eval_obs_novelty_mean_mean,holdout_eval_turn_oscillation_rate_mean,holdout_eval_forward_after_turn_success_rate_mean,holdout_eval_coverage_at_step_50_mean,holdout_eval_coverage_at_step_100_mean,holdout_eval_coverage_at_step_150_mean,eval_soft_score
1,174,0.9981633333333333,-10.147425324439997,0.3422222222222222,0,174,0.4367816091954023,0.06321839080459771,0.20114942528735633,0.05747126436781609,0.0,0.7011494252873564,0.15517241379310345,0.14367816091954022,46.0,0.25862068965517243,0.04862433862433862,120.98500308990455,0.0027918979142131646,0.628177030697962,0.8820295550963171,0.0,0.6190476190476191,0.13333333333333333,0.26222222222222225,0.28,0.0,0.0,0.0,0.0,0.149875,-471.7,0.0044444444444444444,3.0,250.0,1.0,0.0,0.0,0.0,0.0,0.9960000000000001,0.0,0.0,0.0,1.0,250.0,0.9800000000000001,0.0,74.99999999999964,0.0,0.0,0.0,0.0,0.0,0.0044444444444444444,0.0044444444444444444,0.0044444444444444444,-443.98332876539223,0.0044444444444444444,2.7,240.7,0.9,0.1,0.0,0.0,0.0,0.9957630573248408,0.0,0.0,0.0,1.0,240.7,0.9788152866242038,0.0,77.53932157516451,0.0,0.0,0.0,0.0,0.0,0.0044444444444444444,0.0044444444444444444,0.0044444444444444444,0.009333333333333334
2,323,0.9965905555555555,-6.288579624176029,0.26666666666666666,0,149,0.3959731543624161,0.053691275167785234,0.2214765100671141,0.053691275167785234,0.0,0.6711409395973155,0.15436241610738255,0.174496644295302,56.0,0.3691275167785235,0.0442283950617284,100.7102821350096,0.002603728404520741,0.5858388910171667,0.9144276632411367,0.0,0.5853658536585366,0.1111111111111111,0.1111111111111111,nan,0.0,0.0,0.0,0.0,0.14975,nan,nan,nan,nan,nan,nan,nan,nan,nan,nan,nan,nan,nan,nan,nan,nan,nan,nan,nan,nan,nan,nan,nan,nan,nan,nan,nan,nan,nan,nan,nan,nan,nan,nan,nan,nan,nan,nan,nan,nan,nan,nan,nan,nan,nan,nan,nan,nan,nan,nan,nan,nan,nan
3,452,0.9952288888888889,-7.844415769577028,0.21777777777777776,0,129,0.37209302325581395,0.023255813953488372,0.26356589147286824,0.06976744186046512,0.007751937984496124,0.6589147286821705,0.17054263565891473,0.17054263565891473,22.0,0.2558139534883721,0.035555555555555556,90.28967399597144,0.0023627655732022233,0.5316222539705002,0.9038885535481628,0.007751937984496124,0.6571428571428571,0.14666666666666667,0.21333333333333335,nan,0.0,0.0,0.0,0.0,0.149625,nan,nan,nan,nan,nan,nan,nan,nan,nan,nan,nan,nan,nan,nan,nan,nan,nan,nan,nan,nan,nan,nan,nan,nan,nan,nan,nan,nan,nan,nan,nan,nan,nan,nan,nan,nan,nan,nan,nan,nan,nan,nan,nan,nan,nan,nan,nan,nan,nan,nan,nan,nan,nan
4,548,0.9942155555555555,-3.447267048597336,0.22666666666666666,0,96,0.5208333333333334,0.020833333333333332,0.14583333333333334,0.08333333333333333,0.010416666666666666,0.6875,0.14583333333333334,0.16666666666666666,9.0,0.07291666666666667,0.05703703703703703,70.77397189140315,0.0031398862644476696,0.7064744095007257,0.9254805030690695,0.0,0.7727272727272727,0.12,nan,nan,0.0,0.0,0.0,0.0,0.1495,nan,nan,nan,nan,nan,nan,nan,nan,nan,nan,nan,nan,nan,nan,nan,nan,nan,nan,nan,nan,nan,nan,nan,nan,nan,nan,nan,nan,nan,nan,nan,nan,nan,nan,nan,nan,nan,nan,nan,nan,nan,nan,nan,nan,nan,nan,nan,nan,nan,nan,nan,nan,nan
5,707,0.9925372222222222,-8.971600780963898,0.2222222222222222,0,159,0.3081761006289308,0.05660377358490566,0.2893081761006289,0.06918238993710692,0.0,0.6540880503144654,0.16981132075471697,0.1761006289308176,52.0,0.4025157232704403,0.03111111111111111,100.21524553298923,0.0021731002765052235,0.48894756221367536,0.8653902900134153,0.0,0.4318181818181818,0.13777777777777778,0.15555555555555556,0.2222222222222222,0.0,0.0,0.0,0.0,0.149375,nan,nan,nan,nan,nan,nan,nan,nan,nan,nan,nan,nan,nan,nan,nan,nan,nan,nan,nan,nan,nan,nan,nan,nan,nan,nan,nan,nan,nan,nan,nan,nan,nan,nan,nan,nan,nan,nan,nan,nan,nan,nan,nan,nan,nan,nan,nan,nan,nan,nan,nan,nan,nan
6,870,0.9908166666666667,-1.739165913105011,0.4088888888888889,0,163,0.558282208588957,0.04294478527607362,0.07975460122699386,0.03680981595092025,0.006134969325153374,0.6809815950920245,0.147239263803681,0.17177914110429449,19.0,0.08588957055214724,0.05777777777777778,110.10634202957124,0.003673216610318622,0.8264737373216898,0.9648918219395827,0.0,0.8478260869565217,0.1511111111111111,0.3022222222222222,0.4088888888888889,0.0,0.0,0.0,0.0,0.14925,nan,nan,nan,nan,nan,nan,nan,nan,nan,nan,nan,nan,nan,nan,nan,nan,nan,nan,nan,nan,nan,nan,nan,nan,nan,nan,nan,nan,nan,nan,nan,nan,nan,nan,nan,nan,nan,nan,nan,nan,nan,nan,nan,nan,nan,nan,nan,nan,nan,nan,nan,nan,nan
7,1016,0.9892755555555556,-7.188512878894807,0.24444444444444444,0,146,0.3698630136986301,0.07534246575342465,0.17123287671232876,0.1095890410958904,0.00684931506849315,0.6164383561643836,0.18493150684931506,0.19863013698630136,42.0,0.2945205479452055,0.04112874779541446,90.0715512275694,0.002664548314413175,0.5995233707429644,0.921237881514942,0.00684931506849315,0.6,0.1511111111111111,0.2088888888888889,nan,0.0,0.0,0.0,0.0,0.149125,nan,nan,nan,nan,nan,nan,nan,nan,nan,nan,nan,nan,nan,nan,nan,nan,nan,nan,nan,nan,nan,nan,nan,nan,nan,nan,nan,nan,nan,nan,nan,nan,nan,nan,nan,nan,nan,nan,nan,nan,nan,nan,nan,nan,nan,nan,nan,nan,nan,nan,nan,nan,nan
8,1125,0.988125,-6.374858927011492,0.2222222222222222,-2,109,0.44954128440366975,0.01834862385321101,0.21100917431192662,0.06422018348623854,0.01834862385321101,0.6788990825688074,0.1743119266055046,0.14678899082568808,23.0,0.25688073394495414,0.05619753086419752,72.86532311439503,0.0029887711804403474,0.6724735155990782,0.930972821916525,0.0,0.5357142857142857,0.09777777777777778,0.18666666666666668,nan,0.0,0.0,0.0,0.0,0.149,nan,nan,nan,nan,nan,nan,nan,nan,nan,nan,nan,nan,nan,nan,nan,nan,nan,nan,nan,nan,nan,nan,nan,nan,nan,nan,nan,nan,nan,nan,nan,nan,nan,nan,nan,nan,nan,nan,nan,nan,nan,nan,nan,nan,nan,nan,nan,nan,nan,nan,nan,nan,nan
9,1229,0.9870272222222223,-0.918661178350449,0.28,0,104,0.5961538461538461,0.04807692307692308,0.009615384615384616,0.057692307692307696,0.009615384615384616,0.6538461538461539,0.20192307692307693,0.14423076923076922,6.0,0.009615384615384616,0.06444444444444446,70.13963027000412,0.0039286713444995095,0.8839510525123896,0.9971837190498707,0.0,0.8275862068965517,0.15555555555555556,0.27111111111111114,nan,0.0,0.0,0.0,0.0,0.148875,nan,nan,nan,nan,nan,nan,nan,nan,nan,nan,nan,nan,nan,nan,nan,nan,nan,nan,nan,nan,nan,nan,nan,nan,nan,nan,nan,nan,nan,nan,nan,nan,nan,nan,nan,nan,nan,nan,nan,nan,nan,nan,nan,nan,nan,nan,nan,nan,nan,nan,nan,nan,nan
10,1352,0.9857288888888889,-4.744395280599595,0.24,-1,123,0.43089430894308944,0.056910569105691054,0.1951219512195122,0.04878048780487805,0.008130081300813009,0.6829268292682927,0.13821138211382114,0.17886178861788618,14.0,0.16260162601626016,0.04765217391304348,87.67995505332938,0.0026865382790431875,0.6044711127847172,0.9679713653033746,0.0,0.7575757575757576,0.1288888888888889,0.2088888888888889,nan,0.0,0.0,0.0,0.0,0.14875,nan,nan,nan,nan,nan,nan,nan,nan,nan,nan,nan,nan,nan,nan,nan,nan,nan,nan,nan,nan,nan,nan,nan,nan,nan,nan,nan,nan,nan,nan,nan,nan,nan,nan,nan,nan,nan,nan,nan,nan,nan,nan,nan,nan,nan,nan,nan,nan,nan,nan,nan,nan,nan
11,1475,0.9844305555555556,-3.264353859901429,0.31555555555555553,0,123,0.5691056910569106,0.008130081300813009,0.11382113821138211,0.04065040650406504,0.008130081300813009,0.6910569105691057,0.13008130081300814,0.17886178861788618,10.0,0.07317073170731707,0.06268599033816424,92.20337009429919,0.0033741837287826716,0.7591913389761011,0.9651124637161979,0.0,0.8181818181818182,0.13777777777777778,0.28888888888888886,nan,0.0,0.0,0.0,0.0,0.148625,nan,nan,nan,nan,nan,nan,nan,nan,nan,nan,nan,nan,nan,nan,nan,nan,nan,nan,nan,nan,nan,nan,nan,nan,nan,nan,nan,nan,nan,nan,nan,nan,nan,nan,nan,nan,nan,nan,nan,nan,nan,nan,nan,nan,nan,nan,nan,nan,nan,nan,nan,nan,nan
12,1602,0.98309,-13.542727298021315,0.15555555555555556,0,127,0.2677165354330709,0.015748031496062992,0.3464566929133858,0.11811023622047244,0.0,0.6299212598425197,0.2047244094488189,0.16535433070866143,39.0,0.4409448818897638,0.025185185185185185,100.34025998115514,0.0015059868405711847,0.33884703912851655,0.8095650315240105,0.0,0.40625,0.1288888888888889,0.15555555555555556,nan,0.0,0.0,0.0,0.0,0.1485,nan,nan,nan,nan,nan,nan,nan,nan,nan,nan,nan,nan,nan,nan,nan,nan,nan,nan,nan,nan,nan,nan,nan,nan,nan,nan,nan,nan,nan,nan,nan,nan,nan,nan,nan,nan,nan,nan,nan,nan,nan,nan,nan,nan,nan,nan,nan,nan,nan,nan,nan,nan,nan
13,1763,0.9813905555555555,-14.03681852006912,0.24444444444444444,0,161,0.33540372670807456,0.043478260869565216,0.2919254658385093,0.09937888198757763,0.0,0.6708074534161491,0.14285714285714285,0.18633540372670807,42.0,0.2981366459627329,0.03428571428571429,110.00779542922947,0.0021816635726910594,0.4908743038554884,0.8468588740473264,0.006211180124223602,0.6216216216216216,0.1288888888888889,0.23555555555555555,0.24444444444444444,0.0,0.0,0.0,0.0,0.148375,nan,nan,nan,nan,nan,nan,nan,nan,nan,nan,nan,nan,nan,nan,nan,nan,nan,nan,nan,nan,nan,nan,nan,nan,nan,nan,nan,nan,nan,nan,nan,nan,nan,nan,nan,nan,nan,nan,nan,nan,nan,nan,nan,nan,nan,nan,nan,nan,nan,nan,nan,nan,nan
14,1878,0.9801766666666667,-4.959941800355912,0.23555555555555555,0,115,0.45217391304347826,0.017391304347826087,0.17391304347826086,0.05217391304347826,0.017391304347826087,0.6434782608695652,0.1391304347826087,0.21739130434782608,20.0,0.2,0.047407407407407405,80.7137314319609,0.0028633431636837458,0.6442522118288428,0.9627373766000139,0.0,0.6857142857142857,0.16,0.22666666666666666,nan,0.0,0.0,0.0,0.0,0.14825,nan,nan,nan,nan,nan,nan,nan,nan,nan,nan,nan,nan,nan,nan,nan,nan,nan,nan,nan,nan,nan,nan,nan,nan,nan,nan,nan,nan,nan,nan,nan,nan,nan,nan,nan,nan,nan,nan,nan,nan,nan,nan,nan,nan,nan,nan,nan,nan,nan,nan,nan,nan,nan
15,2022,0.9786566666666666,-1.3058139147758487,0.37333333333333335,0,144,0.5763888888888888,0.041666666666666664,0.0625,0.04861111111111111,0.0,0.6805555555555556,0.1527777777777778,0.16666666666666666,13.0,0.05555555555555555,0.06382066276803118,100.25537061691263,0.003679492546074724,0.8278858228668128,0.9570670438083211,0.006944444444444444,0.8157894736842105,0.1511111111111111,0.28,nan,0.0,0.0,0.0,0.0,0.148125,nan,nan,nan,nan,nan,nan,nan,nan,nan,nan,nan,nan,nan,nan,nan,nan,nan,nan,nan,nan,nan,nan,nan,nan,nan,nan,nan,nan,nan,nan,nan,nan,nan,nan,nan,nan,nan,nan,nan,nan,nan,nan,nan,nan,nan,nan,nan,nan,nan,nan,nan,nan,nan
16,2158,0.9772211111111111,-10.46926267433166,0.19555555555555557,0,136,0.3161764705882353,0.029411764705882353,0.27205882352941174,0.1323529411764706,0.0,0.6176470588235294,0.16911764705882354,0.21323529411764705,42.0,0.3235294117647059,0.03656565656565657,100.50726356506352,0.0019014656685722527,0.42782977542875683,0.8838396013467827,0.007352941176470588,0.5294117647058824,0.08444444444444445,0.1288888888888889,nan,0.0,0.0,0.0,0.0,0.148,nan,nan,nan,nan,nan,nan,nan,nan,nan,nan,nan,nan,nan,nan,nan,nan,nan,nan,nan,nan,nan,nan,nan,nan,nan,nan,nan,nan,nan,nan,nan,nan,nan,nan,nan,nan,nan,nan,nan,nan,nan,nan,nan,nan,nan,nan,nan,nan,nan,nan,nan,nan,nan
17,2246,0.9762922222222222,-2.9836422533988953,0.2311111111111111,-1,88,0.5795454545454546,0.011363636363636364,0.10227272727272728,0.022727272727272728,0.022727272727272728,0.6931818181818182,0.13636363636363635,0.17045454545454544,12.0,0.07954545454545454,0.06692307692307692,65.6251643180847,0.0034539596056173657,0.7771409112639074,0.9657173598082435,0.0,0.8,0.11555555555555555,nan,nan,0.0,0.0,0.0,0.0,0.147875,nan,nan,nan,nan,nan,nan,nan,nan,nan,nan,nan,nan,nan,nan,nan,nan,nan,nan,nan,nan,nan,nan,nan,nan,nan,nan,nan,nan,nan,nan,nan,nan,nan,nan,nan,nan,nan,nan,nan,nan,nan,nan,nan,nan,nan,nan,nan,nan,nan,nan,nan,nan,nan
18,2352,0.9751733333333333,-2.9488147444725064,0.28,0,106,0.5849056603773585,0.009433962264150943,0.12264150943396226,0.03773584905660377,0.009433962264150943,0.7169811320754716,0.1320754716981132,0.1509433962264151,10.0,0.07547169811320754,0.06918518518518521,80.88394994735705,0.0034068014202434434,0.7665303195547747,0.9663239741379753,0.0,0.8461538461538461,0.11555555555555555,0.2577777777777778,nan,0.0,0.0,0.0,0.0,0.14775,nan,nan,nan,nan,nan,nan,nan,nan,nan,nan,nan,nan,nan,nan,nan,nan,nan,nan,nan,nan,nan,nan,nan,nan,nan,nan,nan,nan,nan,nan,nan,nan,nan,nan,nan,nan,nan,nan,nan,nan,nan,nan,nan,nan,nan,nan,nan,nan,nan,nan,nan,nan,nan
19,2446,0.9741811111111112,-2.458068078756333,0.25333333333333335,0,94,0.5957446808510638,0.010638297872340425,0.11702127659574468,0.031914893617021274,0.010638297872340425,0.723404255319149,0.13829787234042554,0.13829787234042554,9.0,0.07446808510638298,0.06678362573099417,70.37207694053642,0.003536756334464835,0.7957701752545878,0.9651407923131793,0.0,0.8695652173913043,0.12444444444444444,nan,nan,0.0,0.0,0.0,0.0,0.147625,nan,nan,nan,nan,nan,nan,nan,nan,nan,nan,nan,nan,nan,nan,nan,nan,nan,nan,nan,nan,nan,nan,nan,nan,nan,nan,nan,nan,nan,nan,nan,nan,nan,nan,nan,nan,nan,nan,nan,nan,nan,nan,nan,nan,nan,nan,nan,nan,nan,nan,nan,nan,nan
20,2581,0.9727561111111112,-3.973349961042404,0.3111111111111111,-2,135,0.5111111111111111,0.022222222222222223,0.16296296296296298,0.037037037037037035,0.007407407407407408,0.6962962962962963,0.14074074074074075,0.16296296296296298,13.0,0.1037037037037037,0.052222222222222225,96.17476153373704,0.003188639740573637,0.7174439416290683,0.9261924635351847,0.0,0.7222222222222222,0.1511111111111111,0.28,nan,0.03282015100121498,0.00854081786237657,0.16460565477609634,0.0,0.1475,-65.81592469451428,0.035555555555555556,0.0,108.4,0.0,1.0,0.07063109452736319,0.0,0.9293689054726368,0.0,0.0032782515991471215,1.0,0.0,0.0,101.4,0.8789181236673775,0.006585185185185184,95.77642566204055,0.0003293825679460758,0.07411107778786705,0.0,0.0,0.0,0.035555555555555556,0.035555555555555556,nan,-59.75608350169658,0.035555555555555556,0.0,103.3,0.0,1.0,0.07287276477297491,0.0,0.927127235227025,0.0,0.00418579179296467,1.0,0.0,0.0,96.3,0.8750752603891858,0.006844444444444445,91.68841430187219,0.00034825944822670354,0.07835837585100829,0.0,0.0,0.0,0.035555555555555556,0.035555555555555556,nan,0.05511111111111111
21,2697,0.9715316666666667,-24.26417547035217,0.08888888888888889,0,116,0.16379310344827586,0.02586206896551724,0.5344827586206896,0.08620689655172414,0.0,0.7241379310344828,0.13793103448275862,0.13793103448275862,65.0,0.6379310344827587,0.01688888888888889,100.22071876525861,0.0008425847018941657,0.18958155792618728,0.7054385718022356,0.0,0.2727272727272727,0.08444444444444445,0.08888888888888889,nan,0.029210143163800238,0.009143033344298602,0.136163592338562,0.0,0.147375,nan,nan,nan,nan,nan,nan,nan,nan,nan,nan,nan,nan,nan,nan,nan,nan,nan,nan,nan,nan,nan,nan,nan,nan,nan,nan,nan,nan,nan,nan,nan,nan,nan,nan,nan,nan,nan,nan,nan,nan,nan,nan,nan,nan,nan,nan,nan,nan,nan,nan,nan,nan,nan
22,2819,0.9702438888888889,-8.416480472564698,0.21777777777777776,0,122,0.39344262295081966,0.00819672131147541,0.2540983606557377,0.05737704918032787,0.00819672131147541,0.6557377049180327,0.1721311475409836,0.1721311475409836,30.0,0.23770491803278687,0.044242424242424236,80.85219497680644,0.0026385595764534396,0.5936759047020239,0.867308238298299,0.0,0.7142857142857143,0.11555555555555555,0.16,nan,0.03158536683768034,0.008521389868110418,0.15663142502307892,0.0,0.14725,nan,nan,nan,nan,nan,nan,nan,nan,nan,nan,nan,nan,nan,nan,nan,nan,nan,nan,nan,nan,nan,nan,nan,nan,nan,nan,nan,nan,nan,nan,nan,nan,nan,nan,nan,nan,nan,nan,nan,nan,nan,nan,nan,nan,nan,nan,nan,nan,nan,nan,nan,nan,nan
23,2941,0.9689561111111111,-3.8691046211719518,0.28444444444444444,0,122,0.5163934426229508,0.03278688524590164,0.18032786885245902,0.03278688524590164,0.00819672131147541,0.7295081967213115,0.13934426229508196,0.13114754098360656,10.0,0.09016393442622951,0.057090909090909095,90.11528210639943,0.0031071311486258572,0.6991045084408178,0.9579435957843285,0.0,0.8214285714285714,0.13333333333333333,0.24444444444444444,nan,0.030271545238792896,0.0078173884190619,0.1526195839047432,0.0,0.147125,nan,nan,nan,nan,nan,nan,nan,nan,nan,nan,nan,nan,nan,nan,nan,nan,nan,nan,nan,nan,nan,nan,nan,nan,nan,nan,nan,nan,nan,nan,nan,nan,nan,nan,nan,nan,nan,nan,nan,nan,nan,nan,nan,nan,nan,nan,nan,nan,nan,nan,nan,nan,nan
24,3064,0.9676577777777777,-4.204150198459626,0.28,0,123,0.5040650406504065,0.06504065040650407,0.12195121951219512,0.024390243902439025,0.008130081300813009,0.6910569105691057,0.16260162601626016,0.14634146341463414,20.0,0.12195121951219512,0.05549758454106281,87.43952569961532,0.0031513843808140406,0.709061485683159,0.9420680410603349,0.0,0.6571428571428571,0.17333333333333334,0.2577777777777778,nan,0.02778436690568924,0.0069022724404931065,0.14205506294965745,0.0,0.147,nan,nan,nan,nan,nan,nan,nan,nan,nan,nan,nan,nan,nan,nan,nan,nan,nan,nan,nan,nan,nan,nan,nan,nan,nan,nan,nan,nan,nan,nan,nan,nan,nan,nan,nan,nan,nan,nan,nan,nan,nan,nan,nan,nan,nan,nan,nan,nan,nan,nan,nan,nan,nan
25,3271,0.9654727777777777,-14.23818180131911,0.28,0,207,0.2995169082125604,0.04830917874396135,0.30434782608695654,0.06280193236714976,0.0,0.6521739130434783,0.178743961352657,0.16908212560386474,39.0,0.3961352657004831,0.03442680776014111,130.43982667922936,0.0021125108992454205,0.47531495233021953,0.8604227887465216,0.004830917874396135,0.4406779661016949,0.13333333333333333,0.20444444444444446,0.21333333333333335,0.024619615450501443,0.006263024918735027,0.12498104721307754,0.0,0.146875,nan,nan,nan,nan,nan,nan,nan,nan,nan,nan,nan,nan,nan,nan,nan,nan,nan,nan,nan,nan,nan,nan,nan,nan,nan,nan,nan,nan,nan,nan,nan,nan,nan,nan,nan,nan,nan,nan,nan,nan,nan,nan,nan,nan,nan,nan,nan,nan,nan,nan,nan,nan,nan
26,3437,0.9637205555555556,-3.8299256758689904,0.36444444444444446,0,166,0.4879518072289157,0.06626506024096386,0.10843373493975904,0.05421686746987952,0.0,0.6626506024096386,0.15060240963855423,0.18674698795180722,10.0,0.06626506024096386,0.05535714285714286,120.13262548446644,0.0029966880233259306,0.6742548052483343,0.9701422023821717,0.0,0.6739130434782609,0.13777777777777778,0.25333333333333335,0.31555555555555553,0.02412021569907665,0.0068143052514642475,0.11792783737182617,0.0,0.14675,nan,nan,nan,nan,nan,nan,nan,nan,nan,nan,nan,nan,nan,nan,nan,nan,nan,nan,nan,nan,nan,nan,nan,nan,nan,nan,nan,nan,nan,nan,nan,nan,nan,nan,nan,nan,nan,nan,nan,nan,nan,nan,nan,nan,nan,nan,nan,nan,nan,nan,nan,nan,nan
27,3575,0.9622638888888889,-22.105786348819723,0.2088888888888889,0,138,0.3333333333333333,0.043478260869565216,0.32608695652173914,0.09420289855072464,0.0,0.7028985507246377,0.13768115942028986,0.15942028985507245,60.0,0.463768115942029,0.04022792022792023,100.02653665542586,0.002043902061197223,0.45987796376937506,0.7352378278263763,0.0,0.4642857142857143,0.1511111111111111,0.16444444444444445,nan,0.01978038577362895,0.005934050865471363,0.09443366006016732,0.0,0.146625,nan,nan,nan,nan,nan,nan,nan,nan,nan,nan,nan,nan,nan,nan,nan,nan,nan,nan,nan,nan,nan,nan,nan,nan,nan,nan,nan,nan,nan,nan,nan,nan,nan,nan,nan,nan,nan,nan,nan,nan,nan,nan,nan,nan,nan,nan,nan,nan,nan,nan,nan,nan,nan
28,3766,0.9602477777777778,-25.916698369979862,0.28,0,191,0.32460732984293195,0.015706806282722512,0.2670157068062827,0.08376963350785341,0.0,0.6073298429319371,0.19895287958115182,0.193717277486911,62.0,0.4083769633507853,0.03475694444444445,120.14950828552212,0.0022934388953197216,0.5160237514469374,0.8265014450234262,0.0,0.46551724137931033,0.1111111111111111,0.21333333333333335,0.27555555555555555,0.017975367605686188,0.006261993432417512,0.07995476834475994,0.0,0.1465,nan,nan,nan,nan,nan,nan,nan,nan,nan,nan,nan,nan,nan,nan,nan,nan,nan,nan,nan,nan,nan,nan,nan,nan,nan,nan,nan,nan,nan,nan,nan,nan,nan,nan,nan,nan,nan,nan,nan,nan,nan,nan,nan,nan,nan,nan,nan,nan,nan,nan,nan,nan,nan
29,3858,0.9592766666666667,-14.015778235912322,0.13777777777777778,0,92,0.32608695652173914,0.010869565217391304,0.4673913043478261,0.021739130434782608,0.010869565217391304,0.8043478260869565,0.08695652173913043,0.10869565217391304,36.0,0.3695652173913043,0.03333333333333333,90.13122129440318,0.001479324604931464,0.3328480361095794,0.7546919452341817,0.0,0.75,0.12444444444444444,nan,nan,0.0171796134673059,0.005912421597167849,0.07697483673691749,0.0,0.146375,nan,nan,nan,nan,nan,nan,nan,nan,nan,nan,nan,nan,nan,nan,nan,nan,nan,nan,nan,nan,nan,nan,nan,nan,nan,nan,nan,nan,nan,nan,nan,nan,nan,nan,nan,nan,nan,nan,nan,nan,nan,nan,nan,nan,nan,nan,nan,nan,nan,nan,nan,nan,nan
30,4066,0.9570811111111112,-4.992503099918373,0.4311111111111111,0,208,0.46153846153846156,0.057692307692307696,0.16346153846153846,0.0625,0.0,0.6826923076923077,0.125,0.19230769230769232,18.0,0.125,0.048456790123456786,141.18574380874608,0.0030220237196514725,0.6799553369215813,0.9361165548849968,0.0,0.6415094339622641,0.10222222222222223,0.23555555555555555,0.3022222222222222,0.017078057304024695,0.005322229233570397,0.08038173504173755,0.0,0.14625,nan,nan,nan,nan,nan,nan,nan,nan,nan,nan,nan,nan,nan,nan,nan,nan,nan,nan,nan,nan,nan,nan,nan,nan,nan,nan,nan,nan,nan,nan,nan,nan,nan,nan,nan,nan,nan,nan,nan,nan,nan,nan,nan,nan,nan,nan,nan,nan,nan,nan,nan,nan,nan
31,4184,0.9558355555555555,-4.998924833774566,0.27555555555555555,0,118,0.5169491525423728,0.01694915254237288,0.15254237288135594,0.05084745762711865,0.0,0.6864406779661016,0.1440677966101695,0.1694915254237288,9.0,0.07627118644067797,0.05491358024691358,100.48499841690065,0.0026980257290377062,0.6070557890334839,0.9875892703892606,0.0,0.7741935483870968,0.13333333333333333,0.26666666666666666,nan,0.018849400617182255,0.005902376817539334,0.08860238492488862,0.0,0.146125,nan,nan,nan,nan,nan,nan,nan,nan,nan,nan,nan,nan,nan,nan,nan,nan,nan,nan,nan,nan,nan,nan,nan,nan,nan,nan,nan,nan,nan,nan,nan,nan,nan,nan,nan,nan,nan,nan,nan,nan,nan,nan,nan,nan,nan,nan,nan,nan,nan,nan,nan,nan,nan
32,4345,0.9541361111111111,-27.54698487997053,0.22666666666666666,0,161,0.3105590062111801,0.018633540372670808,0.2670807453416149,0.10559006211180125,0.0,0.5962732919254659,0.18633540372670807,0.21739130434782608,67.0,0.43478260869565216,0.03659451659451659,100.72366552352874,0.002206256305975201,0.4964076688444202,0.7877176467422811,0.0,0.4791666666666667,0.13333333333333333,0.13777777777777778,0.2,0.017566950153559448,0.00534223741851747,0.08373091034591199,0.0,0.146,nan,nan,nan,nan,nan,nan,nan,nan,nan,nan,nan,nan,nan,nan,nan,nan,nan,nan,nan,nan,nan,nan,nan,nan,nan,nan,nan,nan,nan,nan,nan,nan,nan,nan,nan,nan,nan,nan,nan,nan,nan,nan,nan,nan,nan,nan,nan,nan,nan,nan,nan,nan,nan
33,4523,0.9522572222222222,-18.985234475135805,0.31555555555555553,0,178,0.39325842696629215,0.011235955056179775,0.2696629213483146,0.06179775280898876,0.0,0.6741573033707865,0.17415730337078653,0.15168539325842698,52.0,0.30337078651685395,0.03888888888888888,120.259375953674,0.002587000877428106,0.5820751974213239,0.8249900550141116,0.0056179775280898875,0.48936170212765956,0.1288888888888889,0.27555555555555555,0.31555555555555553,0.01706208297982812,0.005513237090781331,0.07916946262121201,0.0,0.145875,nan,nan,nan,nan,nan,nan,nan,nan,nan,nan,nan,nan,nan,nan,nan,nan,nan,nan,nan,nan,nan,nan,nan,nan,nan,nan,nan,nan,nan,nan,nan,nan,nan,nan,nan,nan,nan,nan,nan,nan,nan,nan,nan,nan,nan,nan,nan,nan,nan,nan,nan,nan,nan
34,4643,0.9509905555555556,-3.3998267502784754,0.26222222222222225,0,120,0.48333333333333334,0.041666666666666664,0.15833333333333333,0.05,0.008333333333333333,0.6833333333333333,0.175,0.14166666666666666,18.0,0.11666666666666667,0.054000000000000006,80.76025476455672,0.003191889110915842,0.7181750499560643,0.9432631711543754,0.0,0.71875,0.13777777777777778,0.21333333333333335,nan,0.014863455900922418,0.005050568305887282,0.06732684578746558,0.0,0.14575,nan,nan,nan,nan,nan,nan,nan,nan,nan,nan,nan,nan,nan,nan,nan,nan,nan,nan,nan,nan,nan,nan,nan,nan,nan,nan,nan,nan,nan,nan,nan,nan,nan,nan,nan,nan,nan,nan,nan,nan,nan,nan,nan,nan,nan,nan,nan,nan,nan,nan,nan,nan,nan
35,4782,0.9495233333333334,-4.791277153968814,0.28888888888888886,0,139,0.460431654676259,0.02877697841726619,0.20863309352517986,0.02158273381294964,0.0,0.697841726618705,0.15827338129496402,0.14388489208633093,19.0,0.14388489208633093,0.052063492063492055,100.30740146636943,0.002835727376905597,0.6380386598037594,0.9422129598594529,0.0,0.6578947368421053,0.12444444444444444,0.17777777777777778,nan,0.013455719780176878,0.004609537729993463,0.060746317356824876,0.0,0.145625,nan,nan,nan,nan,nan,nan,nan,nan,nan,nan,nan,nan,nan,nan,nan,nan,nan,nan,nan,nan,nan,nan,nan,nan,nan,nan,nan,nan,nan,nan,nan,nan,nan,nan,nan,nan,nan,nan,nan,nan,nan,nan,nan,nan,nan,nan,nan,nan,nan,nan,nan,nan,nan
36,4931,0.9479505555555555,-3.7175512862205515,0.3511111111111111,0,149,0.5234899328859061,0.053691275167785234,0.19463087248322147,0.013422818791946308,0.0,0.7718120805369127,0.1342281879194631,0.09395973154362416,23.0,0.1610738255033557,0.05811728395061729,110.03382177352886,0.0031505464508919316,0.7088729514506845,0.9480214927380853,0.0,0.71875,0.13777777777777778,0.22666666666666666,nan,0.012812480563297868,0.0043528230860829355,0.05814197231084108,0.0,0.1455,nan,nan,nan,nan,nan,nan,nan,nan,nan,nan,nan,nan,nan,nan,nan,nan,nan,nan,nan,nan,nan,nan,nan,nan,nan,nan,nan,nan,nan,nan,nan,nan,nan,nan,nan,nan,nan,nan,nan,nan,nan,nan,nan,nan,nan,nan,nan,nan,nan,nan,nan,nan,nan
37,5153,0.9456072222222223,-11.040364914417271,0.32,0,222,0.31981981981981983,0.04954954954954955,0.2882882882882883,0.08108108108108109,0.0,0.6576576576576577,0.17567567567567569,0.16666666666666666,18.0,0.26126126126126126,0.03519640852974186,140.07966585159284,0.0022526863812615773,0.5068544357838548,0.9344008468973691,0.0,0.5172413793103449,0.12,0.19555555555555557,0.24,0.013058647885918618,0.004340204549953342,0.05997209697961807,0.0,0.145375,nan,nan,nan,nan,nan,nan,nan,nan,nan,nan,nan,nan,nan,nan,nan,nan,nan,nan,nan,nan,nan,nan,nan,nan,nan,nan,nan,nan,nan,nan,nan,nan,nan,nan,nan,nan,nan,nan,nan,nan,nan,nan,nan,nan,nan,nan,nan,nan,nan,nan,nan,nan,nan
38,5347,0.9435594444444444,-16.45856463503838,0.25333333333333335,0,194,0.28865979381443296,0.07216494845360824,0.25257731958762886,0.10824742268041238,0.005154639175257732,0.6134020618556701,0.19072164948453607,0.1958762886597938,78.0,0.4845360824742268,0.031111111111111114,120.51966319084134,0.0020651309694981186,0.46465446813707667,0.8409695038824037,0.005154639175257732,0.4444444444444444,0.16444444444444445,0.24,0.25333333333333335,0.013148211501538753,0.004460228746756912,0.05981399863958359,0.0,0.14525,nan,nan,nan,nan,nan,nan,nan,nan,nan,nan,nan,nan,nan,nan,nan,nan,nan,nan,nan,nan,nan,nan,nan,nan,nan,nan,nan,nan,nan,nan,nan,nan,nan,nan,nan,nan,nan,nan,nan,nan,nan,nan,nan,nan,nan,nan,nan,nan,nan,nan,nan,nan,nan
39,5552,0.9413955555555555,-13.003330450296396,0.39555555555555555,0,205,0.4292682926829268,0.05365853658536585,0.1951219512195122,0.05853658536585366,0.0,0.6780487804878049,0.17073170731707318,0.15121951219512195,62.0,0.28292682926829266,0.049382716049382706,140.46029000282266,0.0027844959675311183,0.6265115926945015,0.8896817311348935,0.0,0.48148148148148145,0.1288888888888889,0.26666666666666666,0.3333333333333333,0.012422222178429365,0.0042896580416709185,0.05603833943605423,0.0,0.145125,nan,nan,nan,nan,nan,nan,nan,nan,nan,nan,nan,nan,nan,nan,nan,nan,nan,nan,nan,nan,nan,nan,nan,nan,nan,nan,nan,nan,nan,nan,nan,nan,nan,nan,nan,nan,nan,nan,nan,nan,nan,nan,nan,nan,nan,nan,nan,nan,nan,nan,nan,nan,nan
40,5702,0.9398122222222223,-2.684380614757538,0.3511111111111111,0,150,0.52,0.02,0.12666666666666668,0.03333333333333333,0.0,0.6666666666666666,0.16,0.17333333333333334,10.0,0.04666666666666667,0.05777777777777777,100.23219633102401,0.003458635841140058,0.778193064256513,0.9737508776228548,0.0,0.7777777777777778,0.12,0.2311111111111111,0.3511111111111111,0.015378282605005162,0.005131242780147919,0.061581819451281,0.01317676343023777,0.145,-18.17367424180507,0.3075555555555555,0.0,161.1,0.0,1.0,0.44650848021745115,0.23446858449052593,0.08036866278932328,0.09780957812326321,0.0,0.7613457274973005,0.0921237807165918,0.14653049178610783,40.6,0.3336117940031194,0.04843848946986203,116.2816594457624,0.0026328656846732563,0.5923947790514826,0.0,0.0,0.38502902795499144,0.12844444444444447,0.22399999999999998,0.2768253968253968,-2.8357627479553225,0.3248888888888889,0.0,140.0,0.0,1.0,0.5203796939114097,0.22245300997914308,0.08098207653557825,0.03138467584141192,0.0008333333333333333,0.823814780426131,0.0994648575614702,0.0767203620123988,25.1,0.24336600747333287,0.057020073753407084,110.28345474243153,0.0029120755795608152,0.6552170054011835,0.0,0.0,0.48519227934088616,0.1386666666666667,0.25777777777777783,0.35777777777777775,0.5638984126984126
41,5841,0.938345,-0.9161093471050262,0.4,0,139,0.6402877697841727,0.014388489208633094,0.050359712230215826,0.02877697841726619,0.007194244604316547,0.7050359712230215,0.15827338129496402,0.1366906474820144,5.0,0.0,0.07116402116402118,100.59151759147626,0.003932295336889056,0.8847664508000376,0.9569249045385281,0.0,0.9459459459459459,0.1511111111111111,0.3022222222222222,nan,0.0123290365694889,0.00419602293654212,0.04743490940225976,0.012608808066163744,0.144875,nan,nan,nan,nan,nan,nan,nan,nan,nan,nan,nan,nan,nan,nan,nan,nan,nan,nan,nan,nan,nan,nan,nan,nan,nan,nan,nan,nan,nan,nan,nan,nan,nan,nan,nan,nan,nan,nan,nan,nan,nan,nan,nan,nan,nan,nan,nan,nan,nan,nan,nan,nan,nan
42,5995,0.9367194444444444,-16.767232645511626,0.24444444444444444,0,154,0.35064935064935066,0.032467532467532464,0.2597402597402597,0.05844155844155844,0.0,0.6428571428571429,0.14935064935064934,0.2077922077922078,59.0,0.3961038961038961,0.03428571428571429,100.60221567153899,0.002385633342148125,0.536767501983328,0.8520674344442706,0.0,0.5217391304347826,0.15555555555555556,0.24444444444444444,0.24444444444444444,0.010624716856649943,0.003874827957978206,0.03821013814636639,0.012189715036324092,0.14475,nan,nan,nan,nan,nan,nan,nan,nan,nan,nan,nan,nan,nan,nan,nan,nan,nan,nan,nan,nan,nan,nan,nan,nan,nan,nan,nan,nan,nan,nan,nan,nan,nan,nan,nan,nan,nan,nan,nan,nan,nan,nan,nan,nan,nan,nan,nan,nan,nan,nan,nan,nan,nan
43,6134,0.9352522222222223,-2.9550686988830566,0.3422222222222222,0,139,0.5467625899280576,0.02877697841726619,0.08633093525179857,0.050359712230215826,0.0,0.6618705035971223,0.17985611510791366,0.15827338129496402,18.0,0.1366906474820144,0.057460317460317455,100.48636856079078,0.003361428844683883,0.7563214900538736,0.9797858593115972,0.0,0.75,0.15555555555555556,0.28888888888888886,nan,0.010758418722876481,0.004002239471966667,0.037978844584098885,0.012634890420096261,0.144625,nan,nan,nan,nan,nan,nan,nan,nan,nan,nan,nan,nan,nan,nan,nan,nan,nan,nan,nan,nan,nan,nan,nan,nan,nan,nan,nan,nan,nan,nan,nan,nan,nan,nan,nan,nan,nan,nan,nan,nan,nan,nan,nan,nan,nan,nan,nan,nan,nan,nan,nan,nan,nan
44,6322,0.9332677777777778,-4.8936808800697325,0.3511111111111111,0,188,0.4148936170212766,0.09574468085106383,0.15425531914893617,0.09574468085106383,0.0,0.6648936170212766,0.14893617021276595,0.18617021276595744,20.0,0.19680851063829788,0.043333333333333335,120.33981790542563,0.0028807311885672786,0.6481645174276377,0.9354018687313317,0.005319148936170213,0.6,0.14222222222222222,0.26666666666666666,0.3333333333333333,0.009991485459197844,0.0032842244587040375,0.03788291862500565,0.012331791488187653,0.1445,nan,nan,nan,nan,nan,nan,nan,nan,nan,nan,nan,nan,nan,nan,nan,nan,nan,nan,nan,nan,nan,nan,nan,nan,nan,nan,nan,nan,nan,nan,nan,nan,nan,nan,nan,nan,nan,nan,nan,nan,nan,nan,nan,nan,nan,nan,nan,nan,nan,nan,nan,nan,nan
45,6428,0.9321488888888889,-16.686565353870396,0.10222222222222223,0,106,0.20754716981132076,0.04716981132075472,0.39622641509433965,0.07547169811320754,0.0,0.6509433962264151,0.1792452830188679,0.16981132075471697,71.0,0.6226415094339622,0.028000000000000004,100.86252717971807,0.0009694162987167292,0.21811866721126405,0.7651243578236941,0.0,0.3448275862068966,0.07555555555555556,0.08888888888888889,nan,0.009902897756546736,0.0035753470645951374,0.03501675504126719,0.012720069448862757,0.144375,nan,nan,nan,nan,nan,nan,nan,nan,nan,nan,nan,nan,nan,nan,nan,nan,nan,nan,nan,nan,nan,nan,nan,nan,nan,nan,nan,nan,nan,nan,nan,nan,nan,nan,nan,nan,nan,nan,nan,nan,nan,nan,nan,nan,nan,nan,nan,nan,nan,nan,nan,nan,nan
46,6532,0.931051111111111,-2.4558265161514283,0.28888888888888886,0,104,0.6153846153846154,0.0,0.08653846153846154,0.04807692307692308,0.009615384615384616,0.7019230769230769,0.16346153846153846,0.1346153846153846,6.0,0.019230769230769232,0.06622222222222215,80.96977634429928,0.0035129706081307574,0.7904183868294204,0.9401838720120085,0.0,0.8461538461538461,0.13333333333333333,0.28,nan,0.009679951738300068,0.0034341673433248487,0.03477638800229345,0.012292899723563875,0.14425,nan,nan,nan,nan,nan,nan,nan,nan,nan,nan,nan,nan,nan,nan,nan,nan,nan,nan,nan,nan,nan,nan,nan,nan,nan,nan,nan,nan,nan,nan,nan,nan,nan,nan,nan,nan,nan,nan,nan,nan,nan,nan,nan,nan,nan,nan,nan,nan,nan,nan,nan,nan,nan
47,6686,0.9294255555555555,-6.789406317472458,0.27555555555555555,0,154,0.3961038961038961,0.05844155844155844,0.22727272727272727,0.045454545454545456,0.0,0.6818181818181818,0.16233766233766234,0.15584415584415584,43.0,0.2532467532467532,0.038730158730158726,100.57529826164217,0.0026956033518869375,0.6065107541745609,0.9059604974724658,0.0,0.5952380952380952,0.1688888888888889,0.2577777777777778,0.27555555555555555,0.009701046627014875,0.0035785595287701915,0.0338626072875091,0.012420389002987317,0.144125,nan,nan,nan,nan,nan,nan,nan,nan,nan,nan,nan,nan,nan,nan,nan,nan,nan,nan,nan,nan,nan,nan,nan,nan,nan,nan,nan,nan,nan,nan,nan,nan,nan,nan,nan,nan,nan,nan,nan,nan,nan,nan,nan,nan,nan,nan,nan,nan,nan,nan,nan,nan,nan
48,6859,0.9275994444444444,-12.044847679138186,0.29777777777777775,0,173,0.3815028901734104,0.06358381502890173,0.2023121387283237,0.08670520231213873,0.0,0.6473988439306358,0.17341040462427745,0.1791907514450867,38.0,0.2254335260115607,0.041904761904761896,140.6842636108396,0.002085047224220835,0.4691356254496879,0.9098323750117973,0.011560693641618497,0.5869565217391305,0.13777777777777778,0.23555555555555555,0.29777777777777775,0.008943382151690977,0.0032498779889595297,0.03019562436799918,0.013453343883156776,0.144,nan,nan,nan,nan,nan,nan,nan,nan,nan,nan,nan,nan,nan,nan,nan,nan,nan,nan,nan,nan,nan,nan,nan,nan,nan,nan,nan,nan,nan,nan,nan,nan,nan,nan,nan,nan,nan,nan,nan,nan,nan,nan,nan,nan,nan,nan,nan,nan,nan,nan,nan,nan,nan
49,7029,0.925805,-4.916339175701142,0.3422222222222222,0,170,0.4470588235294118,0.047058823529411764,0.18235294117647058,0.058823529411764705,0.0058823529411764705,0.6764705882352942,0.15294117647058825,0.17058823529411765,33.0,0.2235294117647059,0.049841269841269846,110.48894453048676,0.003057118331731155,0.6878516246395098,0.9421918674518542,0.0058823529411764705,0.6444444444444445,0.1111111111111111,0.24444444444444444,0.29777777777777775,0.009986192653221744,0.0032174006337299943,0.03796396045280354,0.013067269963877541,0.143875,nan,nan,nan,nan,nan,nan,nan,nan,nan,nan,nan,nan,nan,nan,nan,nan,nan,nan,nan,nan,nan,nan,nan,nan,nan,nan,nan,nan,nan,nan,nan,nan,nan,nan,nan,nan,nan,nan,nan,nan,nan,nan,nan,nan,nan,nan,nan,nan,nan,nan,nan,nan,nan
50,7118,0.9248655555555556,-5.7082122895717635,0.15555555555555556,0,89,0.38202247191011235,0.0449438202247191,0.2696629213483146,0.02247191011235955,0.011235955056179775,0.6966292134831461,0.12359550561797752,0.1797752808988764,20.0,0.21348314606741572,0.03777777777777778,70.13535513877858,0.0021545639971752304,0.48477689936442686,0.9187520315473559,0.0,0.5833333333333334,0.12444444444444444,nan,nan,0.008925238058769278,0.003140262660703489,0.03222170864631023,0.011531049385666847,0.14375,nan,nan,nan,nan,nan,nan,nan,nan,nan,nan,nan,nan,nan,nan,nan,nan,nan,nan,nan,nan,nan,nan,nan,nan,nan,nan,nan,nan,nan,nan,nan,nan,nan,nan,nan,nan,nan,nan,nan,nan,nan,nan,nan,nan,nan,nan,nan,nan,nan,nan,nan,nan,nan
51,7312,0.9228177777777777,-16.099748888492584,0.25333333333333335,0,194,0.28865979381443296,0.030927835051546393,0.31958762886597936,0.07216494845360824,0.0,0.6391752577319587,0.1958762886597938,0.16494845360824742,78.0,0.4329896907216495,0.031111111111111114,130.1499894142148,0.0019123235430836358,0.430272797193818,0.866676577675381,0.005154639175257732,0.43636363636363634,0.12444444444444444,0.24,0.25333333333333335,0.010069649034578885,0.0031050151945757015,0.04011454659381083,0.012031817276562964,0.143625,nan,nan,nan,nan,nan,nan,nan,nan,nan,nan,nan,nan,nan,nan,nan,nan,nan,nan,nan,nan,nan,nan,nan,nan,nan,nan,nan,nan,nan,nan,nan,nan,nan,nan,nan,nan,nan,nan,nan,nan,nan,nan,nan,nan,nan,nan,nan,nan,nan,nan,nan,nan,nan
52,7487,0.9209705555555555,-12.66707130599022,0.24888888888888888,0,175,0.3142857142857143,0.04,0.29714285714285715,0.05714285714285714,0.0,0.6514285714285715,0.16,0.18857142857142858,42.0,0.35428571428571426,0.03492063492063492,120.11496481895423,0.002035087341638807,0.4578946518687317,0.8569706084467371,0.0,0.4117647058823529,0.15555555555555556,0.21777777777777776,0.24888888888888888,0.009000624297186732,0.0034584780389975223,0.029698216622429236,0.012804520183375903,0.1435,nan,nan,nan,nan,nan,nan,nan,nan,nan,nan,nan,nan,nan,nan,nan,nan,nan,nan,nan,nan,nan,nan,nan,nan,nan,nan,nan,nan,nan,nan,nan,nan,nan,nan,nan,nan,nan,nan,nan,nan,nan,nan,nan,nan,nan,nan,nan,nan,nan,nan,nan,nan,nan
53,7632,0.91944,-9.659069609165188,0.24888888888888888,0,145,0.3793103448275862,0.034482758620689655,0.23448275862068965,0.07586206896551724,0.006896551724137931,0.6482758620689655,0.1724137931034483,0.1793103448275862,56.0,0.35172413793103446,0.04370370370370371,100.0387581825254,0.002443497389266309,0.5497869125849196,0.8845862094026776,0.006896551724137931,0.525,0.13777777777777778,0.17333333333333334,nan,0.00870369131942945,0.002832323088244136,0.032343910075724125,0.012340603130204337,0.143375,nan,nan,nan,nan,nan,nan,nan,nan,nan,nan,nan,nan,nan,nan,nan,nan,nan,nan,nan,nan,nan,nan,nan,nan,nan,nan,nan,nan,nan,nan,nan,nan,nan,nan,nan,nan,nan,nan,nan,nan,nan,nan,nan,nan,nan,nan,nan,nan,nan,nan,nan,nan,nan
54,7785,0.917825,-19.042090466260916,0.19111111111111112,0,153,0.27450980392156865,0.0392156862745098,0.32679738562091504,0.05228758169934641,0.0,0.6405228758169934,0.1895424836601307,0.16993464052287582,67.0,0.45751633986928103,0.035978835978835985,100.22943301200844,0.0018623937206579053,0.41903858714802866,0.8192148775492575,0.0,0.3829787234042553,0.1111111111111111,0.17333333333333334,0.18222222222222223,0.009561010669650776,0.0030760816797348006,0.036021407427532334,0.013248622683542115,0.14325,nan,nan,nan,nan,nan,nan,nan,nan,nan,nan,nan,nan,nan,nan,nan,nan,nan,nan,nan,nan,nan,nan,nan,nan,nan,nan,nan,nan,nan,nan,nan,nan,nan,nan,nan,nan,nan,nan,nan,nan,nan,nan,nan,nan,nan,nan,nan,nan,nan,nan,nan,nan,nan
55,7881,0.9168116666666667,-8.615242222547531,0.2,0,96,0.4583333333333333,0.0,0.2604166666666667,0.052083333333333336,0.010416666666666666,0.71875,0.17708333333333334,0.10416666666666667,31.0,0.3125,0.04888888888888889,70.75468783378587,0.002763852990418769,0.6218669228442231,0.8632852096134984,0.0,0.5454545454545454,0.14666666666666667,nan,nan,0.009153101493471436,0.0033579531425078,0.031613184471747706,0.012705114004867417,0.143125,nan,nan,nan,nan,nan,nan,nan,nan,nan,nan,nan,nan,nan,nan,nan,nan,nan,nan,nan,nan,nan,nan,nan,nan,nan,nan,nan,nan,nan,nan,nan,nan,nan,nan,nan,nan,nan,nan,nan,nan,nan,nan,nan,nan,nan,nan,nan,nan,nan,nan,nan,nan,nan
56,8007,0.9154816666666666,-13.143764121294012,0.14666666666666667,0,126,0.25396825396825395,0.03968253968253968,0.3968253968253968,0.05555555555555555,0.0,0.6904761904761905,0.14285714285714285,0.16666666666666666,60.0,0.4365079365079365,0.04148148148148149,100.40727734565719,0.0014164533287026092,0.3187019989580871,0.8000370755461529,0.0,0.40625,0.07555555555555556,0.10666666666666667,nan,0.008773134322836995,0.0030666726774403025,0.03098908924896802,0.01275021689278739,0.143,nan,nan,nan,nan,nan,nan,nan,nan,nan,nan,nan,nan,nan,nan,nan,nan,nan,nan,nan,nan,nan,nan,nan,nan,nan,nan,nan,nan,nan,nan,nan,nan,nan,nan,nan,nan,nan,nan,nan,nan,nan,nan,nan,nan,nan,nan,nan,nan,nan,nan,nan,nan,nan
57,8139,0.9140883333333334,-4.272308387756352,0.3111111111111111,0,132,0.5227272727272727,0.03787878787878788,0.13636363636363635,0.030303030303030304,0.0,0.696969696969697,0.12878787878787878,0.17424242424242425,17.0,0.12121212121212122,0.05111111111111111,100.47912750244127,0.003052043486934297,0.6867097845602168,0.9462635489879583,0.0,0.75,0.14666666666666667,0.2577777777777778,nan,0.00918563425407878,0.0030906654594998273,0.03329417368929301,0.013380637126309531,0.142875,nan,nan,nan,nan,nan,nan,nan,nan,nan,nan,nan,nan,nan,nan,nan,nan,nan,nan,nan,nan,nan,nan,nan,nan,nan,nan,nan,nan,nan,nan,nan,nan,nan,nan,nan,nan,nan,nan,nan,nan,nan,nan,nan,nan,nan,nan,nan,nan,nan,nan,nan,nan,nan
58,8333,0.9120405555555555,-8.472112372875216,0.3511111111111111,0,194,0.4020618556701031,0.061855670103092786,0.211340206185567,0.08247422680412371,0.0,0.6752577319587629,0.12371134020618557,0.20103092783505155,39.0,0.29896907216494845,0.043684210526315784,140.1248797416687,0.0024739836873064517,0.5566463296439517,0.9082579322263489,0.0,0.5,0.13333333333333333,0.2577777777777778,0.3422222222222222,0.009281314643365996,0.0036360264057293534,0.03090940449120743,0.012329708252634321,0.14275,nan,nan,nan,nan,nan,nan,nan,nan,nan,nan,nan,nan,nan,nan,nan,nan,nan,nan,nan,nan,nan,nan,nan,nan,nan,nan,nan,nan,nan,nan,nan,nan,nan,nan,nan,nan,nan,nan,nan,nan,nan,nan,nan,nan,nan,nan,nan,nan,nan,nan,nan,nan,nan
59,8502,0.9102566666666667,-4.7927384004592914,0.3244444444444444,0,169,0.4260355029585799,0.05917159763313609,0.20118343195266272,0.047337278106508875,0.0,0.6863905325443787,0.17159763313609466,0.14201183431952663,22.0,0.20118343195266272,0.04651629072681703,110.55941333770723,0.0028943713641329653,0.6512335569299171,0.9614841372245,0.0,0.5555555555555556,0.1288888888888889,0.25333333333333335,0.30666666666666664,0.00881904539918261,0.0032485066247837885,0.030081876354025944,0.012801111010568482,0.142625,nan,nan,nan,nan,nan,nan,nan,nan,nan,nan,nan,nan,nan,nan,nan,nan,nan,nan,nan,nan,nan,nan,nan,nan,nan,nan,nan,nan,nan,nan,nan,nan,nan,nan,nan,nan,nan,nan,nan,nan,nan,nan,nan,nan,nan,nan,nan,nan,nan,nan,nan,nan,nan
60,8646,0.9087366666666666,-4.870269855022431,0.24888888888888888,-1,144,0.3819444444444444,0.10416666666666667,0.1736111111111111,0.04861111111111111,0.006944444444444444,0.6597222222222222,0.125,0.2152777777777778,31.0,0.2777777777777778,0.04354775828460039,95.15495100021349,0.0025689093617829303,0.5780046064011594,0.9375207121119659,0.0,0.38095238095238093,0.14666666666666667,0.18222222222222223,nan,0.009123166557401419,0.003231962144907032,0.03218303294852376,0.013051222477640425,0.1425,-5.785055195784571,0.2991111111111111,0.0,137.5,0.0,1.0,0.47600767637290786,0.16182724764276862,0.18107137812493584,0.02633949686647844,0.0025974025974025974,0.8189063021406124,0.07535273355962106,0.10574096429976661,33.2,0.3357745423242412,0.05047711932811093,108.37195424556717,0.00268624001077614,0.6044040024246315,0.0,0.0,0.36547321586795267,0.13644444444444442,0.2217283950617284,0.3566666666666667,-4.286137359333042,0.37644444444444447,0.0,156.6,0.0,1.0,0.5307764333302656,0.1534328781320577,0.12682435857562283,0.03998851708329676,0.0,0.8110336700379459,0.08215081381738772,0.10681551614466625,29.6,0.25546469639627156,0.056917635450968784,121.23368913650499,0.0030384430826291826,0.6836496935915661,0.0,0.0006802721088435374,0.45300621421589166,0.13422222222222221,0.2626666666666667,0.3733333333333333,0.6001716049382716
61,8773,0.9073961111111111,-5.484254479885103,0.28888888888888886,0,127,0.5039370078740157,0.007874015748031496,0.1732283464566929,0.06299212598425197,0.0,0.6850393700787402,0.15748031496062992,0.15748031496062992,14.0,0.11811023622047244,0.05592592592592588,100.64051885604835,0.0028263411961468613,0.6359267691330438,0.9688637506320932,0.0,0.71875,0.11555555555555555,0.24888888888888888,nan,0.008336181552814586,0.003353109267274184,0.025459746231458018,0.013582408162099975,0.142375,nan,nan,nan,nan,nan,nan,nan,nan,nan,nan,nan,nan,nan,nan,nan,nan,nan,nan,nan,nan,nan,nan,nan,nan,nan,nan,nan,nan,nan,nan,nan,nan,nan,nan,nan,nan,nan,nan,nan,nan,nan,nan,nan,nan,nan,nan,nan,nan,nan,nan,nan,nan,nan
62,8944,0.9055911111111111,-4.6107143115997395,0.37333333333333335,0,171,0.4853801169590643,0.03508771929824561,0.16374269005847952,0.04678362573099415,0.0,0.6842105263157895,0.17543859649122806,0.14035087719298245,15.0,0.12280701754385964,0.0545124716553288,120.94966011047333,0.003049937375201817,0.6862359094204087,0.9596830064380009,0.0,0.6956521739130435,0.08888888888888889,0.17333333333333334,0.30666666666666664,0.008424148795061879,0.0028876232182873146,0.029884497901158675,0.01285455615392753,0.14225,nan,nan,nan,nan,nan,nan,nan,nan,nan,nan,nan,nan,nan,nan,nan,nan,nan,nan,nan,nan,nan,nan,nan,nan,nan,nan,nan,nan,nan,nan,nan,nan,nan,nan,nan,nan,nan,nan,nan,nan,nan,nan,nan,nan,nan,nan,nan,nan,nan,nan,nan,nan,nan
63,9106,0.9038811111111111,-3.6230218255519873,0.38666666666666666,0,162,0.5308641975308642,0.05555555555555555,0.1111111111111111,0.04938271604938271,0.0,0.6975308641975309,0.14814814814814814,0.15432098765432098,15.0,0.09259259259259259,0.05804232804232804,120.24782691001867,0.0031786206207970705,0.7151896396793408,0.9795693484216791,0.0,0.7317073170731707,0.14222222222222222,0.26222222222222225,0.36444444444444446,0.008087346363546593,0.0028964675563786712,0.027618335327133536,0.012656229415110179,0.142125,nan,nan,nan,nan,nan,nan,nan,nan,nan,nan,nan,nan,nan,nan,nan,nan,nan,nan,nan,nan,nan,nan,nan,nan,nan,nan,nan,nan,nan,nan,nan,nan,nan,nan,nan,nan,nan,nan,nan,nan,nan,nan,nan,nan,nan,nan,nan,nan,nan,nan,nan,nan,nan
64,9250,0.9023611111111112,-2.9799961028099045,0.3244444444444444,0,144,0.5,0.0625,0.125,0.05555555555555555,0.0,0.6875,0.125,0.1875,24.0,0.13194444444444445,0.05543859649122807,100.10472478866562,0.0031966523126212326,0.7192467703397774,0.9570926184064026,0.0,0.7222222222222222,0.15555555555555556,0.2222222222222222,nan,0.008593602671421,0.0029238201511491623,0.03187477735004255,0.011435641508017267,0.142,nan,nan,nan,nan,nan,nan,nan,nan,nan,nan,nan,nan,nan,nan,nan,nan,nan,nan,nan,nan,nan,nan,nan,nan,nan,nan,nan,nan,nan,nan,nan,nan,nan,nan,nan,nan,nan,nan,nan,nan,nan,nan,nan,nan,nan,nan,nan,nan,nan,nan,nan,nan,nan
65,9394,0.9008411111111111,-0.5990968568325028,0.39555555555555555,0,144,0.6111111111111112,0.034722222222222224,0.020833333333333332,0.0625,0.0,0.6666666666666666,0.16666666666666666,0.16666666666666666,5.0,0.0,0.06729044834307993,100.52473196983314,0.003890695388558521,0.8754064624256672,0.9938980579413863,0.0,0.8205128205128205,0.16,0.3022222222222222,nan,0.008381339322243418,0.002965819273543145,0.02925414944599782,0.012650876705135618,0.141875,nan,nan,nan,nan,nan,nan,nan,nan,nan,nan,nan,nan,nan,nan,nan,nan,nan,nan,nan,nan,nan,nan,nan,nan,nan,nan,nan,nan,nan,nan,nan,nan,nan,nan,nan,nan,nan,nan,nan,nan,nan,nan,nan,nan,nan,nan,nan,nan,nan,nan,nan,nan,nan
66,9549,0.899205,-9.227499999999981,0.22666666666666666,0,155,0.3225806451612903,0.05806451612903226,0.3161290322580645,0.08387096774193549,0.0,0.6967741935483871,0.13548387096774195,0.16774193548387098,71.0,0.44516129032258067,0.039365079365079346,100.49999999999972,0.002211166390270874,0.4975124378109467,0.8423768307762082,0.0064516129032258064,0.4411764705882353,0.09777777777777778,0.09777777777777778,0.21333333333333335,0.007991964213683136,0.0029687071219086647,0.02571219824520605,0.013785530946084432,0.14175,nan,nan,nan,nan,nan,nan,nan,nan,nan,nan,nan,nan,nan,nan,nan,nan,nan,nan,nan,nan,nan,nan,nan,nan,nan,nan,nan,nan,nan,nan,nan,nan,nan,nan,nan,nan,nan,nan,nan,nan,nan,nan,nan,nan,nan,nan,nan,nan,nan,nan,nan,nan,nan
67,9685,0.8977694444444444,-3.2962326602935796,0.3111111111111111,0,136,0.5073529411764706,0.07352941176470588,0.10294117647058823,0.07352941176470588,0.0,0.6838235294117647,0.15441176470588236,0.16176470588235295,17.0,0.11029411764705882,0.051111111111111114,100.24031105041486,0.0030593147951469522,0.6883458289080642,0.969448051343318,0.0,0.71875,0.15555555555555556,0.26666666666666666,nan,0.007281446064423237,0.002914611782346453,0.02124607060769839,0.013578594263110842,0.141625,nan,nan,nan,nan,nan,nan,nan,nan,nan,nan,nan,nan,nan,nan,nan,nan,nan,nan,nan,nan,nan,nan,nan,nan,nan,nan,nan,nan,nan,nan,nan,nan,nan,nan,nan,nan,nan,nan,nan,nan,nan,nan,nan,nan,nan,nan,nan,nan,nan,nan,nan,nan,nan
68,9885,0.8956583333333333,-7.863065117120744,0.4,0,200,0.445,0.035,0.21,0.06,0.0,0.69,0.16,0.15,19.0,0.235,0.049444444444444444,140.7910963535308,0.0028095210975721315,0.6321422469537296,0.8932995284144825,0.005,0.58,0.11555555555555555,0.20444444444444446,0.31555555555555553,0.008339650030913097,0.0028692675654643346,0.02917592427028077,0.01341989210673741,0.1415,nan,nan,nan,nan,nan,nan,nan,nan,nan,nan,nan,nan,nan,nan,nan,nan,nan,nan,nan,nan,nan,nan,nan,nan,nan,nan,nan,nan,nan,nan,nan,nan,nan,nan,nan,nan,nan,nan,nan,nan,nan,nan,nan,nan,nan,nan,nan,nan,nan,nan,nan,nan,nan
69,10050,0.8939166666666667,-6.135162727594373,0.36,0,165,0.48484848484848486,0.024242424242424242,0.18787878787878787,0.04242424242424243,0.0,0.696969696969697,0.12727272727272726,0.17575757575757575,21.0,0.10303030303030303,0.054179894179894175,120.09678788185104,0.002960575064716505,0.6661293895612137,0.9154838543453465,0.0,0.7906976744186046,0.1111111111111111,0.24444444444444444,0.3244444444444444,0.008290758988420879,0.0031758130727601902,0.026666751064892327,0.013449336801256453,0.141375,nan,nan,nan,nan,nan,nan,nan,nan,nan,nan,nan,nan,nan,nan,nan,nan,nan,nan,nan,nan,nan,nan,nan,nan,nan,nan,nan,nan,nan,nan,nan,nan,nan,nan,nan,nan,nan,nan,nan,nan,nan,nan,nan,nan,nan,nan,nan,nan,nan,nan,nan,nan,nan
70,10201,0.8923227777777778,-8.946096187353135,0.24444444444444444,0,151,0.3576158940397351,0.052980132450331126,0.25165562913907286,0.07947019867549669,0.0,0.6622516556291391,0.16556291390728478,0.17218543046357615,51.0,0.3973509933774834,0.03428571428571429,100.09615416526772,0.0023976945168516514,0.5394812662916215,0.887002558866813,0.0,0.4358974358974359,0.1511111111111111,0.21777777777777776,0.24444444444444444,0.008123114971177918,0.003151128883473575,0.02536395182167845,0.01389327778347901,0.14125,nan,nan,nan,nan,nan,nan,nan,nan,nan,nan,nan,nan,nan,nan,nan,nan,nan,nan,nan,nan,nan,nan,nan,nan,nan,nan,nan,nan,nan,nan,nan,nan,nan,nan,nan,nan,nan,nan,nan,nan,nan,nan,nan,nan,nan,nan,nan,nan,nan,nan,nan,nan,nan
71,10331,0.8909505555555556,-7.732762316942216,0.21777777777777776,0,130,0.36923076923076925,0.07692307692307693,0.2230769230769231,0.05384615384615385,0.0,0.6692307692307692,0.17692307692307693,0.15384615384615385,37.0,0.3769230769230769,0.035555555555555556,100.31202206611614,0.0021266975676427326,0.47850695271961485,0.8939964351247817,0.0,0.3611111111111111,0.16,0.21777777777777776,nan,0.006973847314449293,0.002968859176949731,0.018167085346898863,0.014411583276731628,0.141125,nan,nan,nan,nan,nan,nan,nan,nan,nan,nan,nan,nan,nan,nan,nan,nan,nan,nan,nan,nan,nan,nan,nan,nan,nan,nan,nan,nan,nan,nan,nan,nan,nan,nan,nan,nan,nan,nan,nan,nan,nan,nan,nan,nan,nan,nan,nan,nan,nan,nan,nan,nan,nan
72,10572,0.8884066666666667,-4.63657718420029,0.5333333333333333,0,241,0.49377593360995853,0.058091286307053944,0.12033195020746888,0.058091286307053944,0.0,0.6721991701244814,0.17012448132780084,0.15767634854771784,15.0,0.15352697095435686,0.05438888888888889,160.5769255638122,0.003293679257040651,0.7410778328341464,0.9511906300707986,0.0,0.6307692307692307,0.17333333333333334,0.28,0.37777777777777777,0.006216341995501092,0.00335125152819923,0.010271851239459855,0.01416759379208088,0.141,nan,nan,nan,nan,nan,nan,nan,nan,nan,nan,nan,nan,nan,nan,nan,nan,nan,nan,nan,nan,nan,nan,nan,nan,nan,nan,nan,nan,nan,nan,nan,nan,nan,nan,nan,nan,nan,nan,nan,nan,nan,nan,nan,nan,nan,nan,nan,nan,nan,nan,nan,nan,nan
73,10720,0.8868444444444444,-13.038174807548522,0.26222222222222225,0,148,0.3918918918918919,0.02027027027027027,0.22972972972972974,0.06756756756756757,0.0,0.6418918918918919,0.13513513513513514,0.22297297297297297,56.0,0.34459459459459457,0.04296296296296296,100.52547435760472,0.002564303022940941,0.5769681801617116,0.8581943527497261,0.0,0.5348837209302325,0.12444444444444444,0.26222222222222225,nan,0.005854007422125765,0.0033801765280908774,0.007182877111647811,0.014619430260998862,0.140875,nan,nan,nan,nan,nan,nan,nan,nan,nan,nan,nan,nan,nan,nan,nan,nan,nan,nan,nan,nan,nan,nan,nan,nan,nan,nan,nan,nan,nan,nan,nan,nan,nan,nan,nan,nan,nan,nan,nan,nan,nan,nan,nan,nan,nan,nan,nan,nan,nan,nan,nan,nan,nan
74,10904,0.8849022222222223,-20.44734096074104,0.27555555555555555,0,184,0.33152173913043476,0.03804347826086957,0.27717391304347827,0.03804347826086957,0.0,0.6467391304347826,0.14673913043478262,0.20652173913043478,59.0,0.3641304347826087,0.033888888888888885,120.2699139118192,0.002254188951277435,0.5071925140374228,0.8523410562563498,0.0,0.41379310344827586,0.13777777777777778,0.23555555555555555,0.27555555555555555,0.005500009466361787,0.003136238981304424,0.0069778967715267625,0.013816315680742264,0.14075,nan,nan,nan,nan,nan,nan,nan,nan,nan,nan,nan,nan,nan,nan,nan,nan,nan,nan,nan,nan,nan,nan,nan,nan,nan,nan,nan,nan,nan,nan,nan,nan,nan,nan,nan,nan,nan,nan,nan,nan,nan,nan,nan,nan,nan,nan,nan,nan,nan,nan,nan,nan,nan
75,11040,0.8834666666666666,-3.190494270563126,0.3244444444444444,0,136,0.5294117647058824,0.058823529411764705,0.08823529411764706,0.0661764705882353,0.007352941176470588,0.6764705882352942,0.15441176470588236,0.16911764705882354,30.0,0.21323529411764705,0.05427609427609426,100.56661210060106,0.0031819705697144337,0.7159433781857475,0.9610761922100316,0.007352941176470588,0.6285714285714286,0.17333333333333334,0.30666666666666664,nan,0.0056325228485677925,0.003148490662819573,0.007624911144375801,0.014117790652172906,0.140625,nan,nan,nan,nan,nan,nan,nan,nan,nan,nan,nan,nan,nan,nan,nan,nan,nan,nan,nan,nan,nan,nan,nan,nan,nan,nan,nan,nan,nan,nan,nan,nan,nan,nan,nan,nan,nan,nan,nan,nan,nan,nan,nan,nan,nan,nan,nan,nan,nan,nan,nan,nan,nan
76,11215,0.8816194444444444,-1.071108435392379,0.4577777777777778,0,175,0.5828571428571429,0.02857142857142857,0.07428571428571429,0.022857142857142857,0.0,0.6857142857142857,0.14285714285714285,0.17142857142857143,9.0,0.03428571428571429,0.06476190476190476,120.86769938468898,0.003750657418327264,0.8438979191236343,0.9651344830710741,0.0,0.803921568627451,0.12,0.27555555555555555,0.4,0.0052257400238886476,0.0029990839871710966,0.006136730978531497,0.013644453404205186,0.14049999999999999,nan,nan,nan,nan,nan,nan,nan,nan,nan,nan,nan,nan,nan,nan,nan,nan,nan,nan,nan,nan,nan,nan,nan,nan,nan,nan,nan,nan,nan,nan,nan,nan,nan,nan,nan,nan,nan,nan,nan,nan,nan,nan,nan,nan,nan,nan,nan,nan,nan,nan,nan,nan,nan
77,11332,0.8803844444444444,-1.7841758491992938,0.29333333333333333,0,117,0.5555555555555556,0.05128205128205128,0.05128205128205128,0.08547008547008547,0.008547008547008548,0.6581196581196581,0.19658119658119658,0.1452991452991453,9.0,0.05982905982905983,0.06112418300653595,80.68738903999314,0.003580347466017268,0.8055781798538852,0.9871073831757499,0.008547008547008548,0.6333333333333333,0.11555555555555555,0.2577777777777778,nan,0.005456574078250144,0.0030359551809462054,0.006734550780882793,0.014752562024763652,0.140375,nan,nan,nan,nan,nan,nan,nan,nan,nan,nan,nan,nan,nan,nan,nan,nan,nan,nan,nan,nan,nan,nan,nan,nan,nan,nan,nan,nan,nan,nan,nan,nan,nan,nan,nan,nan,nan,nan,nan,nan,nan,nan,nan,nan,nan,nan,nan,nan,nan,nan,nan,nan,nan
78,11452,0.8791177777777778,-2.752893843889237,0.28,0,120,0.5166666666666667,0.008333333333333333,0.15,0.06666666666666667,0.008333333333333333,0.675,0.15,0.175,7.0,0.025,0.05800000000000001,80.7418461322784,0.0034127973133549145,0.7678793955048556,0.9779447595927377,0.0,0.8064516129032258,0.12,0.2222222222222222,nan,0.00544076442851552,0.002939269528724253,0.00797360556732331,0.01383196802011558,0.14024999999999999,nan,nan,nan,nan,nan,nan,nan,nan,nan,nan,nan,nan,nan,nan,nan,nan,nan,nan,nan,nan,nan,nan,nan,nan,nan,nan,nan,nan,nan,nan,nan,nan,nan,nan,nan,nan,nan,nan,nan,nan,nan,nan,nan,nan,nan,nan,nan,nan,nan,nan,nan,nan,nan
79,11602,0.8775344444444444,-3.1362623467445405,0.37333333333333335,0,150,0.5533333333333333,0.03333333333333333,0.13333333333333333,0.04,0.0,0.72,0.14,0.14,11.0,0.06,0.06148148148148148,110.25011758804308,0.003345927396352237,0.7528336641792531,0.9385660381446224,0.0,0.7428571428571429,0.09777777777777778,0.24888888888888888,0.37333333333333335,0.005851877886535866,0.0035110303766227196,0.006557848953109767,0.014219288581183978,0.140125,nan,nan,nan,nan,nan,nan,nan,nan,nan,nan,nan,nan,nan,nan,nan,nan,nan,nan,nan,nan,nan,nan,nan,nan,nan,nan,nan,nan,nan,nan,nan,nan,nan,nan,nan,nan,nan,nan,nan,nan,nan,nan,nan,nan,nan,nan,nan,nan,nan,nan,nan,nan,nan
80,11793,0.8755183333333334,-7.650125169038777,0.28444444444444444,0,191,0.3298429319371728,0.09424083769633508,0.20418848167539266,0.07853403141361257,0.0,0.6282722513089005,0.18324607329842932,0.18848167539267016,45.0,0.42408376963350786,0.0353125,120.51547780036886,0.002323353025773284,0.5227544307989889,0.9238732783393122,0.0,0.39285714285714285,0.13777777777777778,0.1511111111111111,0.28,0.00570247761373009,0.003349231622580971,0.006684598280116916,0.014174021514398711,0.13999999999999999,-1.2902365736484527,0.4528888888888889,0.0,173.1,0.0,1.0,0.5925964109667128,0.14692135670102366,0.03767104700569171,0.0350435755887902,0.0021199388846447668,0.7771888146734283,0.1553157149090974,0.06749547041747442,22.9,0.16556003311980033,0.061335473785473785,128.27272927284235,0.003520650019406347,0.792146254366428,0.0,0.0,0.4858387999153796,0.176,0.3231111111111111,0.42388888888888887,-1.56345797817707,0.3924444444444445,0.0,144.3,0.0,1.0,0.622268044250741,0.11165370046985668,0.030632643054313576,0.04825570407542805,0.004113896884310458,0.7645543877749111,0.15810598912404922,0.07733962310103962,20.1,0.14343338285121632,0.06571016258355193,110.17293312549577,0.0035912718425967086,0.8080361645842593,0.0,0.0,0.509024120647238,0.17955555555555558,0.32246913580246905,0.39555555555555555,0.8343166666666667
81,11918,0.8741988888888889,-1.6708496952056882,0.3022222222222222,0,125,0.536,0.048,0.088,0.032,0.008,0.672,0.184,0.144,10.0,0.04,0.05955555555555555,80.15094947814922,0.003715212105615269,0.8359227237634355,0.9717067303340182,0.0,0.75,0.16444444444444445,0.27555555555555555,nan,0.005467610101082495,0.0032927499019673894,0.006027127183707697,0.013318158153976713,0.139875,nan,nan,nan,nan,nan,nan,nan,nan,nan,nan,nan,nan,nan,nan,nan,nan,nan,nan,nan,nan,nan,nan,nan,nan,nan,nan,nan,nan,nan,nan,nan,nan,nan,nan,nan,nan,nan,nan,nan,nan,nan,nan,nan,nan,nan,nan,nan,nan,nan,nan,nan,nan,nan
82,12041,0.8729005555555556,-7.720997332572944,0.24,0,123,0.43089430894308944,0.008130081300813009,0.23577235772357724,0.056910569105691054,0.008130081300813009,0.6747967479674797,0.14634146341463414,0.17886178861788618,25.0,0.2601626016260163,0.048270531400966175,80.40949840545639,0.0029294493838003016,0.6591261113550678,0.8565285986625251,0.0,0.45454545454545453,0.07555555555555556,0.17333333333333334,nan,0.00559755542781204,0.0033167762781626414,0.006305407283694616,0.013995984835284097,0.13974999999999999,nan,nan,nan,nan,nan,nan,nan,nan,nan,nan,nan,nan,nan,nan,nan,nan,nan,nan,nan,nan,nan,nan,nan,nan,nan,nan,nan,nan,nan,nan,nan,nan,nan,nan,nan,nan,nan,nan,nan,nan,nan,nan,nan,nan,nan,nan,nan,nan,nan,nan,nan,nan,nan
83,12224,0.8709688888888889,-3.1144070930480967,0.4,0,183,0.48633879781420764,0.06557377049180328,0.12568306010928962,0.060109289617486336,0.0,0.6775956284153005,0.17486338797814208,0.14754098360655737,24.0,0.14207650273224043,0.05298611111111112,120.25149612426728,0.0032894023634166725,0.7401155317687512,0.956608487049181,0.0,0.7083333333333334,0.12,0.25333333333333335,0.35555555555555557,0.005649547774477729,0.003284777980297804,0.006278813301053431,0.014880903863481112,0.139625,nan,nan,nan,nan,nan,nan,nan,nan,nan,nan,nan,nan,nan,nan,nan,nan,nan,nan,nan,nan,nan,nan,nan,nan,nan,nan,nan,nan,nan,nan,nan,nan,nan,nan,nan,nan,nan,nan,nan,nan,nan,nan,nan,nan,nan,nan,nan,nan,nan,nan,nan,nan,nan
84,12406,0.8690477777777778,-2.3139580283164953,0.43555555555555553,0,182,0.532967032967033,0.04395604395604396,0.10989010989010989,0.054945054945054944,0.0,0.6868131868131868,0.17032967032967034,0.14285714285714285,12.0,0.06043956043956044,0.0553174603174603,120.16150503158538,0.003587763909896021,0.8072468797266047,0.9640075988427274,0.0,0.7391304347826086,0.14666666666666667,0.26222222222222225,0.4088888888888889,0.005539251474796661,0.0033070891430335386,0.005246269982308149,0.01500307662146432,0.13949999999999999,nan,nan,nan,nan,nan,nan,nan,nan,nan,nan,nan,nan,nan,nan,nan,nan,nan,nan,nan,nan,nan,nan,nan,nan,nan,nan,nan,nan,nan,nan,nan,nan,nan,nan,nan,nan,nan,nan,nan,nan,nan,nan,nan,nan,nan,nan,nan,nan,nan,nan,nan,nan,nan
85,12561,0.8674116666666667,-6.490625654459002,0.25333333333333335,0,155,0.36129032258064514,0.06451612903225806,0.18064516129032257,0.09032258064516129,0.0064516129032258064,0.6064516129032258,0.2129032258064516,0.18064516129032257,24.0,0.27741935483870966,0.035555555555555556,100.05357766151401,0.0024875561144938945,0.5597001257611262,0.967524227911296,0.0,0.3829787234042553,0.08888888888888889,0.21777777777777776,0.25333333333333335,0.005979743453540972,0.0036766199627891183,0.006030183401890099,0.014626667435680116,0.139375,nan,nan,nan,nan,nan,nan,nan,nan,nan,nan,nan,nan,nan,nan,nan,nan,nan,nan,nan,nan,nan,nan,nan,nan,nan,nan,nan,nan,nan,nan,nan,nan,nan,nan,nan,nan,nan,nan,nan,nan,nan,nan,nan,nan,nan,nan,nan,nan,nan,nan,nan,nan,nan
86,12736,0.8655644444444445,-2.335727019309996,0.44,0,175,0.56,0.04,0.11428571428571428,0.03428571428571429,0.005714285714285714,0.7142857142857143,0.14285714285714285,0.14285714285714285,12.0,0.07428571428571429,0.06222222222222222,120.67359066009489,0.0036093693174540455,0.8121080964271602,0.9858691299285455,0.005714285714285714,0.7045454545454546,0.16444444444444445,0.29333333333333333,0.40444444444444444,0.005423338734544814,0.0032485947179208908,0.0051893258932977915,0.014521303453615733,0.13924999999999998,nan,nan,nan,nan,nan,nan,nan,nan,nan,nan,nan,nan,nan,nan,nan,nan,nan,nan,nan,nan,nan,nan,nan,nan,nan,nan,nan,nan,nan,nan,nan,nan,nan,nan,nan,nan,nan,nan,nan,nan,nan,nan,nan,nan,nan,nan,nan,nan,nan,nan,nan,nan,nan
87,12878,0.8640655555555556,-5.855360781669616,0.3288888888888889,0,142,0.5140845070422535,0.007042253521126761,0.15492957746478872,0.04225352112676056,0.007042253521126761,0.676056338028169,0.1619718309859155,0.1619718309859155,24.0,0.15492957746478872,0.05407407407407407,100.22248363494862,0.003237242110524862,0.7283794748680938,0.9517263349832886,0.0,0.675,0.16,0.30666666666666664,nan,0.005751758314935225,0.0033127873903140426,0.006598395195656589,0.01520969080073493,0.139125,nan,nan,nan,nan,nan,nan,nan,nan,nan,nan,nan,nan,nan,nan,nan,nan,nan,nan,nan,nan,nan,nan,nan,nan,nan,nan,nan,nan,nan,nan,nan,nan,nan,nan,nan,nan,nan,nan,nan,nan,nan,nan,nan,nan,nan,nan,nan,nan,nan,nan,nan,nan,nan
88,13014,0.86263,-8.207873757123947,0.24444444444444444,0,136,0.39705882352941174,0.022058823529411766,0.25,0.07352941176470588,0.0,0.6691176470588235,0.13970588235294118,0.19117647058823528,31.0,0.3014705882352941,0.04,100.06546435356125,0.0023984298833812246,0.5396467237607755,0.8797339264131688,0.0,0.6176470588235294,0.1511111111111111,0.24,nan,0.0057796544029510444,0.003600384707429579,0.005215088304664407,0.014543724113277026,0.13899999999999998,nan,nan,nan,nan,nan,nan,nan,nan,nan,nan,nan,nan,nan,nan,nan,nan,nan,nan,nan,nan,nan,nan,nan,nan,nan,nan,nan,nan,nan,nan,nan,nan,nan,nan,nan,nan,nan,nan,nan,nan,nan,nan,nan,nan,nan,nan,nan,nan,nan,nan,nan,nan,nan
89,13189,0.8607827777777778,-1.875314334630965,0.4666666666666667,0,175,0.5942857142857143,0.04,0.05714285714285714,0.05142857142857143,0.0,0.6914285714285714,0.16,0.14857142857142858,10.0,0.02857142857142857,0.06603174603174602,130.66966032981864,0.003537333923234694,0.7959001327278061,0.9595815731041629,0.005714285714285714,0.8,0.16,0.28888888888888886,0.4311111111111111,0.00539550489546465,0.003201509775993015,0.0059360705282805225,0.013696233076708657,0.138875,nan,nan,nan,nan,nan,nan,nan,nan,nan,nan,nan,nan,nan,nan,nan,nan,nan,nan,nan,nan,nan,nan,nan,nan,nan,nan,nan,nan,nan,nan,nan,nan,nan,nan,nan,nan,nan,nan,nan,nan,nan,nan,nan,nan,nan,nan,nan,nan,nan,nan,nan,nan,nan
90,13392,0.8586400000000001,-17.9091006269455,0.28888888888888886,0,203,0.31527093596059114,0.009852216748768473,0.33497536945812806,0.09852216748768473,0.0,0.6600985221674877,0.1724137931034483,0.16748768472906403,77.0,0.4236453201970443,0.03160493827160493,130.72476787567103,0.0021759032283382765,0.48957822637611226,0.8061583666244057,0.0,0.46938775510204084,0.10222222222222223,0.23555555555555555,0.28888888888888886,0.005585556583745139,0.0033499287840511116,0.005002683710439929,0.015415053814649582,0.13874999999999998,nan,nan,nan,nan,nan,nan,nan,nan,nan,nan,nan,nan,nan,nan,nan,nan,nan,nan,nan,nan,nan,nan,nan,nan,nan,nan,nan,nan,nan,nan,nan,nan,nan,nan,nan,nan,nan,nan,nan,nan,nan,nan,nan,nan,nan,nan,nan,nan,nan,nan,nan,nan,nan
91,13565,0.8568138888888889,-3.77440349721909,0.4,0,173,0.5144508670520231,0.057803468208092484,0.13872832369942195,0.05202312138728324,0.0,0.7109826589595376,0.12716763005780346,0.16184971098265896,27.0,0.21965317919075145,0.05717046238785369,120.20384283065765,0.003290706405391811,0.7404089412131573,0.9505235067008457,0.0,0.5853658536585366,0.16444444444444445,0.2311111111111111,0.3466666666666667,0.005979768033804638,0.003643801568874291,0.0055255376168393665,0.015699888712593486,0.138625,nan,nan,nan,nan,nan,nan,nan,nan,nan,nan,nan,nan,nan,nan,nan,nan,nan,nan,nan,nan,nan,nan,nan,nan,nan,nan,nan,nan,nan,nan,nan,nan,nan,nan,nan,nan,nan,nan,nan,nan,nan,nan,nan,nan,nan,nan,nan,nan,nan,nan,nan,nan,nan
92,13726,0.8551144444444445,-1.514392541408538,0.4311111111111111,0,161,0.5962732919254659,0.07453416149068323,0.049689440993788817,0.049689440993788817,0.0,0.7204968944099379,0.12422360248447205,0.15527950310559005,7.0,0.012422360248447204,0.06580086580086579,120.55611944198591,0.003539153952877419,0.7963096393974192,0.9888116187127285,0.0,0.8918918918918919,0.14666666666666667,0.2577777777777778,0.40444444444444444,0.006052816403098404,0.003686975920572877,0.006164338489595268,0.015120795794895716,0.13849999999999998,nan,nan,nan,nan,nan,nan,nan,nan,nan,nan,nan,nan,nan,nan,nan,nan,nan,nan,nan,nan,nan,nan,nan,nan,nan,nan,nan,nan,nan,nan,nan,nan,nan,nan,nan,nan,nan,nan,nan,nan,nan,nan,nan,nan,nan,nan,nan,nan,nan,nan,nan,nan,nan
93,13862,0.8536788888888889,-3.5261362314224254,0.3466666666666667,0,136,0.5661764705882353,0.014705882352941176,0.09558823529411764,0.07352941176470588,0.0,0.6764705882352942,0.19117647058823528,0.1323529411764706,16.0,0.09558823529411764,0.06457912457912458,100.33463077545147,0.0034108086069316815,0.7674319365596283,0.9301542765829671,0.007352941176470588,0.7352941176470589,0.1511111111111111,0.25333333333333335,nan,0.005744311077121113,0.0035559578432834576,0.005174360504107816,0.014723510082278932,0.138375,nan,nan,nan,nan,nan,nan,nan,nan,nan,nan,nan,nan,nan,nan,nan,nan,nan,nan,nan,nan,nan,nan,nan,nan,nan,nan,nan,nan,nan,nan,nan,nan,nan,nan,nan,nan,nan,nan,nan,nan,nan,nan,nan,nan,nan,nan,nan,nan,nan,nan,nan,nan,nan
94,14042,0.8517788888888889,-6.045087039947511,0.3688888888888889,0,180,0.45555555555555555,0.06666666666666667,0.16111111111111112,0.06666666666666667,0.0,0.6833333333333333,0.12777777777777777,0.18888888888888888,31.0,0.2611111111111111,0.04777777777777776,120.0960670471188,0.0030346076553985518,0.6827867224646742,0.9420051477979571,0.0,0.4888888888888889,0.1511111111111111,0.30666666666666664,0.3377777777777778,0.005626469517924956,0.003350789043387132,0.005225012660957873,0.015533225610852242,0.13824999999999998,nan,nan,nan,nan,nan,nan,nan,nan,nan,nan,nan,nan,nan,nan,nan,nan,nan,nan,nan,nan,nan,nan,nan,nan,nan,nan,nan,nan,nan,nan,nan,nan,nan,nan,nan,nan,nan,nan,nan,nan,nan,nan,nan,nan,nan,nan,nan,nan,nan,nan,nan,nan,nan
95,14216,0.8499422222222223,-7.009568284511567,0.29333333333333333,0,174,0.3735632183908046,0.10344827586206896,0.14367816091954022,0.08045977011494253,0.0,0.6206896551724138,0.1839080459770115,0.19540229885057472,32.0,0.3045977011494253,0.041322751322751324,120.19588842391944,0.0024034839517139335,0.5407838891356349,0.9482793186987979,0.0,0.5384615384615384,0.14222222222222222,0.26666666666666666,0.28444444444444444,0.00568283861503005,0.0036033093596675564,0.0046613762720621055,0.014356766960450582,0.138125,nan,nan,nan,nan,nan,nan,nan,nan,nan,nan,nan,nan,nan,nan,nan,nan,nan,nan,nan,nan,nan,nan,nan,nan,nan,nan,nan,nan,nan,nan,nan,nan,nan,nan,nan,nan,nan,nan,nan,nan,nan,nan,nan,nan,nan,nan,nan,nan,nan,nan,nan,nan,nan
96,14363,0.8483905555555555,-3.209849051713944,0.3511111111111111,0,147,0.5306122448979592,0.02040816326530612,0.1292517006802721,0.06802721088435375,0.0,0.6802721088435374,0.1292517006802721,0.19047619047619047,23.0,0.1292517006802721,0.05777777777777777,100.16999096870403,0.0034607836470203464,0.7786763205795779,0.9243910149068336,0.0,0.7222222222222222,0.12,0.28,nan,0.005864954669959843,0.003938301981958959,0.004046239075250924,0.013682716925229346,0.13799999999999998,nan,nan,nan,nan,nan,nan,nan,nan,nan,nan,nan,nan,nan,nan,nan,nan,nan,nan,nan,nan,nan,nan,nan,nan,nan,nan,nan,nan,nan,nan,nan,nan,nan,nan,nan,nan,nan,nan,nan,nan,nan,nan,nan,nan,nan,nan,nan,nan,nan,nan,nan,nan,nan
97,14535,0.846575,-4.295411257266999,0.37333333333333335,0,172,0.48255813953488375,0.046511627906976744,0.14534883720930233,0.05232558139534884,0.0,0.6744186046511628,0.1686046511627907,0.1569767441860465,18.0,0.1744186046511628,0.05304473304473305,120.08010721206641,0.003072023313881757,0.6912052456233952,0.9704909242034538,0.005813953488372093,0.5957446808510638,0.16444444444444445,0.27555555555555555,0.35555555555555557,0.006192261469550431,0.003697783037620996,0.006963359491367426,0.01534405111202172,0.137875,nan,nan,nan,nan,nan,nan,nan,nan,nan,nan,nan,nan,nan,nan,nan,nan,nan,nan,nan,nan,nan,nan,nan,nan,nan,nan,nan,nan,nan,nan,nan,nan,nan,nan,nan,nan,nan,nan,nan,nan,nan,nan,nan,nan,nan,nan,nan,nan,nan,nan,nan,nan,nan
98,14693,0.8449072222222223,-3.2203087234497074,0.37777777777777777,0,158,0.5316455696202531,0.0759493670886076,0.06329113924050633,0.056962025316455694,0.0,0.6708860759493671,0.12658227848101267,0.20253164556962025,13.0,0.11392405063291139,0.054682539682539666,120.64103546142572,0.0030945799818893676,0.6962804959251077,0.9702034720138683,0.006329113924050633,0.6744186046511628,0.13333333333333333,0.25333333333333335,0.37333333333333335,0.006217011150770954,0.003746754938869604,0.006557414391344147,0.01566972503704684,0.13774999999999998,nan,nan,nan,nan,nan,nan,nan,nan,nan,nan,nan,nan,nan,nan,nan,nan,nan,nan,nan,nan,nan,nan,nan,nan,nan,nan,nan,nan,nan,nan,nan,nan,nan,nan,nan,nan,nan,nan,nan,nan,nan,nan,nan,nan,nan,nan,nan,nan,nan,nan,nan,nan,nan
99,14847,0.8432816666666667,-3.5292927894592276,0.36,0,154,0.5194805194805194,0.032467532467532464,0.12987012987012986,0.045454545454545456,0.0,0.6818181818181818,0.16233766233766234,0.15584415584415584,12.0,0.07142857142857142,0.0541269841269841,110.62183609008768,0.0032141534449491504,0.7231845251135588,0.9571368018273009,0.0,0.6904761904761905,0.1288888888888889,0.26222222222222225,0.35555555555555557,0.006831614566700799,0.004508235042781702,0.005842656595632434,0.015192837853516852,0.137625,nan,nan,nan,nan,nan,nan,nan,nan,nan,nan,nan,nan,nan,nan,nan,nan,nan,nan,nan,nan,nan,nan,nan,nan,nan,nan,nan,nan,nan,nan,nan,nan,nan,nan,nan,nan,nan,nan,nan,nan,nan,nan,nan,nan,nan,nan,nan,nan,nan,nan,nan,nan,nan
100,14991,0.8417616666666667,-2.3182109231948855,0.36444444444444446,0,144,0.5625,0.020833333333333332,0.125,0.05555555555555555,0.0,0.7083333333333334,0.11805555555555555,0.1736111111111111,14.0,0.0763888888888889,0.06304093567251462,100.65915164947482,0.003576425929493499,0.8046958341360372,0.940507694751368,0.0,0.7352941176470589,0.16,0.23555555555555555,nan,0.006218315434775182,0.004016288290066379,0.0044707713615415355,0.015872960378016745,0.13749999999999998,-0.2188749376535429,0.4862222222222222,0.0,180.0,0.0,1.0,0.6217947279037493,0.1326333259324425,0.011416098134347774,0.020105728858201284,0.0009615384615384616,0.7658441519705397,0.2096699647317628,0.024485883297697592,37.6,0.18321278233406138,0.06550772234819853,132.13690416812892,0.0037156236945370485,0.836015331270836,0.0,0.0,0.51160321479287,0.18622222222222223,0.3564444444444444,0.46555555555555556,0.12080572044849258,0.5062222222222222,0.0,179.6,0.0,1.0,0.6307972677385755,0.13423923934449128,0.00949834076644076,0.015847896854166633,0.0,0.7745348478495077,0.20034671674704524,0.02511843540344716,25.9,0.15751184270359575,0.06684851031952482,133.21042171001426,0.0037635016006877598,0.8467878601547459,0.0,0.0,0.514702227500768,0.19466666666666665,0.3675555555555555,0.4785185185185185,0.9042777777777777
101,15148,0.8401044444444444,-6.29804493045807,0.32,0,157,0.45222929936305734,0.06369426751592357,0.15286624203821655,0.05732484076433121,0.0,0.6687898089171974,0.16560509554140126,0.16560509554140126,32.0,0.21019108280254778,0.04507936507936509,120.67661838531471,0.0026148856321777402,0.5883492672399915,0.9303643844816789,0.0,0.5581395348837209,0.13333333333333333,0.26666666666666666,0.32,0.009394164097362332,0.007127149130350777,0.004697352930504296,0.01621716150215694,0.137375,nan,nan,nan,nan,nan,nan,nan,nan,nan,nan,nan,nan,nan,nan,nan,nan,nan,nan,nan,nan,nan,nan,nan,nan,nan,nan,nan,nan,nan,nan,nan,nan,nan,nan,nan,nan,nan,nan,nan,nan,nan,nan,nan,nan,nan,nan,nan,nan,nan,nan,nan,nan,nan
102,15362,0.8378455555555555,-9.446302220106132,0.35555555555555557,0,214,0.3691588785046729,0.07009345794392523,0.18691588785046728,0.08411214953271028,0.0,0.6261682242990654,0.20093457943925233,0.17289719626168223,27.0,0.2757009345794392,0.03901234567901235,140.1647830486297,0.0025049880824150697,0.5636223185433906,0.922198298198018,0.0,0.5245901639344263,0.12444444444444444,0.2,0.24888888888888888,0.009066372344802533,0.006717248320845621,0.006326175793739302,0.01480856298335961,0.13724999999999998,nan,nan,nan,nan,nan,nan,nan,nan,nan,nan,nan,nan,nan,nan,nan,nan,nan,nan,nan,nan,nan,nan,nan,nan,nan,nan,nan,nan,nan,nan,nan,nan,nan,nan,nan,nan,nan,nan,nan,nan,nan,nan,nan,nan,nan,nan,nan,nan,nan,nan,nan,nan,nan
103,15552,0.83584,-7.717396931648257,0.35555555555555557,0,190,0.41578947368421054,0.05789473684210526,0.15263157894736842,0.07368421052631578,0.0,0.6263157894736842,0.18947368421052632,0.18421052631578946,32.0,0.2736842105263158,0.04611111111111112,120.0704469680782,0.0029242092452979474,0.6579470801920381,0.917568230532551,0.0,0.5614035087719298,0.14222222222222222,0.26666666666666666,0.27555555555555555,0.008563131426594086,0.006179233081638813,0.00625054568185338,0.015267922409943171,0.137125,nan,nan,nan,nan,nan,nan,nan,nan,nan,nan,nan,nan,nan,nan,nan,nan,nan,nan,nan,nan,nan,nan,nan,nan,nan,nan,nan,nan,nan,nan,nan,nan,nan,nan,nan,nan,nan,nan,nan,nan,nan,nan,nan,nan,nan,nan,nan,nan,nan,nan,nan,nan,nan
104,15692,0.8343622222222222,-3.385327697515488,0.3244444444444444,0,140,0.5142857142857142,0.03571428571428571,0.12142857142857143,0.05714285714285714,0.0,0.6714285714285714,0.18571428571428572,0.14285714285714285,15.0,0.07142857142857142,0.05580246913580247,100.90788283348074,0.003171209136634721,0.7135220557428121,0.9660914507961597,0.0,0.7368421052631579,0.13333333333333333,0.22666666666666666,nan,0.008652058995461889,0.006418653364692416,0.0048010768036225015,0.015756580446447645,0.13699999999999998,nan,nan,nan,nan,nan,nan,nan,nan,nan,nan,nan,nan,nan,nan,nan,nan,nan,nan,nan,nan,nan,nan,nan,nan,nan,nan,nan,nan,nan,nan,nan,nan,nan,nan,nan,nan,nan,nan,nan,nan,nan,nan,nan,nan,nan,nan,nan,nan,nan,nan,nan,nan,nan
105,15904,0.8321244444444444,-3.5040492529869125,0.47555555555555556,0,212,0.5,0.05188679245283019,0.1320754716981132,0.05188679245283019,0.0,0.6839622641509434,0.19339622641509435,0.12264150943396226,22.0,0.1509433962264151,0.05555555555555555,140.20999288558954,0.003360039476612304,0.7560088822377683,0.9161875195326935,0.0,0.6363636363636364,0.13777777777777778,0.26666666666666666,0.36,0.008328150492161512,0.005969411726774914,0.005836015849906419,0.015599340998700686,0.136875,nan,nan,nan,nan,nan,nan,nan,nan,nan,nan,nan,nan,nan,nan,nan,nan,nan,nan,nan,nan,nan,nan,nan,nan,nan,nan,nan,nan,nan,nan,nan,nan,nan,nan,nan,nan,nan,nan,nan,nan,nan,nan,nan,nan,nan,nan,nan,nan,nan,nan,nan,nan,nan
106,16058,0.8304988888888889,-0.5135522465705847,0.40444444444444444,0,154,0.5844155844155844,0.025974025974025976,0.06493506493506493,0.025974025974025976,0.006493506493506494,0.6753246753246753,0.11038961038961038,0.21428571428571427,8.0,0.01948051948051948,0.0638095238095238,100.1862118721006,0.0039925653692810216,0.8983272080882299,0.9847135338198003,0.0,0.8478260869565217,0.13777777777777778,0.26222222222222225,0.39555555555555555,0.00766724517701992,0.005606458555640919,0.004044112117428865,0.015077543311885424,0.13674999999999998,nan,nan,nan,nan,nan,nan,nan,nan,nan,nan,nan,nan,nan,nan,nan,nan,nan,nan,nan,nan,nan,nan,nan,nan,nan,nan,nan,nan,nan,nan,nan,nan,nan,nan,nan,nan,nan,nan,nan,nan,nan,nan,nan,nan,nan,nan,nan,nan,nan,nan,nan,nan,nan
107,16246,0.8285144444444444,-3.351358436584473,0.4711111111111111,0,188,0.5585106382978723,0.031914893617021274,0.13297872340425532,0.031914893617021274,0.0,0.723404255319149,0.12234042553191489,0.15425531914893617,16.0,0.06914893617021277,0.06141025641025641,140.12722320556605,0.003330306959569652,0.7493190659031717,0.950670219484098,0.0,0.717391304347826,0.14666666666666667,0.3022222222222222,0.4,0.007882336952856608,0.005451749378283109,0.005305364312204931,0.017057420951979502,0.136625,nan,nan,nan,nan,nan,nan,nan,nan,nan,nan,nan,nan,nan,nan,nan,nan,nan,nan,nan,nan,nan,nan,nan,nan,nan,nan,nan,nan,nan,nan,nan,nan,nan,nan,nan,nan,nan,nan,nan,nan,nan,nan,nan,nan,nan,nan,nan,nan,nan,nan,nan,nan,nan
108,16393,0.8269627777777778,-4.855157380580906,0.32,0,147,0.48299319727891155,0.061224489795918366,0.16326530612244897,0.047619047619047616,0.0,0.7074829931972789,0.14965986394557823,0.14285714285714285,37.0,0.21768707482993196,0.053703703703703705,100.45864171981793,0.003141148936053199,0.7067585106119697,0.9379795045999014,0.0,0.5555555555555556,0.1688888888888889,0.21333333333333335,nan,0.008086223620921373,0.005721442401409149,0.00543091755493411,0.016234609431454113,0.13649999999999998,nan,nan,nan,nan,nan,nan,nan,nan,nan,nan,nan,nan,nan,nan,nan,nan,nan,nan,nan,nan,nan,nan,nan,nan,nan,nan,nan,nan,nan,nan,nan,nan,nan,nan,nan,nan,nan,nan,nan,nan,nan,nan,nan,nan,nan,nan,nan,nan,nan,nan,nan,nan,nan
109,16559,0.8252105555555556,-15.103411607265468,0.19555555555555557,0,166,0.25903614457831325,0.09036144578313253,0.2469879518072289,0.12650602409638553,0.0,0.5963855421686747,0.20481927710843373,0.19879518072289157,80.0,0.5,0.02765873015873016,100.35630102157567,0.0019043259781966655,0.4284733450942497,0.8133938887633574,0.006024096385542169,0.32608695652173914,0.13333333333333333,0.17777777777777778,0.19111111111111112,0.008023673202842474,0.005736829613202384,0.005000245973600873,0.01604934994663511,0.136375,nan,nan,nan,nan,nan,nan,nan,nan,nan,nan,nan,nan,nan,nan,nan,nan,nan,nan,nan,nan,nan,nan,nan,nan,nan,nan,nan,nan,nan,nan,nan,nan,nan,nan,nan,nan,nan,nan,nan,nan,nan,nan,nan,nan,nan,nan,nan,nan,nan,nan,nan,nan,nan
110,16682,0.8239122222222223,-1.5064399752616886,0.3422222222222222,0,123,0.6178861788617886,0.04065040650406504,0.10569105691056911,0.008130081300813009,0.008130081300813009,0.7642276422764228,0.12195121951219512,0.11382113821138211,5.0,0.0,0.06863768115942029,90.03276166915883,0.0037517207238294153,0.8441371628616183,0.9904750172743594,0.0,0.8571428571428571,0.1288888888888889,0.28,nan,0.007649621194494622,0.005180450555469308,0.0043234788712912375,0.01880096590944699,0.13624999999999998,nan,nan,nan,nan,nan,nan,nan,nan,nan,nan,nan,nan,nan,nan,nan,nan,nan,nan,nan,nan,nan,nan,nan,nan,nan,nan,nan,nan,nan,nan,nan,nan,nan,nan,nan,nan,nan,nan,nan,nan,nan,nan,nan,nan,nan,nan,nan,nan,nan,nan,nan,nan,nan
111,16837,0.8222761111111111,-4.871220196485524,0.32,0,155,0.45806451612903226,0.025806451612903226,0.15483870967741936,0.08387096774193549,0.0064516129032258064,0.6387096774193548,0.22580645161290322,0.13548387096774195,14.0,0.1032258064516129,0.05269841269841271,104.34495425224289,0.0030241573041733614,0.6804353934390063,0.9219222108328344,0.0064516129032258064,0.5581395348837209,0.09333333333333334,0.18222222222222223,0.30666666666666664,0.007530151966160962,0.0051857140746765906,0.0037956719253478305,0.01827752004776682,0.136125,nan,nan,nan,nan,nan,nan,nan,nan,nan,nan,nan,nan,nan,nan,nan,nan,nan,nan,nan,nan,nan,nan,nan,nan,nan,nan,nan,nan,nan,nan,nan,nan,nan,nan,nan,nan,nan,nan,nan,nan,nan,nan,nan,nan,nan,nan,nan,nan,nan,nan,nan,nan,nan
112,16996,0.8205977777777778,-2.0767383351325988,0.40444444444444444,0,159,0.5660377358490566,0.025157232704402517,0.0880503144654088,0.050314465408805034,0.006289308176100629,0.6792452830188679,0.16981132075471697,0.1509433962264151,11.0,0.050314465408805034,0.0582716049382716,110.59750795364359,0.0036167180201533843,0.8137615545345115,0.9849866929252981,0.0,0.7906976744186046,0.1111111111111111,0.2311111111111111,0.4,0.007279456227219531,0.005084952173222389,0.003978165814519993,0.016534733985151564,0.13599999999999998,nan,nan,nan,nan,nan,nan,nan,nan,nan,nan,nan,nan,nan,nan,nan,nan,nan,nan,nan,nan,nan,nan,nan,nan,nan,nan,nan,nan,nan,nan,nan,nan,nan,nan,nan,nan,nan,nan,nan,nan,nan,nan,nan,nan,nan,nan,nan,nan,nan,nan,nan,nan,nan
113,17112,0.8193733333333333,-0.7094553060531608,0.37333333333333335,0,116,0.7155172413793104,0.017241379310344827,0.008620689655172414,0.05172413793103448,0.017241379310344827,0.7413793103448276,0.1896551724137931,0.06896551724137931,4.0,0.0,0.0782777777777778,90.03290767669668,0.004097267303790177,0.9218851433527897,0.9760623661848178,0.0,0.9583333333333334,0.16,0.3333333333333333,nan,0.007323123947052019,0.005118925623329622,0.0038783178232344134,0.01677231809922627,0.135875,nan,nan,nan,nan,nan,nan,nan,nan,nan,nan,nan,nan,nan,nan,nan,nan,nan,nan,nan,nan,nan,nan,nan,nan,nan,nan,nan,nan,nan,nan,nan,nan,nan,nan,nan,nan,nan,nan,nan,nan,nan,nan,nan,nan,nan,nan,nan,nan,nan,nan,nan,nan,nan
114,17234,0.8180855555555555,-4.927674234867099,0.2,0,122,0.36065573770491804,0.09836065573770492,0.18032786885245902,0.06557377049180328,0.00819672131147541,0.639344262295082,0.1885245901639344,0.1721311475409836,26.0,0.2786885245901639,0.040080808080808085,80.53023080825784,0.002428349622158324,0.5463786649856229,0.9384180953290525,0.0,0.3055555555555556,0.1111111111111111,0.16444444444444445,nan,0.007411596564842122,0.005225440004973539,0.004820520191320351,0.015317709052136965,0.13575,nan,nan,nan,nan,nan,nan,nan,nan,nan,nan,nan,nan,nan,nan,nan,nan,nan,nan,nan,nan,nan,nan,nan,nan,nan,nan,nan,nan,nan,nan,nan,nan,nan,nan,nan,nan,nan,nan,nan,nan,nan,nan,nan,nan,nan,nan,nan,nan,nan,nan,nan,nan,nan
115,17443,0.8158794444444445,-2.2293944082260118,0.4711111111111111,0,209,0.5023923444976076,0.09090909090909091,0.08133971291866028,0.05741626794258373,0.0,0.6746411483253588,0.1722488038277512,0.15311004784688995,25.0,0.15311004784688995,0.05185185185185184,140.67042293548565,0.0033174469581334068,0.7464255655800165,0.9656541493407402,0.004784688995215311,0.625,0.13333333333333333,0.28,0.4177777777777778,0.00783878963972841,0.0054883224490497795,0.00474294474614518,0.017072053626179695,0.135625,nan,nan,nan,nan,nan,nan,nan,nan,nan,nan,nan,nan,nan,nan,nan,nan,nan,nan,nan,nan,nan,nan,nan,nan,nan,nan,nan,nan,nan,nan,nan,nan,nan,nan,nan,nan,nan,nan,nan,nan,nan,nan,nan,nan,nan,nan,nan,nan,nan,nan,nan,nan,nan
116,17613,0.814085,-2.176797299385071,0.41333333333333333,0,170,0.5411764705882353,0.058823529411764705,0.06470588235294118,0.07058823529411765,0.0,0.6647058823529411,0.19411764705882353,0.1411764705882353,8.0,0.029411764705882353,0.05952380952380952,120.11235523223854,0.003404220057947393,0.7659495130381633,0.9389097518944802,0.0,0.8,0.16,0.28,0.38222222222222224,0.006926340184041432,0.004755108850076795,0.004420259027808372,0.015722859650850296,0.1355,nan,nan,nan,nan,nan,nan,nan,nan,nan,nan,nan,nan,nan,nan,nan,nan,nan,nan,nan,nan,nan,nan,nan,nan,nan,nan,nan,nan,nan,nan,nan,nan,nan,nan,nan,nan,nan,nan,nan,nan,nan,nan,nan,nan,nan,nan,nan,nan,nan,nan,nan,nan,nan
117,17769,0.8124383333333334,-9.396602970600133,0.18666666666666668,0,156,0.26282051282051283,0.09615384615384616,0.25,0.12179487179487179,0.00641025641025641,0.6089743589743589,0.21153846153846154,0.1794871794871795,32.0,0.40384615384615385,0.026031746031746034,100.14859972000099,0.0018195184229403665,0.40939164516158244,0.9141651723143761,0.00641025641025641,0.3902439024390244,0.09333333333333334,0.16444444444444445,0.18666666666666668,0.0071068996164415565,0.0049149581297699895,0.004420740995556116,0.01593483771596636,0.135375,nan,nan,nan,nan,nan,nan,nan,nan,nan,nan,nan,nan,nan,nan,nan,nan,nan,nan,nan,nan,nan,nan,nan,nan,nan,nan,nan,nan,nan,nan,nan,nan,nan,nan,nan,nan,nan,nan,nan,nan,nan,nan,nan,nan,nan,nan,nan,nan,nan,nan,nan,nan,nan
118,17912,0.8109288888888889,-3.347437871456146,0.30666666666666664,0,143,0.4755244755244755,0.06993006993006994,0.1048951048951049,0.07692307692307693,0.0,0.6503496503496503,0.17482517482517482,0.17482517482517482,16.0,0.08391608391608392,0.05209876543209876,100.18512258529645,0.003016637744440685,0.6787434924991541,0.9750496291728832,0.0,0.6666666666666666,0.09777777777777778,0.21777777777777776,nan,0.00752877038238304,0.00533709951144244,0.0034385346474924256,0.017266090427126204,0.13525,nan,nan,nan,nan,nan,nan,nan,nan,nan,nan,nan,nan,nan,nan,nan,nan,nan,nan,nan,nan,nan,nan,nan,nan,nan,nan,nan,nan,nan,nan,nan,nan,nan,nan,nan,nan,nan,nan,nan,nan,nan,nan,nan,nan,nan,nan,nan,nan,nan,nan,nan,nan,nan
119,18084,0.8091133333333334,-0.667544835805892,0.4711111111111111,0,172,0.6104651162790697,0.040697674418604654,0.046511627906976744,0.06976744186046512,0.0,0.6976744186046512,0.1569767441860465,0.14534883720930233,8.0,0.029069767441860465,0.06735930735930737,120.10042700767488,0.003885637031389113,0.8742683320625504,0.9674485942804629,0.0,0.8205128205128205,0.1688888888888889,0.31555555555555553,0.43555555555555553,0.007425927157912936,0.005224143537426633,0.003956759681126901,0.01667126454412937,0.135125,nan,nan,nan,nan,nan,nan,nan,nan,nan,nan,nan,nan,nan,nan,nan,nan,nan,nan,nan,nan,nan,nan,nan,nan,nan,nan,nan,nan,nan,nan,nan,nan,nan,nan,nan,nan,nan,nan,nan,nan,nan,nan,nan,nan,nan,nan,nan,nan,nan,nan,nan,nan,nan
120,18268,0.8071711111111111,-4.121302726745607,0.4311111111111111,0,184,0.5217391304347826,0.043478260869565216,0.10326086956521739,0.10326086956521739,0.0,0.6684782608695652,0.19021739130434784,0.14130434782608695,42.0,0.22282608695652173,0.060246913580246905,120.21240692138637,0.0035492731373866254,0.7985864559119906,0.9296051684574236,0.0,0.5853658536585366,0.1688888888888889,0.3244444444444444,0.38222222222222224,0.0069780000818095034,0.00468796634647463,0.004743517659205411,0.01649658754467964,0.135,0.2124584561824781,0.5097777777777778,0.0,178.2,0.0,1.0,0.6523340000225948,0.1271947360887196,0.0029785032303752523,0.02290610459905981,0.0,0.7825072393416896,0.20321962666600107,0.014273133992309322,32.6,0.1527182817941362,0.06838928913995748,132.2842051792144,0.003868213659088551,0.8703480732949238,0.0,0.0,0.5082918145330907,0.19866666666666669,0.36311111111111116,0.4983333333333333,0.05347906396388813,0.4928888888888888,0.0,162.9,0.0,1.0,0.6751053852018071,0.11590212582790811,0.0025574717574717576,0.02680439493230639,0.0,0.7935649827871869,0.19281211895488398,0.01362289825792909,23.4,0.13557141903893105,0.07308784171075837,127.47734224796284,0.003823376437498409,0.860259698437142,0.0,0.0,0.5234052084963052,0.18844444444444444,0.3608888888888889,0.505925925925926,0.9506833333333333
