update,episodes_seen,global_step,rollout_ext_reward_mean,rollout_int_reward_mean,train_reward_mean,train_coverage_mean,train_final_health_mean,train_length_mean,train_new_tile_rate_mean,train_revisit_rate_mean,train_wall_hit_rate_mean,train_turn_streak_rate_mean,train_hazard_contact_rate_mean,train_action_forward_rate_mean,train_action_left_rate_mean,train_action_right_rate_mean,train_max_no_new_tile_streak_mean,train_stagnation_step_rate_mean,train_coverage_gain_25_mean,train_turn_oscillation_rate_mean,train_forward_after_turn_success_rate_mean,train_coverage_at_step_50_mean,train_coverage_at_step_100_mean,train_coverage_at_step_150_mean,mean_total_loss,mean_policy_loss,mean_ext_value_loss,mean_int_value_loss,mean_rnd_loss,mean_entropy,mean_turn_balance_loss,mean_turn_floor_loss,eval_reward_mean,eval_coverage_mean,eval_final_health_mean,eval_length_mean,eval_survival_rate,eval_death_rate,eval_new_tile_rate_mean,eval_revisit_rate_mean,eval_wall_hit_rate_mean,eval_turn_streak_rate_mean,eval_hazard_contact_rate_mean,eval_action_forward_rate_mean,eval_action_left_rate_mean,eval_action_right_rate_mean,eval_max_no_new_tile_streak_mean,eval_stagnation_step_rate_mean,eval_coverage_gain_25_mean,eval_turn_oscillation_rate_mean,eval_forward_after_turn_success_rate_mean,eval_coverage_at_step_50_mean,eval_coverage_at_step_100_mean,eval_coverage_at_step_150_mean,holdout_eval_reward_mean,holdout_eval_coverage_mean,holdout_eval_final_health_mean,holdout_eval_length_mean,holdout_eval_survival_rate,holdout_eval_death_rate,holdout_eval_new_tile_rate_mean,holdout_eval_revisit_rate_mean,holdout_eval_wall_hit_rate_mean,holdout_eval_turn_streak_rate_mean,holdout_eval_hazard_contact_rate_mean,holdout_eval_action_forward_rate_mean,holdout_eval_action_left_rate_mean,holdout_eval_action_right_rate_mean,holdout_eval_max_no_new_tile_streak_mean,holdout_eval_stagnation_step_rate_mean,holdout_eval_coverage_gain_25_mean,holdout_eval_turn_oscillation_rate_mean,holdout_eval_forward_after_turn_success_rate_mean,holdout_eval_coverage_at_step_50_mean,holdout_eval_coverage_at_step_100_mean,holdout_eval_coverage_at_step_150_mean,eval_soft_score
1,3,1024,-0.03408011049032211,0.42848485708236694,-6.997303644816081,0.15407407407407406,0.0,118.66666666666667,0.2816836151681887,0.07377159373529608,0.09068648633076944,0.2781114664054773,0.008443042472080584,0.44614169523425423,0.30679668519958897,0.2470616195661568,15.666666666666666,0.19634094815583017,0.028368606701940035,0.04361958536187211,0.7105429292929294,0.08296296296296296,0.14222222222222222,nan,10.534335970878601,-0.002922646701335907,0.20137799251824617,20.896496772766113,0.008909965050406754,1.0295343548059464,6.455881248257356e-05,0.0,-75.43081743428708,0.03955555555555555,0.0,120.8,0.0,1.0,0.06631695515342251,0.0,0.9320635851035929,0.0,0.0,0.9983805402570155,0.0,0.001619459742984527,112.7,0.8899067625791466,0.006555555555555555,0.0,0.2,0.03955555555555555,0.04,nan,-72.11182102441788,0.03955555555555555,0.0,117.9,0.0,1.0,0.06792441682825077,0.0,0.9288233356836477,0.0,0.0,0.9967477525118985,0.000819672131147541,0.0024325753569539926,109.6,0.8855374430258618,0.006918518518518518,0.0,0.3,0.03955555555555555,0.04,nan,-0.1364236162251945
2,11,2048,-0.045319825410842896,0.1525079756975174,-5.327360600233078,0.21500000000000002,-0.5,137.5,0.36111126093693496,0.05956911500373649,0.059461982569683096,0.23560881506967293,0.01942423002047828,0.4801423585103546,0.24525089626612082,0.2746067452235246,13.125,0.12545242747830104,0.041550998445187046,0.025965579786743038,0.7584586900798055,0.0907936507936508,0.16177777777777777,0.22333333333333333,0.9647425264120102,-0.0020065438002347946,0.23729843832552433,1.7272730469703674,0.004050851101055741,0.9794616252183914,5.717664055282512e-05,0.0,nan,nan,nan,nan,nan,nan,nan,nan,nan,nan,nan,nan,nan,nan,nan,nan,nan,nan,nan,nan,nan,nan,nan,nan,nan,nan,nan,nan,nan,nan,nan,nan,nan,nan,nan,nan,nan,nan,nan,nan,nan,nan,nan,nan,nan
3,20,3072,-0.046168915927410126,0.06272896379232407,-5.36728490723504,0.2069135802469136,-0.2222222222222222,123.77777777777777,0.3951000085236525,0.06321107386028615,0.09385120638695335,0.1667235754056215,0.014381815263036177,0.552162288770892,0.22491493699388757,0.22292277423522033,14.555555555555555,0.14061401408950502,0.041872245036790386,0.01439111881778458,0.7311890521974556,0.09611111111111112,0.17396825396825397,0.2074074074074074,0.23286743182688951,0.00021800457034260035,0.1250067837536335,0.37195499800145626,0.0023573120997752994,0.9095695465803146,8.767729377723299e-05,0.0,nan,nan,nan,nan,nan,nan,nan,nan,nan,nan,nan,nan,nan,nan,nan,nan,nan,nan,nan,nan,nan,nan,nan,nan,nan,nan,nan,nan,nan,nan,nan,nan,nan,nan,nan,nan,nan,nan,nan,nan,nan,nan,nan,nan,nan
4,28,4096,-0.03639434278011322,0.04490837827324867,-5.2093455493450165,0.19333333333333333,0.0,114.75,0.3766187612591085,0.08603908690462797,0.12367452472564422,0.14822383464504257,0.011197901747712475,0.5863323728893807,0.2015823509311359,0.21208527617948345,20.375,0.18748221506684554,0.042107794647649716,0.010658130634391083,0.6599773116317234,0.10388888888888889,0.16634920634920633,0.25333333333333335,0.16242338716983795,-9.063258767127991e-05,0.13348971400409937,0.22648753970861435,0.0018659501656657085,0.9670482724905014,1.3515689820664534e-05,0.0,nan,nan,nan,nan,nan,nan,nan,nan,nan,nan,nan,nan,nan,nan,nan,nan,nan,nan,nan,nan,nan,nan,nan,nan,nan,nan,nan,nan,nan,nan,nan,nan,nan,nan,nan,nan,nan,nan,nan,nan,nan,nan,nan,nan,nan
5,33,5120,-0.05399010330438614,0.03175985813140869,-7.586180591583252,0.24266666666666664,0.0,163.6,0.3272124007570272,0.08117775676779176,0.15305381684703132,0.16718352863359198,0.003743461842917581,0.5614439743718502,0.20585252928465922,0.23270349634349055,33.6,0.25256387589470053,0.03670843825745786,0.018020696081782497,0.5874528738706893,0.10222222222222221,0.16711111111111113,0.20296296296296293,0.20722323469817638,-0.0024861744605004787,0.3094763960689306,0.14194063190370798,0.00165682724036742,0.8828009516000748,3.313474294941443e-06,0.0,nan,nan,nan,nan,nan,nan,nan,nan,nan,nan,nan,nan,nan,nan,nan,nan,nan,nan,nan,nan,nan,nan,nan,nan,nan,nan,nan,nan,nan,nan,nan,nan,nan,nan,nan,nan,nan,nan,nan,nan,nan,nan,nan,nan,nan
6,42,6144,-0.03958718851208687,0.041156306862831116,-7.51358249452379,0.24000000000000002,-0.3333333333333333,151.66666666666666,0.3539325056604776,0.08889527221994621,0.1689910303954966,0.12416043456786009,0.0032053522428215162,0.6118188082759204,0.1970549603418977,0.19112623138218188,25.77777777777778,0.2439382705946038,0.039059038919605375,0.012163770464504755,0.5943122061084117,0.10814814814814816,0.18222222222222223,0.22755555555555557,0.17073362227529287,0.0006032773526385427,0.1701162587851286,0.2047872096300125,0.0015641197969671339,0.9442913755774498,1.0609304915476514e-05,0.0,nan,nan,nan,nan,nan,nan,nan,nan,nan,nan,nan,nan,nan,nan,nan,nan,nan,nan,nan,nan,nan,nan,nan,nan,nan,nan,nan,nan,nan,nan,nan,nan,nan,nan,nan,nan,nan,nan,nan,nan,nan,nan,nan,nan,nan
7,49,7168,-0.046804748475551605,0.02964383363723755,-5.876088125365121,0.2361904761904762,0.0,144.42857142857142,0.3784143570584723,0.08535316704023176,0.1559819050271928,0.12154337197849643,0.003674456989038243,0.6197494291258969,0.17488614504244884,0.20536442583165426,24.714285714285715,0.22905673028927445,0.04208962730391302,0.010886155644651816,0.6283460061905334,0.11936507936507935,0.2038095238095238,0.22488888888888886,0.16921371221542358,0.0005274061113595963,0.2166689457371831,0.15412882063537836,0.0012127453810535371,0.8962735012173653,5.1767922446543935e-06,0.0,nan,nan,nan,nan,nan,nan,nan,nan,nan,nan,nan,nan,nan,nan,nan,nan,nan,nan,nan,nan,nan,nan,nan,nan,nan,nan,nan,nan,nan,nan,nan,nan,nan,nan,nan,nan,nan,nan,nan,nan,nan,nan,nan,nan,nan
8,54,8192,-0.038603466004133224,0.029506580904126167,-4.835963487625122,0.24177777777777779,0.0,131.6,0.41883625799385926,0.06404058505065095,0.13315243160137985,0.11836674590994353,0.008596068110918703,0.6160292746458901,0.18643556741924985,0.19753515793486,19.6,0.1673334338692513,0.045994255479969756,0.007475973739379896,0.6824161770466117,0.12444444444444444,0.2026666666666667,0.24222222222222223,0.10806770343333483,0.00020920764654874802,0.15549760032445192,0.09531005658209324,0.0011303634528303519,0.9338539317250252,4.619158099217202e-05,0.0,nan,nan,nan,nan,nan,nan,nan,nan,nan,nan,nan,nan,nan,nan,nan,nan,nan,nan,nan,nan,nan,nan,nan,nan,nan,nan,nan,nan,nan,nan,nan,nan,nan,nan,nan,nan,nan,nan,nan,nan,nan,nan,nan,nan,nan
9,60,9216,-0.030234770849347115,0.03093542717397213,-6.537764072418213,0.25851851851851854,0.0,161.83333333333334,0.3679074396613156,0.084983259837911,0.16623205084929893,0.1135609920978138,0.005832587954680978,0.6191227503485256,0.1951618911163485,0.185715358535126,22.166666666666668,0.20906425341987359,0.040008083480305705,0.008863832313444717,0.6351298084631417,0.1111111111111111,0.1928888888888889,0.24333333333333335,0.09354180772788823,-0.0035994203644804657,0.13508364744484425,0.09392447583377361,0.0010710842470871285,0.9217397943139076,2.938354947445987e-05,0.0,nan,nan,nan,nan,nan,nan,nan,nan,nan,nan,nan,nan,nan,nan,nan,nan,nan,nan,nan,nan,nan,nan,nan,nan,nan,nan,nan,nan,nan,nan,nan,nan,nan,nan,nan,nan,nan,nan,nan,nan,nan,nan,nan,nan,nan
10,67,10240,-0.028639070689678192,0.02862217091023922,-4.201066766466413,0.3244444444444445,-0.2857142857142857,176.85714285714286,0.4117629654022676,0.10965068821894297,0.05648982010097281,0.13241967105316516,0.0028797643459297596,0.5779034737221833,0.23250099233362867,0.189595533944188,23.857142857142858,0.16295118658061644,0.04597673637356177,0.015945367364484566,0.7026915117035092,0.11936507936507935,0.19428571428571426,0.28074074074074074,0.06605930998921394,0.0007409953977912664,0.0835807928815484,0.08253927156329155,0.0009485661139478907,0.9345264434814453,8.247333085797948e-06,0.0,-73.64994146220684,0.04488888888888889,0.0,120.5,0.0,1.0,0.07647457165893973,0.0,0.9210595276489955,0.0,0.0,0.9975340993079354,0.0024659006920647723,0.0,111.1,0.8788027317841065,0.00762222222222222,0.0,0.2,0.04488888888888889,0.045925925925925926,nan,-71.23261693060398,0.03955555555555555,0.0,117.0,0.0,1.0,0.06845064544729323,0.0,0.9290543876932945,0.0,0.0,0.9975050331405878,0.001668520578420467,0.0008264462809917355,108.8,0.8854565375232177,0.006918518518518518,0.0,0.3,0.03955555555555555,0.04,nan,-0.12445874292070747
11,73,11264,-0.036417510360479355,0.025169197469949722,-5.659314592679341,0.27481481481481485,-0.16666666666666666,156.0,0.4068890364799283,0.06725468301290648,0.1107670993210335,0.1380501864235642,0.004711089388508743,0.5849108188138682,0.22970996754765363,0.18537921363847812,14.166666666666666,0.1286580543630516,0.045621859018598165,0.016277074950957458,0.7112975337031942,0.10962962962962963,0.19911111111111113,0.2611111111111111,0.06747562834061682,-0.0012146587832830846,0.08265923149883747,0.08964267373085022,0.0008325693706865422,0.9146920666098595,2.0212968770860762e-05,0.0,nan,nan,nan,nan,nan,nan,nan,nan,nan,nan,nan,nan,nan,nan,nan,nan,nan,nan,nan,nan,nan,nan,nan,nan,nan,nan,nan,nan,nan,nan,nan,nan,nan,nan,nan,nan,nan,nan,nan,nan,nan,nan,nan,nan,nan
12,81,12288,-0.03876720741391182,0.024077383801341057,-5.743375808000565,0.23500000000000001,-0.25,143.25,0.372409329107498,0.08655418117392463,0.145504873807529,0.13103782754461163,0.006828959192548761,0.6044683840889516,0.2026768004054399,0.19285481550560846,19.75,0.20471789033670262,0.041155578603495266,0.0165213816487464,0.6029662591228806,0.10777777777777778,0.17629629629629628,0.21185185185185185,0.1008206584956497,-0.0003325594589114189,0.15087714418768883,0.08384981472045183,0.0007534061223850586,0.84823077917099,3.17149693103147e-05,0.0,nan,nan,nan,nan,nan,nan,nan,nan,nan,nan,nan,nan,nan,nan,nan,nan,nan,nan,nan,nan,nan,nan,nan,nan,nan,nan,nan,nan,nan,nan,nan,nan,nan,nan,nan,nan,nan,nan,nan,nan,nan,nan,nan,nan,nan
13,91,13312,-0.04006735235452652,0.02886147052049637,-4.30446971654892,0.23777777777777778,-0.3,119.2,0.4428533935954131,0.10825616797062505,0.12152287025435109,0.07936324719411884,0.008888432351817691,0.6726324318203893,0.17736238245011102,0.15000518572949978,14.9,0.14143262828489153,0.04836918914418914,0.004933485290938007,0.6588892119189672,0.12000000000000002,0.2076190476190476,0.27555555555555555,0.11535406019538641,-0.0010075108148157597,0.17579528968781233,0.08948238007724285,0.0008209190127672628,0.8549222052097321,8.266436661519272e-06,0.0,nan,nan,nan,nan,nan,nan,nan,nan,nan,nan,nan,nan,nan,nan,nan,nan,nan,nan,nan,nan,nan,nan,nan,nan,nan,nan,nan,nan,nan,nan,nan,nan,nan,nan,nan,nan,nan,nan,nan,nan,nan,nan,nan,nan,nan
14,98,14336,-0.04174336791038513,0.020443890243768692,-5.904273169381278,0.2253968253968254,-0.14285714285714285,134.28571428571428,0.3815094498073665,0.12547614057114043,0.17880242676568223,0.0754926158682744,0.005533801287586673,0.6857880171441894,0.1741660128338933,0.14004597002191752,25.142857142857142,0.2596355600575344,0.042346269452622286,0.0065064344226887505,0.5518719375862233,0.10793650793650793,0.18222222222222223,0.20444444444444446,0.09956175507977605,-0.0012875432148575783,0.1820099800825119,0.05488485191017389,0.0006258696303120814,0.9112166985869408,1.1360524883485823e-05,0.0,nan,nan,nan,nan,nan,nan,nan,nan,nan,nan,nan,nan,nan,nan,nan,nan,nan,nan,nan,nan,nan,nan,nan,nan,nan,nan,nan,nan,nan,nan,nan,nan,nan,nan,nan,nan,nan,nan,nan,nan,nan,nan,nan,nan,nan
15,104,15360,-0.05145656317472458,0.01839010789990425,-5.649267752965291,0.23703703703703702,-0.3333333333333333,137.0,0.3836050984964569,0.0918288867605246,0.1726778239280686,0.09465863820797492,0.008046177183293023,0.6481118091850501,0.18654935570408906,0.16533883511086084,19.0,0.19153186612071435,0.041769085411942554,0.007839506172839506,0.628589629953558,0.10814814814814815,0.1948148148148148,0.2681481481481482,0.08103322074748576,-0.000303380424156785,0.15743836760520935,0.04124663886614144,0.0006314445417956449,0.9318992868065834,2.112757093897244e-05,0.0,nan,nan,nan,nan,nan,nan,nan,nan,nan,nan,nan,nan,nan,nan,nan,nan,nan,nan,nan,nan,nan,nan,nan,nan,nan,nan,nan,nan,nan,nan,nan,nan,nan,nan,nan,nan,nan,nan,nan,nan,nan,nan,nan,nan,nan
16,112,16384,-0.04776816815137863,0.019295096397399902,-8.181275010108948,0.23944444444444443,-0.125,167.75,0.32256823201490603,0.08599292788468135,0.17020937179598383,0.14843499267158203,0.002640234874486843,0.5787705316955712,0.22346381603403992,0.19776565227038884,34.5,0.2796654359652778,0.03537244152046784,0.01534891102260982,0.5435924353343582,0.10999999999999999,0.15444444444444444,0.2122222222222222,0.07653315574862063,0.00010183826088905334,0.1575190145522356,0.030873984331265092,0.0005854988485225476,0.917566753923893,2.1754382593774935e-05,0.0,nan,nan,nan,nan,nan,nan,nan,nan,nan,nan,nan,nan,nan,nan,nan,nan,nan,nan,nan,nan,nan,nan,nan,nan,nan,nan,nan,nan,nan,nan,nan,nan,nan,nan,nan,nan,nan,nan,nan,nan,nan,nan,nan,nan,nan
17,118,17408,-0.03394436836242676,0.019033903256058693,-5.9566125472386675,0.23555555555555555,0.0,143.0,0.3786723805658583,0.07596803586634225,0.14431185526353796,0.13832742802458373,0.00631882143243584,0.5989522716957384,0.18537437527855538,0.2156733530257062,17.333333333333332,0.18165270419386323,0.04184773101523311,0.010723391679102086,0.6734380015254113,0.10592592592592594,0.15466666666666667,0.22777777777777777,0.06884365575388074,-0.000745072029531002,0.15644581522792578,0.019865018199197948,0.0005769624040112831,0.9572398141026497,3.8458709859412465e-05,0.0,nan,nan,nan,nan,nan,nan,nan,nan,nan,nan,nan,nan,nan,nan,nan,nan,nan,nan,nan,nan,nan,nan,nan,nan,nan,nan,nan,nan,nan,nan,nan,nan,nan,nan,nan,nan,nan,nan,nan,nan,nan,nan,nan,nan,nan
18,127,18432,-0.04002980887889862,0.021832885220646858,-5.551365613937378,0.23703703703703705,-0.5555555555555556,139.55555555555554,0.37496414276966195,0.10729955090417638,0.09507786651874929,0.14346271715544973,0.0050726652964082596,0.5773415601925875,0.22147297217879844,0.201185467628614,16.11111111111111,0.13789492670113873,0.04365425136916365,0.020386370922780207,0.6278722397327049,0.10765432098765432,0.19444444444444445,0.27111111111111114,0.03921233303844929,0.00024046935141086578,0.0894489036872983,0.025746533880010247,0.0006271288730204105,0.9626893699169159,2.678747353002109e-05,0.0,nan,nan,nan,nan,nan,nan,nan,nan,nan,nan,nan,nan,nan,nan,nan,nan,nan,nan,nan,nan,nan,nan,nan,nan,nan,nan,nan,nan,nan,nan,nan,nan,nan,nan,nan,nan,nan,nan,nan,nan,nan,nan,nan,nan,nan
19,132,19456,-0.038823459297418594,0.016608837991952896,-4.678422641754151,0.2213333333333333,-0.4,133.0,0.3636227614056849,0.1162694356993303,0.06238607270865335,0.16696027155198878,0.0077722842688774775,0.5422782698136684,0.21542659117422241,0.24229513901210908,15.4,0.146164167620039,0.03812698412698413,0.01578835302885127,0.6261057382333978,0.11644444444444443,0.17866666666666667,0.2644444444444444,0.025546755408868194,-0.0006302577676251531,0.06911515537649393,0.019833793747238815,0.0005271760273899417,0.9412441328167915,8.188136174869243e-06,0.0,nan,nan,nan,nan,nan,nan,nan,nan,nan,nan,nan,nan,nan,nan,nan,nan,nan,nan,nan,nan,nan,nan,nan,nan,nan,nan,nan,nan,nan,nan,nan,nan,nan,nan,nan,nan,nan,nan,nan,nan,nan,nan,nan,nan,nan
20,142,20480,-0.04815438389778137,0.017884712666273117,-6.261203479766846,0.22444444444444445,0.0,144.4,0.35590304528978434,0.08984405344489982,0.14271091205427347,0.15213980715515102,0.004717361659690484,0.5884580107889577,0.21134944024412167,0.20019254896692068,24.9,0.23721776855588775,0.03778495270161937,0.016900729576859654,0.5872113036326663,0.09866666666666667,0.1693827160493827,0.2385185185185185,0.09641445614397526,7.209368050098419e-05,0.2093072608113289,0.01897135062608868,0.0004967663408024237,0.9146909788250923,3.71382556799138e-06,0.0,-73.64994146220684,0.04488888888888889,0.0,120.5,0.0,1.0,0.07647457165893973,0.0,0.9210595276489955,0.0,0.0,0.9975340993079354,0.0024659006920647723,0.0,111.1,0.8788027317841065,0.00762222222222222,0.0,0.2,0.04488888888888889,0.045925925925925926,nan,-71.23261693060398,0.03955555555555555,0.0,117.0,0.0,1.0,0.06845064544729323,0.0,0.9290543876932945,0.0,0.0,0.9975050331405878,0.001668520578420467,0.0008264462809917355,108.8,0.8854565375232177,0.006918518518518518,0.0,0.3,0.03955555555555555,0.04,nan,-0.12445874292070747
21,147,21504,-0.039158813655376434,0.01780855283141136,-6.304234504699707,0.22044444444444444,0.0,142.0,0.3357936331045258,0.0983809202196229,0.1649678776614054,0.12780916959915184,0.004426887133157761,0.5991424309855541,0.18169056228575411,0.2191670067286918,24.4,0.24460905113982986,0.03642912572436381,0.013296964348035557,0.5570247323735696,0.10755555555555556,0.16622222222222222,0.2414814814814815,0.028270590817555785,-0.005173813260626048,0.0857261335477233,0.015067390515469015,0.0004938765305269044,0.8723242580890656,8.312005707722392e-06,0.0,nan,nan,nan,nan,nan,nan,nan,nan,nan,nan,nan,nan,nan,nan,nan,nan,nan,nan,nan,nan,nan,nan,nan,nan,nan,nan,nan,nan,nan,nan,nan,nan,nan,nan,nan,nan,nan,nan,nan,nan,nan,nan,nan,nan,nan
22,154,22528,-0.04948106035590172,0.021322421729564667,-5.770849015031542,0.2596825396825397,0.0,138.0,0.43935097430303377,0.08382348853239864,0.15452048240325839,0.07986582375112943,0.008161800759329417,0.6776949452386907,0.15479103473412614,0.16751402002718313,19.428571428571427,0.17412597466919352,0.04780682353456679,0.002122145295971928,0.6764588191607351,0.12507936507936507,0.19022222222222224,0.2414814814814815,0.11232657916843891,8.632522076368332e-05,0.23493358399719,0.02250702097080648,0.0005156924235052429,0.849814847111702,1.843397083689524e-05,0.0,nan,nan,nan,nan,nan,nan,nan,nan,nan,nan,nan,nan,nan,nan,nan,nan,nan,nan,nan,nan,nan,nan,nan,nan,nan,nan,nan,nan,nan,nan,nan,nan,nan,nan,nan,nan,nan,nan,nan,nan,nan,nan,nan,nan,nan
23,163,23552,-0.055273495614528656,0.01654639095067978,-6.990580982632107,0.22419753086419755,0.0,128.55555555555554,0.3867647764353104,0.0868519256489822,0.20562298931799866,0.08268262339972028,0.008840508143812275,0.6792396914022913,0.16577823781092518,0.1549820707867836,29.444444444444443,0.27820759684736474,0.04348475941068534,0.005950068664917497,0.5915637860082305,0.10944444444444444,0.18074074074074073,0.28555555555555556,0.12391896604094654,0.00014201668091118336,0.24074084497988224,0.040745451813563704,0.00044107254871050827,0.8703967034816742,2.180840570364939e-05,0.0,nan,nan,nan,nan,nan,nan,nan,nan,nan,nan,nan,nan,nan,nan,nan,nan,nan,nan,nan,nan,nan,nan,nan,nan,nan,nan,nan,nan,nan,nan,nan,nan,nan,nan,nan,nan,nan,nan,nan,nan,nan,nan,nan,nan,nan
24,171,24576,-0.037149399518966675,0.019094476476311684,-6.493113309144974,0.23555555555555557,-0.125,140.625,0.37941714989787934,0.06728312441218907,0.1957760062774525,0.09536167924790263,0.007780166115626829,0.642476280587521,0.17773572297648405,0.17978799643599502,24.625,0.20132141175311558,0.039636243386243386,0.0037727383284448307,0.6654599860118477,0.10055555555555556,0.18074074074074073,0.2544444444444445,0.03678947128355503,0.0002038157545030117,0.0969376228749752,0.011391465086489916,0.00045811616291757673,0.901909627020359,3.956417560857517e-05,0.0,nan,nan,nan,nan,nan,nan,nan,nan,nan,nan,nan,nan,nan,nan,nan,nan,nan,nan,nan,nan,nan,nan,nan,nan,nan,nan,nan,nan,nan,nan,nan,nan,nan,nan,nan,nan,nan,nan,nan,nan,nan,nan,nan,nan,nan
25,178,25600,-0.03413265198469162,0.01619221828877926,-4.338611875261579,0.26730158730158726,0.0,137.42857142857142,0.42039118766455863,0.07440107642961535,0.13220100250550043,0.11467586552841834,0.008346047669471028,0.6269932665996745,0.18352940993053116,0.1894773234697944,11.428571428571429,0.13529676013667674,0.04625935374149659,0.005640387416640964,0.682843603732308,0.11682539682539682,0.21481481481481482,0.32,0.026191224344074726,-0.0002570534124970436,0.07856841525062919,0.010777139395941049,0.0003926914323528763,0.9308885857462883,1.9312823162920267e-05,0.0,nan,nan,nan,nan,nan,nan,nan,nan,nan,nan,nan,nan,nan,nan,nan,nan,nan,nan,nan,nan,nan,nan,nan,nan,nan,nan,nan,nan,nan,nan,nan,nan,nan,nan,nan,nan,nan,nan,nan,nan,nan,nan,nan,nan,nan
26,186,26624,-0.0437881276011467,0.01718289405107498,-5.659765064716339,0.23500000000000001,-0.125,136.625,0.3868417825617918,0.09436693518884565,0.1280121224304095,0.12657360224028466,0.004469732888262398,0.6092208401810468,0.18544824349439665,0.2053309163245564,19.75,0.1972429641768054,0.0410354002712196,0.007100135467604688,0.6293177787385105,0.10944444444444446,0.18444444444444444,0.24888888888888888,0.04416698310524225,-0.0007734633982181549,0.11533219087868929,0.011499789194203913,0.00043821968938573264,0.9456944763660431,4.223498589084329e-06,0.0,nan,nan,nan,nan,nan,nan,nan,nan,nan,nan,nan,nan,nan,nan,nan,nan,nan,nan,nan,nan,nan,nan,nan,nan,nan,nan,nan,nan,nan,nan,nan,nan,nan,nan,nan,nan,nan,nan,nan,nan,nan,nan,nan,nan,nan
27,195,27648,-0.04133335500955582,0.01619761995971203,-5.010666105482313,0.20987654320987656,0.0,117.77777777777777,0.3980447747859414,0.07962278000520624,0.1087413804490665,0.15168166885209164,0.012692353620854118,0.5864089352402142,0.22452078640602824,0.18907027835375756,14.0,0.1390273685920285,0.04501499426499426,0.015756669278874987,0.6843641152510211,0.10277777777777777,0.19259259259259262,0.28888888888888886,0.03520767483860254,-9.361215052194893e-05,0.09459641808643937,0.010752898990176618,0.00038741176103940234,0.8880738019943237,2.3062724551436986e-05,0.0,nan,nan,nan,nan,nan,nan,nan,nan,nan,nan,nan,nan,nan,nan,nan,nan,nan,nan,nan,nan,nan,nan,nan,nan,nan,nan,nan,nan,nan,nan,nan,nan,nan,nan,nan,nan,nan,nan,nan,nan,nan,nan,nan,nan,nan
28,203,28672,-0.041220419108867645,0.015236961655318737,-5.745109707117081,0.23722222222222222,-0.375,137.75,0.37866146432232184,0.08986502329879797,0.16244960089270205,0.11402855280772928,0.0060098018362720355,0.6309760885138218,0.19337429515837015,0.17564961632780798,20.125,0.2233309393935992,0.04102994402269765,0.009438260543066485,0.6217406721923848,0.10722222222222222,0.19,0.28,0.0345932028722018,-0.0009372911881655455,0.09722222667187452,0.009357455128338188,0.00036488759360508993,0.9062234833836555,7.799942821407058e-06,0.0,nan,nan,nan,nan,nan,nan,nan,nan,nan,nan,nan,nan,nan,nan,nan,nan,nan,nan,nan,nan,nan,nan,nan,nan,nan,nan,nan,nan,nan,nan,nan,nan,nan,nan,nan,nan,nan,nan,nan,nan,nan,nan,nan,nan,nan
29,207,29696,-0.04815053939819336,0.012732069939374924,-4.885400593280792,0.25555555555555554,0.0,130.75,0.42925175459575904,0.058352657975273635,0.11143736156229425,0.13200894654569606,0.008221817854119493,0.5990417741333269,0.2101617272867529,0.1907964985799202,22.25,0.1258381718422725,0.04766975308641975,0.00691973452078616,0.7167748917748917,0.12555555555555556,0.2148148148148148,0.3688888888888889,0.1885344535112381,-0.0011013541370630264,0.40844358038157225,0.008123284380417317,0.0003175246820319444,0.9483094662427902,3.501879556699894e-05,0.0,nan,nan,nan,nan,nan,nan,nan,nan,nan,nan,nan,nan,nan,nan,nan,nan,nan,nan,nan,nan,nan,nan,nan,nan,nan,nan,nan,nan,nan,nan,nan,nan,nan,nan,nan,nan,nan,nan,nan,nan,nan,nan,nan,nan,nan
30,215,30720,-0.03528210520744324,0.014059027656912804,-6.669801622629166,0.21444444444444444,-0.125,135.625,0.36000913361820525,0.09426128484986075,0.1462029414059105,0.12891324050713104,0.00755604193397955,0.6004733598739765,0.20443381107955846,0.19509282904646502,26.625,0.22734509759468477,0.03987844796123305,0.00984284398880629,0.6184290202916789,0.09888888888888889,0.16666666666666666,0.1837037037037037,0.0304004130885005,-0.0011875005438923836,0.09674205211922526,0.005727671552449465,0.000317907895805547,0.9982757568359375,2.2023998880627005e-05,0.0,-73.64994146220684,0.04488888888888889,0.0,120.5,0.0,1.0,0.07647457165893973,0.0,0.9210595276489955,0.0,0.0,0.9975340993079354,0.0024659006920647723,0.0,111.1,0.8788027317841065,0.00762222222222222,0.0,0.2,0.04488888888888889,0.045925925925925926,nan,-71.23261693060398,0.03955555555555555,0.0,117.0,0.0,1.0,0.06845064544729323,0.0,0.9290543876932945,0.0,0.0,0.9975050331405878,0.001668520578420467,0.0008264462809917355,108.8,0.8854565375232177,0.006918518518518518,0.0,0.3,0.03955555555555555,0.04,nan,-0.12445874292070747
31,222,31744,-0.03947005420923233,0.012913674116134644,-5.975013732910156,0.2634920634920635,0.0,168.57142857142858,0.35316753650303045,0.08971257360549556,0.09929376814261438,0.17037018271786225,0.00177784362383792,0.5421738782511404,0.2168534869144151,0.24097263483444453,26.428571428571427,0.18715756218997082,0.03867487912272493,0.01922124177115103,0.6563717170474467,0.10857142857142857,0.1942857142857143,0.22844444444444445,-0.0016932750586420298,-0.009534777840599418,0.046876170206815004,0.006972096627578139,0.00032596144228591584,0.9704386070370674,5.950087777151225e-06,0.0,nan,nan,nan,nan,nan,nan,nan,nan,nan,nan,nan,nan,nan,nan,nan,nan,nan,nan,nan,nan,nan,nan,nan,nan,nan,nan,nan,nan,nan,nan,nan,nan,nan,nan,nan,nan,nan,nan,nan,nan,nan,nan,nan,nan,nan
32,230,32768,-0.05095495656132698,0.011008571833372116,-8.035270035266876,0.20222222222222222,-0.125,158.75,0.28313027330651797,0.08487732635098963,0.1534484205847316,0.19757499817673796,0.003662290463212107,0.5214560202422391,0.23663475577559107,0.24190922398216974,28.375,0.30158276841418713,0.03178507867793583,0.017537049927378603,0.5557759750281053,0.09111111111111111,0.1511111111111111,0.18133333333333335,0.08796061272732913,0.002382859238423407,0.20392239559441805,0.006887151743285358,0.0002837780411937274,1.0056171342730522,5.1126220107278186e-05,0.0,nan,nan,nan,nan,nan,nan,nan,nan,nan,nan,nan,nan,nan,nan,nan,nan,nan,nan,nan,nan,nan,nan,nan,nan,nan,nan,nan,nan,nan,nan,nan,nan,nan,nan,nan,nan,nan,nan,nan,nan,nan,nan,nan,nan,nan
33,236,33792,-0.039644621312618256,0.011439788155257702,-4.859063466389974,0.22888888888888892,0.0,144.5,0.34779968739632605,0.10271516311981728,0.06022753874725432,0.20446490364719194,0.0063339323895238555,0.5107423892633977,0.24101574383862687,0.24824186689797548,16.5,0.18745410642889634,0.037932560870775976,0.018447086395373406,0.6688066703827573,0.10962962962962963,0.18133333333333332,0.24296296296296296,0.014044261770322919,-0.003960414091125131,0.07161704078316689,0.0032711911480873823,0.00031547752223559655,0.9877946153283119,3.266914107058483e-05,0.0,nan,nan,nan,nan,nan,nan,nan,nan,nan,nan,nan,nan,nan,nan,nan,nan,nan,nan,nan,nan,nan,nan,nan,nan,nan,nan,nan,nan,nan,nan,nan,nan,nan,nan,nan,nan,nan,nan,nan,nan,nan,nan,nan,nan,nan
34,242,34816,-0.03674405813217163,0.012793847359716892,-6.750174244244893,0.2162962962962963,0.0,150.83333333333334,0.33020407872026025,0.09560334756953166,0.10966928727349196,0.18338447890373524,0.0032158317872603586,0.535476713563284,0.23559872824542313,0.22892455819129298,26.0,0.24047636432878186,0.035916242181252535,0.026509886882595233,0.635057510686534,0.09925925925925927,0.18044444444444444,0.21333333333333335,0.04575342498719692,-0.000192372128367424,0.12459633918479085,0.004982082755304873,0.00028766764808096923,0.9565566852688789,1.660831906113991e-06,0.0,nan,nan,nan,nan,nan,nan,nan,nan,nan,nan,nan,nan,nan,nan,nan,nan,nan,nan,nan,nan,nan,nan,nan,nan,nan,nan,nan,nan,nan,nan,nan,nan,nan,nan,nan,nan,nan,nan,nan,nan,nan,nan,nan,nan,nan
35,249,35840,-0.038733623921871185,0.01357483584433794,-5.553283895765032,0.2520634920634921,-0.14285714285714285,159.14285714285714,0.3558021235943921,0.08141039538611312,0.09796808115578541,0.17754291085348578,0.0029450426709770245,0.5351806001362907,0.2281464303296908,0.23667296953401853,21.571428571428573,0.1886469727365248,0.04068812905279073,0.010913652333731103,0.6632350534355312,0.11238095238095237,0.18984126984126987,0.23111111111111113,0.05506937578320503,-1.7649203073233366e-05,0.1385838519781828,0.009470654011238366,0.00029750398971373215,0.9619079381227493,1.4156679825849672e-05,0.0,nan,nan,nan,nan,nan,nan,nan,nan,nan,nan,nan,nan,nan,nan,nan,nan,nan,nan,nan,nan,nan,nan,nan,nan,nan,nan,nan,nan,nan,nan,nan,nan,nan,nan,nan,nan,nan,nan,nan,nan,nan,nan,nan,nan,nan
36,255,36864,-0.041267476975917816,0.012409400194883347,-6.179442723592122,0.2525925925925926,0.0,164.0,0.34300065620126746,0.09854613921042245,0.1116784146797986,0.15704662989722382,0.004677664657770759,0.5532252100914885,0.22957860784380216,0.21719618206470934,24.0,0.18847374098498534,0.03738621244469198,0.012767984107794972,0.6330421416956349,0.10222222222222221,0.18814814814814818,0.2411111111111111,0.027157528791576624,-0.001307537779211998,0.08835657313466072,0.006549437181092799,0.0002975932184199337,0.9642768502235413,3.164741204653154e-07,0.0,nan,nan,nan,nan,nan,nan,nan,nan,nan,nan,nan,nan,nan,nan,nan,nan,nan,nan,nan,nan,nan,nan,nan,nan,nan,nan,nan,nan,nan,nan,nan,nan,nan,nan,nan,nan,nan,nan,nan,nan,nan,nan,nan,nan,nan
37,263,37888,-0.04040350764989853,0.01523401029407978,-5.271102666854858,0.21722222222222223,-0.25,131.0,0.39361253395816787,0.08310415159723042,0.11618405129862969,0.12927055847140312,0.009807773748761111,0.592900736854028,0.1854869488661992,0.22161231427977277,18.25,0.19300349348633278,0.04404636907926382,0.00855309358854696,0.6385914767374152,0.10333333333333333,0.15911111111111112,0.22666666666666666,0.04884277377277613,0.00037178536877036095,0.12414676137268543,0.009451259567867965,0.00031792704248800874,0.9323133900761604,1.0576827589758864e-05,0.0,nan,nan,nan,nan,nan,nan,nan,nan,nan,nan,nan,nan,nan,nan,nan,nan,nan,nan,nan,nan,nan,nan,nan,nan,nan,nan,nan,nan,nan,nan,nan,nan,nan,nan,nan,nan,nan,nan,nan,nan,nan,nan,nan,nan,nan
38,271,38912,-0.03370775282382965,0.013233272358775139,-5.8136792331933975,0.25666666666666665,0.0,160.0,0.3529691324784098,0.07892774693773337,0.13120319246897694,0.1520551445996995,0.00176564027370479,0.5631000718851201,0.2268995182572976,0.21000040985758234,18.875,0.18325070961617912,0.03935231740224,0.014195430967494203,0.6564560878456801,0.1088888888888889,0.16999999999999998,0.25155555555555553,0.02497091330587864,0.000584680587053299,0.08079536026343703,0.006944762775674462,0.00028460633620852605,0.9884646162390709,2.7919626347738813e-05,0.0,nan,nan,nan,nan,nan,nan,nan,nan,nan,nan,nan,nan,nan,nan,nan,nan,nan,nan,nan,nan,nan,nan,nan,nan,nan,nan,nan,nan,nan,nan,nan,nan,nan,nan,nan,nan,nan,nan,nan,nan,nan,nan,nan,nan,nan
39,274,39936,-0.044635042548179626,0.01305850688368082,-6.9534017244974775,0.18074074074074073,0.0,116.33333333333333,0.34166957969205164,0.06279151061173532,0.17656706894160076,0.15131419059508947,0.008881120821195727,0.5810281592453878,0.22029685115827435,0.1986749895963379,22.0,0.24454099042863087,0.037904761904761906,0.012626439173255654,0.5783435047951176,0.09629629629629628,0.15777777777777777,nan,0.05982047924771905,-0.0013057906180620193,0.15309119317680597,0.00841274909907952,0.0003166034985042643,0.9971558824181557,2.7211666488113906e-05,0.0,nan,nan,nan,nan,nan,nan,nan,nan,nan,nan,nan,nan,nan,nan,nan,nan,nan,nan,nan,nan,nan,nan,nan,nan,nan,nan,nan,nan,nan,nan,nan,nan,nan,nan,nan,nan,nan,nan,nan,nan,nan,nan,nan,nan,nan
40,284,40960,-0.03856779634952545,0.012320205569267273,-5.968572831153869,0.22266666666666665,0.0,148.5,0.3469012518713449,0.08587902002028705,0.10457842435664517,0.18141649080900463,0.0063458541056531596,0.5373586962482773,0.2334684188601726,0.22917288489155027,22.1,0.19871052281463233,0.03786147767749075,0.01524934071835676,0.6407390775207957,0.10488888888888888,0.17580246913580247,0.23444444444444443,-0.0013373151887208223,-0.008126350250677206,0.04194072121754289,0.008772748638875782,0.00027949756986345164,0.942378394305706,1.2390200334166934e-05,0.0,-75.31973715212345,0.03955555555555555,0.0,120.7,0.0,1.0,0.06638252032520325,0.0,0.9319914634146341,0.0,0.0,0.9983739837398374,0.0008130081300813009,0.0008130081300813009,112.6,0.8898018583042973,0.006555555555555555,0.0,0.2,0.03955555555555555,0.04,nan,-71.23261693060398,0.03955555555555555,0.0,117.0,0.0,1.0,0.06845064544729323,0.0,0.9290543876932945,0.0,0.0,0.9975050331405878,0.001668520578420467,0.0008264462809917355,108.8,0.8854565375232177,0.006918518518518518,0.0,0.3,0.03955555555555555,0.04,nan,-0.1363990948509485
41,291,41984,-0.041513122618198395,0.01196158304810524,-5.2707458053316385,0.23492063492063492,0.0,146.57142857142858,0.36764730739879103,0.10132297198785671,0.09020169662461996,0.1468812196223776,0.0036822965394393966,0.5591719760112677,0.22506783212079698,0.21576019186793532,22.0,0.16723861554975422,0.03967779744364581,0.016971366648390815,0.6343616939983935,0.10158730158730159,0.18349206349206346,0.2103703703703704,0.058385918848216534,0.0011914419010281563,0.14782362058758736,0.005416800297098234,0.00024947509155026637,0.983763575553894,2.1227259070499827e-06,0.0,nan,nan,nan,nan,nan,nan,nan,nan,nan,nan,nan,nan,nan,nan,nan,nan,nan,nan,nan,nan,nan,nan,nan,nan,nan,nan,nan,nan,nan,nan,nan,nan,nan,nan,nan,nan,nan,nan,nan,nan,nan,nan,nan,nan,nan
42,295,43008,-0.04208885878324509,0.011936432681977749,-6.244849503040314,0.24777777777777776,-0.25,156.25,0.3485087342822711,0.0889950317196844,0.13482713340457947,0.1551163268264399,0.005684389140271494,0.572330899406535,0.21453385422588053,0.21313524636758452,26.75,0.22222339070920213,0.03761333573833574,0.015955093624229744,0.5726539589442815,0.11555555555555556,0.18222222222222223,0.25333333333333335,0.02378254197537899,-0.003494541917461902,0.08256380539387465,0.009441032190807164,0.0002710379321797518,0.9499004781246185,5.446914428830496e-05,0.0,nan,nan,nan,nan,nan,nan,nan,nan,nan,nan,nan,nan,nan,nan,nan,nan,nan,nan,nan,nan,nan,nan,nan,nan,nan,nan,nan,nan,nan,nan,nan,nan,nan,nan,nan,nan,nan,nan,nan,nan,nan,nan,nan,nan,nan
43,304,44032,-0.03912021219730377,0.012770847417414188,-6.904991732703315,0.22765432098765434,-0.1111111111111111,152.22222222222223,0.3354174790083467,0.09331343471654696,0.13300748502667203,0.15514543442530643,0.004445899756835474,0.5617383987515656,0.22102480527677515,0.21723679597165918,21.555555555555557,0.2059210373723733,0.036916679457863574,0.015690996370024832,0.6070533273861315,0.10222222222222221,0.16839506172839505,0.2111111111111111,0.018316399306058884,0.0008804290555417538,0.06519400468096137,0.007925115001853555,0.0002616630354168592,0.9692666083574295,2.7625632892380736e-06,0.0,nan,nan,nan,nan,nan,nan,nan,nan,nan,nan,nan,nan,nan,nan,nan,nan,nan,nan,nan,nan,nan,nan,nan,nan,nan,nan,nan,nan,nan,nan,nan,nan,nan,nan,nan,nan,nan,nan,nan,nan,nan,nan,nan,nan,nan
44,311,45056,-0.04670073091983795,0.011172625236213207,-6.664896760668073,0.21523809523809526,-0.2857142857142857,151.71428571428572,0.3133392753609077,0.09247375369665914,0.1644460957855894,0.14837169629391772,0.007810552913248128,0.5702591248431563,0.22462146644908826,0.2051194087077554,31.571428571428573,0.27635768763168544,0.0339318420971082,0.009511489633884632,0.5612924380595362,0.09650793650793651,0.17703703703703702,0.2088888888888889,0.023888819385319948,-0.001918069610837847,0.08252463396638632,0.00692636810708791,0.0002542508445912972,0.9586582034826279,1.0018831900993064e-05,0.0,nan,nan,nan,nan,nan,nan,nan,nan,nan,nan,nan,nan,nan,nan,nan,nan,nan,nan,nan,nan,nan,nan,nan,nan,nan,nan,nan,nan,nan,nan,nan,nan,nan,nan,nan,nan,nan,nan,nan,nan,nan,nan,nan,nan,nan
45,317,46080,-0.029334504157304764,0.01322389766573906,-4.924730618794759,0.20000000000000004,-0.16666666666666666,122.83333333333333,0.3698945763308384,0.10131772508350857,0.09439394826048725,0.146333942051092,0.008327513463340087,0.5656062496748343,0.21422254036789137,0.22017120995727435,13.333333333333334,0.13327738247082407,0.040060089568345496,0.014417010744276752,0.6615865629902818,0.10222222222222221,0.1677777777777778,0.23555555555555555,0.0034918226301670074,-0.0057942399580497295,0.04761557630263269,0.006395784090273082,0.0002683395487110829,0.8994106277823448,8.57864903736072e-06,0.0,nan,nan,nan,nan,nan,nan,nan,nan,nan,nan,nan,nan,nan,nan,nan,nan,nan,nan,nan,nan,nan,nan,nan,nan,nan,nan,nan,nan,nan,nan,nan,nan,nan,nan,nan,nan,nan,nan,nan,nan,nan,nan,nan,nan,nan
46,328,47104,-0.0339614674448967,0.014287333935499191,-3.923794388771057,0.24525252525252525,0.0,139.0909090909091,0.4059422368844363,0.11861535075553707,0.07489818635224484,0.10432512625320776,0.008978053330737939,0.5994557739922182,0.202865760214482,0.1976784657932998,17.09090909090909,0.146630632793563,0.04359219175885843,0.008525732554550837,0.6315854727632255,0.11232323232323232,0.19506172839506172,0.25422222222222224,0.014737845747731626,0.002343843807466328,0.052691064309328794,0.009234621888026595,0.0002552038113208255,0.9412038326263428,9.702771711916913e-07,0.0,nan,nan,nan,nan,nan,nan,nan,nan,nan,nan,nan,nan,nan,nan,nan,nan,nan,nan,nan,nan,nan,nan,nan,nan,nan,nan,nan,nan,nan,nan,nan,nan,nan,nan,nan,nan,nan,nan,nan,nan,nan,nan,nan,nan,nan
47,334,48128,-0.036391690373420715,0.014072111807763577,-4.947160919507344,0.21999999999999997,0.0,119.5,0.4060785484737847,0.06999726250380155,0.16300484307607685,0.08604239567565296,0.011675268397957475,0.6390806540536631,0.18999533022016188,0.170924015726175,15.166666666666666,0.15708182293690667,0.04691454224787558,0.0016339869281045752,0.6825562639707377,0.10962962962962962,0.19288888888888892,0.23555555555555555,0.016179969301447272,-0.003245614585466683,0.0666948682628572,0.00917719880817458,0.00026735047140391544,0.9389064535498619,1.10952465348646e-05,0.0,nan,nan,nan,nan,nan,nan,nan,nan,nan,nan,nan,nan,nan,nan,nan,nan,nan,nan,nan,nan,nan,nan,nan,nan,nan,nan,nan,nan,nan,nan,nan,nan,nan,nan,nan,nan,nan,nan,nan,nan,nan,nan,nan,nan,nan
48,342,49152,-0.03642687946557999,0.013852969743311405,-4.599557161331177,0.21166666666666667,-0.125,125.25,0.3912132375600369,0.09506244704617875,0.08745927448642436,0.12478907077217116,0.014229968303110716,0.57373495909264,0.2074897735954197,0.21877526731194025,12.625,0.12523551587397178,0.0442242614638448,0.007645633618835669,0.7039833023732124,0.10833333333333334,0.18666666666666668,0.24777777777777776,0.0008994713425636292,-0.005364773795008659,0.04215765558183193,0.006715112889651209,0.000293609693471808,0.9232890531420708,1.0223850095414377e-06,0.0,nan,nan,nan,nan,nan,nan,nan,nan,nan,nan,nan,nan,nan,nan,nan,nan,nan,nan,nan,nan,nan,nan,nan,nan,nan,nan,nan,nan,nan,nan,nan,nan,nan,nan,nan,nan,nan,nan,nan,nan,nan,nan,nan,nan,nan
49,350,50176,-0.04408712685108185,0.012344677932560444,-6.374145269393921,0.23722222222222222,-0.25,155.0,0.338737448724748,0.08666145493753533,0.1275821545079538,0.1393916607428251,0.005201830280753562,0.5529810581702371,0.20930280230387693,0.2377161395258859,24.625,0.21105213470994216,0.03604097876967551,0.01314671698026627,0.603205474067104,0.10611111111111111,0.17460317460317462,0.26,0.04671628214418888,9.8424032330513e-05,0.12208684999495745,0.009190402925014496,0.000260009659541538,0.9640669524669647,1.8320722745102103e-05,0.0,nan,nan,nan,nan,nan,nan,nan,nan,nan,nan,nan,nan,nan,nan,nan,nan,nan,nan,nan,nan,nan,nan,nan,nan,nan,nan,nan,nan,nan,nan,nan,nan,nan,nan,nan,nan,nan,nan,nan,nan,nan,nan,nan,nan,nan
50,356,51200,-0.03534912317991257,0.012364517897367477,-4.862232009569804,0.2562962962962963,0.0,148.33333333333334,0.3888620143778667,0.09428172370541583,0.06877028692951917,0.15088812685865213,0.006452083360473031,0.5519140250128018,0.23145485495933185,0.21663112002786641,16.666666666666668,0.1172866199648067,0.042656840513983364,0.016813661306914897,0.6895367503726636,0.11333333333333333,0.19111111111111115,0.2622222222222222,0.017611463787034154,-0.0032395715825259686,0.07188049703836441,0.006347487855236977,0.0002365006621403154,0.924992710351944,1.305155261377422e-05,0.0,-75.31973715212345,0.03955555555555555,0.0,120.7,0.0,1.0,0.06638252032520325,0.0,0.9319914634146341,0.0,0.0,0.9983739837398374,0.0008130081300813009,0.0008130081300813009,112.6,0.8898018583042973,0.006555555555555555,0.0,0.2,0.03955555555555555,0.04,nan,-71.23261693060398,0.03955555555555555,0.0,117.0,0.0,1.0,0.06845064544729323,0.0,0.9290543876932945,0.0,0.0,0.9975050331405878,0.001668520578420467,0.0008264462809917355,108.8,0.8854565375232177,0.006918518518518518,0.0,0.3,0.03955555555555555,0.04,nan,-0.1363990948509485
51,364,52224,-0.034751132130622864,0.013794314116239548,-4.255069136619568,0.22166666666666668,0.0,136.25,0.36232656785290795,0.13724821102629886,0.07042329322813708,0.1097120752545005,0.009912273253742367,0.5699980721073439,0.22029417534200324,0.20970775255065277,20.625,0.18274726178842393,0.039243254390184217,0.007894774271401322,0.6160210395389298,0.10388888888888889,0.17142857142857143,0.22814814814814813,0.022152001038193703,-0.0035572638735175133,0.08198911510407925,0.008039378968533128,0.0002695478087844094,0.9788073748350143,5.392049411057087e-05,0.0,nan,nan,nan,nan,nan,nan,nan,nan,nan,nan,nan,nan,nan,nan,nan,nan,nan,nan,nan,nan,nan,nan,nan,nan,nan,nan,nan,nan,nan,nan,nan,nan,nan,nan,nan,nan,nan,nan,nan,nan,nan,nan,nan,nan,nan
52,369,53248,-0.031811825931072235,0.01137043721973896,-4.845759010314941,0.21422222222222223,0.0,128.0,0.3683064789398337,0.0935158473061009,0.12775750311156914,0.11500704902720489,0.008663980660757454,0.5895798293575037,0.20756571250362787,0.20285445813886832,16.4,0.1965806135270142,0.04129964726631393,0.012685139331084094,0.61812805930453,0.10311111111111111,0.17222222222222222,0.23555555555555555,0.01964632421731949,-0.002132721245288849,0.0728130373172462,0.007259367557708174,0.00023272452926903497,0.9245357513427734,2.7893662009503828e-05,0.0,nan,nan,nan,nan,nan,nan,nan,nan,nan,nan,nan,nan,nan,nan,nan,nan,nan,nan,nan,nan,nan,nan,nan,nan,nan,nan,nan,nan,nan,nan,nan,nan,nan,nan,nan,nan,nan,nan,nan,nan,nan,nan,nan,nan,nan
53,377,54272,-0.03365318477153778,0.014315812848508358,-5.987618833780289,0.22444444444444445,0.0,154.625,0.3351438942271243,0.10058266031510088,0.10258013593470683,0.1592731414718197,0.009496819158776298,0.538306690476932,0.22687644716947017,0.23481686235359783,22.125,0.20634394669750664,0.03947882184687741,0.01480242252714662,0.6138511714335935,0.09666666666666668,0.16507936507936508,0.22777777777777775,0.02746244426816702,-0.0037096496671438217,0.09019585698843002,0.008287026081234217,0.0002595954920252552,0.916497677564621,3.364463486832392e-05,0.0,nan,nan,nan,nan,nan,nan,nan,nan,nan,nan,nan,nan,nan,nan,nan,nan,nan,nan,nan,nan,nan,nan,nan,nan,nan,nan,nan,nan,nan,nan,nan,nan,nan,nan,nan,nan,nan,nan,nan,nan,nan,nan,nan,nan,nan
54,386,55296,-0.03218018263578415,0.016934864223003387,-4.3329198360443115,0.24444444444444446,-0.6666666666666666,145.77777777777777,0.3801060074477401,0.13527198977316163,0.048450204770641235,0.12064944457014759,0.011532344865403695,0.5638282019915429,0.21190072272141539,0.22427107528704168,14.777777777777779,0.15049798408741355,0.04122236700850354,0.012652101018623232,0.6413600033018082,0.10567901234567902,0.18412698412698414,0.2411111111111111,0.005073815584182739,-0.0047345831990242004,0.042509229853749275,0.010099452163558453,0.00027899977067136206,0.8387901559472084,2.852749658410758e-05,0.0,nan,nan,nan,nan,nan,nan,nan,nan,nan,nan,nan,nan,nan,nan,nan,nan,nan,nan,nan,nan,nan,nan,nan,nan,nan,nan,nan,nan,nan,nan,nan,nan,nan,nan,nan,nan,nan,nan,nan,nan,nan,nan,nan,nan,nan
55,391,56320,-0.016915179789066315,0.016723375767469406,-2.92755069732666,0.27911111111111114,-0.2,124.4,0.5099289856787785,0.07978973387838342,0.057643417063466776,0.07990786347041526,0.009107950872656754,0.6473621366206288,0.16599738703715505,0.1866404763422162,9.8,0.06427187559747626,0.056265297230003106,0.0028790389395194696,0.774901570161459,0.12266666666666666,0.22999999999999998,0.3288888888888889,0.013992303982377052,-0.0005711698904633522,0.05136954691261053,0.010483416321221739,0.00025164204998873174,0.8308392614126205,7.10928417362311e-05,0.0,nan,nan,nan,nan,nan,nan,nan,nan,nan,nan,nan,nan,nan,nan,nan,nan,nan,nan,nan,nan,nan,nan,nan,nan,nan,nan,nan,nan,nan,nan,nan,nan,nan,nan,nan,nan,nan,nan,nan,nan,nan,nan,nan,nan,nan
56,402,57344,-0.04606829583644867,0.0158502459526062,-3.9711217230016533,0.2501010101010101,-0.09090909090909091,122.18181818181819,0.4658609275383373,0.08931456101620122,0.10250622418777187,0.06514929673423754,0.016169530783907708,0.6576817127423105,0.16353097955841142,0.17878730769927811,13.727272727272727,0.09674580615737699,0.05152091175666555,0.004833476364576843,0.7075499078188682,0.11599999999999999,0.21851851851851853,0.3155555555555556,0.06392014282755554,-0.001540361437946558,0.1386274117976427,0.024222487001679838,0.00026092564621649217,0.8113582953810692,5.9791040257550776e-05,0.0,nan,nan,nan,nan,nan,nan,nan,nan,nan,nan,nan,nan,nan,nan,nan,nan,nan,nan,nan,nan,nan,nan,nan,nan,nan,nan,nan,nan,nan,nan,nan,nan,nan,nan,nan,nan,nan,nan,nan,nan,nan,nan,nan,nan,nan
57,406,58368,-0.0172472782433033,0.01602889969944954,-4.413239240646362,0.24666666666666667,0.0,118.75,0.4614946946977424,0.09744412977022318,0.12828489168658375,0.03551450322551648,0.01037235613848517,0.6872237161545494,0.14285598752128537,0.1699202963241653,17.5,0.13240851189841887,0.04942765567765568,0.0,0.689157196969697,0.10888888888888888,0.21925925925925926,0.3244444444444444,0.01007609348744154,-0.003668864257633686,0.0470379120670259,0.011268053436651826,0.00023630913528904784,0.7827920243144035,0.00038357873115302255,0.0,nan,nan,nan,nan,nan,nan,nan,nan,nan,nan,nan,nan,nan,nan,nan,nan,nan,nan,nan,nan,nan,nan,nan,nan,nan,nan,nan,nan,nan,nan,nan,nan,nan,nan,nan,nan,nan,nan,nan,nan,nan,nan,nan,nan,nan
58,415,59392,-0.025385098531842232,0.016479328274726868,-3.6041146649254694,0.3254320987654321,-0.1111111111111111,159.11111111111111,0.4621091474117085,0.11159337169321566,0.0641767981145625,0.07265789042721993,0.008046797627215151,0.6378793172194865,0.1877265097898183,0.17439417299069512,13.0,0.09266607600767901,0.05138912521490494,0.0032076541615342607,0.7153873262036792,0.12493827160493826,0.2211111111111111,0.32,0.014556598849594593,-0.004349129740148783,0.05856827599927783,0.012674129102379084,0.0002539695215091342,0.8484829366207123,6.922191950309298e-06,0.0,nan,nan,nan,nan,nan,nan,nan,nan,nan,nan,nan,nan,nan,nan,nan,nan,nan,nan,nan,nan,nan,nan,nan,nan,nan,nan,nan,nan,nan,nan,nan,nan,nan,nan,nan,nan,nan,nan,nan,nan,nan,nan,nan,nan,nan
59,419,60416,-0.020317446440458298,0.01663275435566902,-3.6508469581604004,0.33,0.0,179.25,0.41854900846545395,0.16932164615877332,0.03383054751391876,0.10194360032674457,0.003092193166634854,0.6217012021381461,0.18085592772277034,0.19744287013908363,12.75,0.12079850689978203,0.04373491019214704,0.011371108324970952,0.6411931818181819,0.11666666666666667,0.20666666666666667,0.29111111111111115,0.013670992106199265,-0.004594100639224052,0.05843986966647208,0.009700037771835923,0.00025973821902880445,0.8035325109958649,0.00020181833224341972,0.0,nan,nan,nan,nan,nan,nan,nan,nan,nan,nan,nan,nan,nan,nan,nan,nan,nan,nan,nan,nan,nan,nan,nan,nan,nan,nan,nan,nan,nan,nan,nan,nan,nan,nan,nan,nan,nan,nan,nan,nan,nan,nan,nan,nan,nan
60,429,61440,-0.02950615994632244,0.017600620165467262,-3.439696180820465,0.2848888888888889,0.0,145.4,0.46351775401704554,0.1171882582247559,0.041284528008454224,0.08423690828912966,0.014187784514573623,0.6219905402502557,0.18508879540884612,0.19292066434089822,15.4,0.10100302677243292,0.05098597883597884,0.003881697144270606,0.702392238432639,0.12666666666666665,0.22603174603174603,0.28444444444444444,0.007964004762470722,-0.00435987301170826,0.041606107261031866,0.013423319323919713,0.00026926936152449343,0.7731935605406761,0.0001256364814707922,0.0,-30.341923384785655,0.25955555555555554,-0.1,140.4,0.0,1.0,0.44390399562883776,0.04880358131173159,0.3723274867715193,0.001130717288826602,0.007574786324786325,0.8650350637120887,0.06446149251588658,0.07050344377202475,60.5,0.38349727080327145,0.04665201465201465,0.0,0.8087102053627475,0.16444444444444445,0.2238888888888889,0.2977777777777778,-29.553217586088188,0.22800000000000004,0.0,136.2,0.0,1.0,0.39244517637570664,0.03688865123941659,0.4196675204193715,0.0024590163934426227,0.003870801986401108,0.8490013480344947,0.0704733282031673,0.08052532376233798,59.3,0.42549979008271865,0.041607275132275134,0.0,0.695595238095238,0.16533333333333333,0.20833333333333337,0.21999999999999997,0.4695840830155687
61,436,62464,-0.022631457075476646,0.015979349613189697,-3.510912997382028,0.2965079365079365,-0.2857142857142857,142.42857142857142,0.4646294574944599,0.13338337820612423,0.043018575013946146,0.09239264771318989,0.007360949185887302,0.6410314107145302,0.18562196946417564,0.1733466198212941,13.428571428571429,0.11494254531147774,0.05212722682960778,0.005464096593349703,0.6703772418058133,0.12126984126984126,0.22095238095238098,0.27555555555555555,0.019397002644836903,-0.002180129289627075,0.06607503537088633,0.008637966006062925,0.0002463168184476672,0.8022905513644218,0.000670922665449325,0.0,nan,nan,nan,nan,nan,nan,nan,nan,nan,nan,nan,nan,nan,nan,nan,nan,nan,nan,nan,nan,nan,nan,nan,nan,nan,nan,nan,nan,nan,nan,nan,nan,nan,nan,nan,nan,nan,nan,nan,nan,nan,nan,nan,nan,nan
62,442,63488,-0.021047694608569145,0.016018325462937355,-3.7056268652280173,0.2622222222222222,-0.5,139.5,0.41612401329567156,0.1242404454680441,0.045232209671284884,0.13935531633427045,0.012162213630560055,0.5855966684350005,0.21928887502754693,0.19511445653745244,23.166666666666668,0.16878143684280578,0.04636147186147186,0.015046348025491063,0.6597775969871487,0.11333333333333333,0.22488888888888892,0.22666666666666666,0.004707018379122019,-0.0013915062882006168,0.036716657457873225,0.00699252838967368,0.00023566448908241,0.7997358292341232,9.940501499272614e-05,0.0,nan,nan,nan,nan,nan,nan,nan,nan,nan,nan,nan,nan,nan,nan,nan,nan,nan,nan,nan,nan,nan,nan,nan,nan,nan,nan,nan,nan,nan,nan,nan,nan,nan,nan,nan,nan,nan,nan,nan,nan,nan,nan,nan,nan,nan
63,451,64512,-0.02492857165634632,0.015040620230138302,-3.2092133230633206,0.2992592592592593,0.0,143.55555555555554,0.4977516685109779,0.09913068991483365,0.040845363311135835,0.08616403076417126,0.01594088788750943,0.6377277217369473,0.19550429125260432,0.16676798701044834,15.555555555555555,0.10003661642772488,0.055111580022955686,0.004388022548079556,0.7258293412047412,0.12666666666666668,0.23365079365079366,0.3075555555555556,0.02125587873160839,-0.004316158592700958,0.07354909647256136,0.007222718617413193,0.00021445220590976533,0.7515207603573799,6.955173716960417e-05,0.0,nan,nan,nan,nan,nan,nan,nan,nan,nan,nan,nan,nan,nan,nan,nan,nan,nan,nan,nan,nan,nan,nan,nan,nan,nan,nan,nan,nan,nan,nan,nan,nan,nan,nan,nan,nan,nan,nan,nan,nan,nan,nan,nan,nan,nan
64,459,65536,-0.024688195437192917,0.01598971337080002,-2.9688456654548645,0.24777777777777776,-0.125,113.125,0.518162108366526,0.12757982651954078,0.03807801088463509,0.049633683526430036,0.019179259830193737,0.6838199457707019,0.161352395488363,0.15482765874093518,11.125,0.07891060432366019,0.058623013711657505,0.0032660407438425136,0.7506756804299037,0.13666666666666666,0.2588888888888889,0.24,0.009265415952540934,-0.0014902565744705498,0.043050418607890606,0.0073289923602715135,0.00022106507822172716,0.7335941940546036,0.0005596204789100057,0.0,nan,nan,nan,nan,nan,nan,nan,nan,nan,nan,nan,nan,nan,nan,nan,nan,nan,nan,nan,nan,nan,nan,nan,nan,nan,nan,nan,nan,nan,nan,nan,nan,nan,nan,nan,nan,nan,nan,nan,nan,nan,nan,nan,nan,nan
65,464,66560,-0.020545771345496178,0.015152827836573124,-3.2059992790222167,0.32266666666666666,0.0,162.2,0.43957912756571693,0.16828889855491544,0.049882668714702795,0.0734874275686585,0.0070149122403616385,0.6577506948353351,0.16396545161273757,0.17828385355192725,21.8,0.19227159147916847,0.048939137016329994,0.0029411764705882353,0.5895453673876362,0.12444444444444444,0.21600000000000003,0.32222222222222224,0.012529280735179782,0.004070994851645082,0.039068389451131225,0.007866382948122919,0.00021853642283531372,0.7621210068464279,0.0004928503694827668,0.0,nan,nan,nan,nan,nan,nan,nan,nan,nan,nan,nan,nan,nan,nan,nan,nan,nan,nan,nan,nan,nan,nan,nan,nan,nan,nan,nan,nan,nan,nan,nan,nan,nan,nan,nan,nan,nan,nan,nan,nan,nan,nan,nan,nan,nan
66,470,67584,-0.014834411442279816,0.015645809471607208,-3.464686155319214,0.3133333333333333,-0.16666666666666666,164.33333333333334,0.4380117576903122,0.16958234969762967,0.0530271520524532,0.06974195199552481,0.00933549329775745,0.6606212594403951,0.17562346657862826,0.16375527398097667,15.833333333333334,0.14310606932849063,0.047918283362727805,0.00156272873664178,0.6246080195063365,0.14074074074074075,0.22933333333333333,0.27111111111111114,0.003339773043990135,-0.0003680975642055273,0.02767620049417019,0.0052650946599897,0.0002245341456728056,0.6496457681059837,0.00018672011310627568,0.0,nan,nan,nan,nan,nan,nan,nan,nan,nan,nan,nan,nan,nan,nan,nan,nan,nan,nan,nan,nan,nan,nan,nan,nan,nan,nan,nan,nan,nan,nan,nan,nan,nan,nan,nan,nan,nan,nan,nan,nan,nan,nan,nan,nan,nan
67,480,68608,-0.029347199946641922,0.01652415469288826,-2.413430559635162,0.26711111111111113,0.0,119.2,0.517784500925716,0.1360371478971744,0.039025806063426066,0.05429359894787864,0.01899490691421896,0.6928474548863166,0.1523584910972176,0.15479405401646587,12.2,0.08310894885780491,0.05581421546289966,0.004415421023440664,0.6943605971096573,0.13777777777777778,0.24518518518518517,0.3377777777777778,0.025154334492981434,-0.006672795861959457,0.07930113514885306,0.010589420911855996,0.00021513561296160333,0.6677576676011086,0.0007288785582204582,0.0,nan,nan,nan,nan,nan,nan,nan,nan,nan,nan,nan,nan,nan,nan,nan,nan,nan,nan,nan,nan,nan,nan,nan,nan,nan,nan,nan,nan,nan,nan,nan,nan,nan,nan,nan,nan,nan,nan,nan,nan,nan,nan,nan,nan,nan
68,488,69632,-0.013947800733149052,0.018329394981265068,-2.4647017419338226,0.29555555555555557,-0.125,127.0,0.5398333844109833,0.14040649767588798,0.060762222137932295,0.02627062090841679,0.012360959916546888,0.7410021042248036,0.14126045407350413,0.11773744170169229,15.0,0.10647836199840288,0.05877995769662436,0.0005555555555555556,0.7047100203717851,0.15055555555555555,0.2211111111111111,0.3451851851851852,0.014341005124151707,-0.0016831253888085485,0.04953473573550582,0.007650817453395575,0.0002284610873175552,0.6402520835399628,0.0002643880023924794,0.0,nan,nan,nan,nan,nan,nan,nan,nan,nan,nan,nan,nan,nan,nan,nan,nan,nan,nan,nan,nan,nan,nan,nan,nan,nan,nan,nan,nan,nan,nan,nan,nan,nan,nan,nan,nan,nan,nan,nan,nan,nan,nan,nan,nan,nan
69,496,70656,-0.017602015286684036,0.019421681761741638,-2.5901020169258118,0.33444444444444443,0.0,150.5,0.5011551274550223,0.17206521594651847,0.03699190631963741,0.04158721958091706,0.004562542285756572,0.7102122497211782,0.1582552081632964,0.13153254211552534,14.25,0.10294244834686012,0.0538365466837689,0.003966971403946194,0.6945116163311609,0.14555555555555555,0.24722222222222223,0.32666666666666666,0.011877370066940784,-0.0023271096870303154,0.04621877381578088,0.008337215171195567,0.0002541687226766953,0.6667383089661598,0.00023617184524482582,0.0,nan,nan,nan,nan,nan,nan,nan,nan,nan,nan,nan,nan,nan,nan,nan,nan,nan,nan,nan,nan,nan,nan,nan,nan,nan,nan,nan,nan,nan,nan,nan,nan,nan,nan,nan,nan,nan,nan,nan,nan,nan,nan,nan,nan,nan
70,504,71680,-0.016204845160245895,0.017307620495557785,-2.142878320068121,0.33,-0.25,145.5,0.5058612314378781,0.14568006843513895,0.03375281707921561,0.05041747861631096,0.00854119607639872,0.6852941169522326,0.1621896115199933,0.15251627152777408,12.5,0.08900105030786734,0.0548751821435645,0.005024993994009565,0.6808552398052911,0.15500000000000003,0.2657777777777778,0.36888888888888893,0.010534729808568954,-0.0025356803089380264,0.045355702517554164,0.006886968621984124,0.00022970735335547943,0.6646066904067993,0.0003833812120319635,0.0,-13.552592070317264,0.34311111111111114,0.0,141.9,0.0,1.0,0.5366681358346076,0.08773343681043885,0.24799249943494456,0.002583051801801802,0.004535909272572754,0.872394072079991,0.07209309659600678,0.05551283132400224,37.5,0.2789182944471389,0.059017708834375515,0.0,0.7536112438286351,0.15022222222222226,0.2564444444444445,0.3837037037037037,-7.017686812734603,0.3546666666666666,0.0,131.3,0.0,1.0,0.6222285525700137,0.11675946036050319,0.08976358915293407,0.0013698630136986301,0.012234047966848838,0.8287516020834509,0.07274717021473551,0.09850122770181347,28.4,0.17897405558574406,0.06671750300438324,0.0,0.6857505725159398,0.18044444444444446,0.31666666666666665,0.37481481481481477,0.6381862905396055
71,508,72704,-0.01783038303256035,0.01771552860736847,-2.209109202027321,0.32333333333333336,0.0,132.5,0.5466089512216508,0.15099280429233886,0.025060096153846155,0.0394280088262801,0.00821222771023303,0.7226618516678357,0.14156358380095083,0.13577456453121348,11.0,0.07799360435663627,0.05575498575498576,0.00390625,0.724969806763285,0.15,0.24,0.4311111111111111,0.017438078648410738,0.0023696926655247808,0.05047639645636082,0.006013194390106946,0.00024427812604699284,0.6714549735188484,0.00028039989791750486,0.0,nan,nan,nan,nan,nan,nan,nan,nan,nan,nan,nan,nan,nan,nan,nan,nan,nan,nan,nan,nan,nan,nan,nan,nan,nan,nan,nan,nan,nan,nan,nan,nan,nan,nan,nan,nan,nan,nan,nan,nan,nan,nan,nan,nan,nan
72,517,73728,-0.016751950606703758,0.01950901746749878,-2.444276988506317,0.3358024691358025,0.0,146.22222222222223,0.538581764449851,0.1455291462123881,0.03822959334839723,0.03549778068356251,0.009432682615111009,0.7223405040106363,0.14198453953600343,0.13567495645336025,12.444444444444445,0.08485134670269733,0.060754604274747215,0.0021194083694083695,0.6936574279913446,0.14814814814814817,0.2511111111111111,0.3222222222222222,0.01685272785834968,0.002027707058005035,0.044213775312528014,0.010107327485457063,0.00023529802274424583,0.628655381500721,7.59428545009655e-05,0.0,nan,nan,nan,nan,nan,nan,nan,nan,nan,nan,nan,nan,nan,nan,nan,nan,nan,nan,nan,nan,nan,nan,nan,nan,nan,nan,nan,nan,nan,nan,nan,nan,nan,nan,nan,nan,nan,nan,nan,nan,nan,nan,nan,nan,nan
73,522,74752,-0.010818073526024818,0.018469208851456642,-2.894338031113148,0.3244444444444444,0.0,148.8,0.5113300967915706,0.1301201935033476,0.040800219136091165,0.061890852710805765,0.005969574122121323,0.6822505094310094,0.1611521818400965,0.15659730872889413,19.2,0.1236605784054261,0.05548815855820686,0.0011299435028248588,0.6485416470322131,0.14933333333333335,0.24777777777777776,0.3088888888888889,0.01509723998606205,0.0032898075878620148,0.03907994832843542,0.008574718493036926,0.00023892363606137224,0.6129902824759483,3.29321338341515e-05,0.0,nan,nan,nan,nan,nan,nan,nan,nan,nan,nan,nan,nan,nan,nan,nan,nan,nan,nan,nan,nan,nan,nan,nan,nan,nan,nan,nan,nan,nan,nan,nan,nan,nan,nan,nan,nan,nan,nan,nan,nan,nan,nan,nan,nan,nan
74,533,75776,-0.028394285589456558,0.019262012094259262,-2.717758237638257,0.2917171717171717,-0.7272727272727273,136.45454545454547,0.5394243340833746,0.13937859978091424,0.031237829008463683,0.05250845716972347,0.016649231605850003,0.7100407628727525,0.14966510910898764,0.1402941280182598,14.545454545454545,0.12028735930929725,0.05854035001498769,0.005637153525779118,0.6715864325386829,0.16266666666666668,0.2596825396825397,0.30444444444444446,0.021475238841958344,0.0001421431079506874,0.057703647296875715,0.01008972036652267,0.00025249675309169106,0.6408777087926865,4.8786399872824404e-05,0.0,nan,nan,nan,nan,nan,nan,nan,nan,nan,nan,nan,nan,nan,nan,nan,nan,nan,nan,nan,nan,nan,nan,nan,nan,nan,nan,nan,nan,nan,nan,nan,nan,nan,nan,nan,nan,nan,nan,nan,nan,nan,nan,nan,nan,nan
75,537,76800,-0.007893438450992107,0.018998846411705017,-2.5459962487220764,0.3111111111111111,-0.25,152.0,0.4559137204713912,0.20722126488747308,0.025929474472490197,0.04270889121508674,0.010503536825412283,0.6890644598313546,0.15489905673063326,0.15603648343801224,25.75,0.2169616629455229,0.05119953194953195,0.001488095238095238,0.5293560606060606,0.15444444444444444,0.2177777777777778,0.30666666666666664,0.009423156501725316,-0.0039340570801869035,0.04480094974860549,0.005347834026906639,0.0002064815034827916,0.5973924770951271,0.0008063028726610355,0.0,nan,nan,nan,nan,nan,nan,nan,nan,nan,nan,nan,nan,nan,nan,nan,nan,nan,nan,nan,nan,nan,nan,nan,nan,nan,nan,nan,nan,nan,nan,nan,nan,nan,nan,nan,nan,nan,nan,nan,nan,nan,nan,nan,nan,nan
76,545,77824,-0.014316623099148273,0.018085278570652008,-1.81081348285079,0.3761111111111111,-0.125,161.625,0.5719640999253768,0.1267736511350804,0.02952575479318905,0.03896223597357691,0.007603660857745522,0.7282635058536463,0.12623224379565795,0.14550425035069578,12.875,0.09628361917494309,0.06193735431395024,0.0027416580961900127,0.7100347049788045,0.1677777777777778,0.2896296296296296,0.3804444444444444,0.008301007328554988,-0.004197341040708125,0.04302127938717604,0.007649859704542905,0.00019567007620935328,0.65169557929039,3.4031380067744976e-05,0.0,nan,nan,nan,nan,nan,nan,nan,nan,nan,nan,nan,nan,nan,nan,nan,nan,nan,nan,nan,nan,nan,nan,nan,nan,nan,nan,nan,nan,nan,nan,nan,nan,nan,nan,nan,nan,nan,nan,nan,nan,nan,nan,nan,nan,nan
77,553,78848,-0.013103315606713295,0.02280525304377079,-1.3810848370194435,0.2833333333333333,-0.25,105.0,0.6235959210164921,0.09949679333858151,0.017726408367112877,0.029946302314667862,0.019113719549820482,0.7408191227221865,0.12684925734461686,0.13233161993319664,8.5,0.04367266853859519,0.06645840611630086,0.0018115942028985507,0.7955882352941177,0.16499999999999998,0.27222222222222225,0.40444444444444444,0.0037405946059152484,-0.0033248290419578552,0.02370381006039679,0.012364289723336697,0.00023966486696735956,0.5605078786611557,6.201684900020155e-05,0.0,nan,nan,nan,nan,nan,nan,nan,nan,nan,nan,nan,nan,nan,nan,nan,nan,nan,nan,nan,nan,nan,nan,nan,nan,nan,nan,nan,nan,nan,nan,nan,nan,nan,nan,nan,nan,nan,nan,nan,nan,nan,nan,nan,nan,nan
78,562,79872,-0.016652310267090797,0.021715769544243813,-1.6250397869282298,0.30765432098765433,-0.1111111111111111,121.66666666666667,0.5751015223613473,0.16416924351432705,0.008144879353474407,0.02456242234872556,0.015034576619531162,0.7474156452291488,0.12325658407578158,0.1293277706950697,11.333333333333334,0.07134665723292628,0.06204115226337449,0.0007993605115907275,0.6400679428905236,0.1634567901234568,0.2819047619047619,0.31777777777777777,0.0070451656356453896,-0.005374562460929155,0.03207990597002208,0.013284072745591402,0.0002504086496628588,0.5258623249828815,0.00015239833430769067,0.0,nan,nan,nan,nan,nan,nan,nan,nan,nan,nan,nan,nan,nan,nan,nan,nan,nan,nan,nan,nan,nan,nan,nan,nan,nan,nan,nan,nan,nan,nan,nan,nan,nan,nan,nan,nan,nan,nan,nan,nan,nan,nan,nan,nan,nan
79,571,80896,-0.011241224594414234,0.02160058543086052,-1.957082470258077,0.2735802469135803,0.0,108.0,0.5983353376728916,0.12750320250482228,0.013607094892207253,0.024913436629790977,0.022843768078413824,0.7394456350699212,0.12926537097460752,0.13128899395547125,8.444444444444445,0.04696582998752052,0.06322073573162898,0.0,0.7382599773588147,0.1588888888888889,0.2622222222222222,0.35333333333333333,0.014332414604723454,0.0015065462212078273,0.03514469903893769,0.011481661815196276,0.0002406762941973284,0.5367149151861668,0.0002102427506542881,0.0,nan,nan,nan,nan,nan,nan,nan,nan,nan,nan,nan,nan,nan,nan,nan,nan,nan,nan,nan,nan,nan,nan,nan,nan,nan,nan,nan,nan,nan,nan,nan,nan,nan,nan,nan,nan,nan,nan,nan,nan,nan,nan,nan,nan,nan
80,578,81920,-0.023603394627571106,0.018519440665841103,-2.5605972834995816,0.32761904761904764,-0.2857142857142857,141.71428571428572,0.5231183672786905,0.1644913993450324,0.034946676492153085,0.041422755696182666,0.013611122241150991,0.7225564431158761,0.11854556282836372,0.15889799405576024,15.285714285714286,0.12940956047958566,0.05824987070851733,0.0,0.6175526231605158,0.1688888888888889,0.2903703703703704,0.3496296296296297,0.019380217418074608,-0.0038909567520022392,0.06196195143274963,0.008276792941614985,0.0002443116991344141,0.6049124300479889,0.00019146241868384095,0.0,-19.242886437439918,0.3288888888888889,0.0,149.1,0.0,1.0,0.48810623017762644,0.08936273342886612,0.3072772370616351,0.0009943251912163831,0.005995656401209769,0.8847462006681276,0.05412286983463303,0.061130929497239306,44.8,0.29904639467991206,0.049477954144620806,0.0,0.7955969634230504,0.18133333333333332,0.2923456790123457,0.3896296296296296,-14.66501764264107,0.3288888888888889,-0.1,140.0,0.0,1.0,0.5466256562591043,0.10571494620141378,0.189647454234435,0.0,0.008818962152197976,0.841988056694953,0.06884811623458421,0.0891638270704628,42.7,0.2674172461626093,0.058332198048864706,0.0,0.7014715375783487,0.18000000000000002,0.30666666666666664,0.42814814814814817,0.6247230394550957
81,583,82944,-0.012897353619337082,0.015975352376699448,-2.7482637763023376,0.35200000000000004,-0.2,162.0,0.5252264268985969,0.14206608552649286,0.042269902522063765,0.0488793548255272,0.0127027218958923,0.7095624149471536,0.15763957220988395,0.13279801284296255,17.6,0.14837407293891683,0.059804320987654334,0.002179310344827586,0.5962226160434168,0.17066666666666666,0.28222222222222226,0.3488888888888889,0.015198949724435806,-0.0019322670996189117,0.05138867627829313,0.0075303802732378244,0.00020159167434030678,0.6273501440882683,0.0005701596676601639,0.0,nan,nan,nan,nan,nan,nan,nan,nan,nan,nan,nan,nan,nan,nan,nan,nan,nan,nan,nan,nan,nan,nan,nan,nan,nan,nan,nan,nan,nan,nan,nan,nan,nan,nan,nan,nan,nan,nan,nan,nan,nan,nan,nan,nan,nan
82,589,83968,-0.01363639160990715,0.02041766047477722,-2.5764224926630654,0.4496296296296296,0.0,194.33333333333334,0.5208136289870241,0.1292238233125734,0.04272513363955862,0.04562892101771691,0.0017219189632982738,0.692762585939156,0.16191488559949538,0.1453225284613486,15.333333333333334,0.09732625530584589,0.05714339045020406,0.0,0.6546171836607354,0.15555555555555556,0.2814814814814815,0.3762962962962963,0.03638196177780628,-0.0033964477479457855,0.0926641346886754,0.01052276254631579,0.00021147933148313314,0.6018896698951721,0.0003758576176551287,0.0,nan,nan,nan,nan,nan,nan,nan,nan,nan,nan,nan,nan,nan,nan,nan,nan,nan,nan,nan,nan,nan,nan,nan,nan,nan,nan,nan,nan,nan,nan,nan,nan,nan,nan,nan,nan,nan,nan,nan,nan,nan,nan,nan,nan,nan
83,594,84992,-0.008020683191716671,0.021381627768278122,-2.436818981170654,0.3413333333333333,-0.4,143.8,0.5641565503775752,0.094971371141953,0.06958825098229038,0.02090239755728305,0.011869172249914559,0.7287161725018185,0.14319792999777517,0.12808589750040628,11.8,0.09811815120221681,0.06303309471936921,0.0,0.7266025641025641,0.1537777777777778,0.2544444444444445,0.34074074074074073,0.00887856911867857,-0.0037381488364189863,0.03599208849482238,0.009712958941236138,0.00022413779333874118,0.5233305059373379,0.00022218481657532152,0.0,nan,nan,nan,nan,nan,nan,nan,nan,nan,nan,nan,nan,nan,nan,nan,nan,nan,nan,nan,nan,nan,nan,nan,nan,nan,nan,nan,nan,nan,nan,nan,nan,nan,nan,nan,nan,nan,nan,nan,nan,nan,nan,nan,nan,nan
84,603,86016,-0.018394965678453445,0.018848024308681488,-1.7873892800675497,0.394074074074074,0.0,169.11111111111111,0.5502265488289414,0.18707018172617473,0.01798884925947994,0.015937663831356412,0.005365249445598015,0.755285579814596,0.11407950782571942,0.13063491235968455,18.11111111111111,0.12865604585972887,0.060151774719549654,0.0,0.6379378067523491,0.1674074074074074,0.2905555555555555,0.3771428571428571,0.053263573441654444,0.0010230951011180878,0.11125568952411413,0.011916501680389047,0.00021936518896836787,0.47899409011006355,0.0004967220856997301,0.0,nan,nan,nan,nan,nan,nan,nan,nan,nan,nan,nan,nan,nan,nan,nan,nan,nan,nan,nan,nan,nan,nan,nan,nan,nan,nan,nan,nan,nan,nan,nan,nan,nan,nan,nan,nan,nan,nan,nan,nan,nan,nan,nan,nan,nan
85,608,87040,-0.03914625197649002,0.017233576625585556,-7.954117453098297,0.33599999999999997,0.0,150.2,0.5261058933914694,0.16443809735126932,0.07374191036626956,0.016809256150083947,0.007844559924175574,0.7642859011090083,0.115383475324882,0.12033062356610966,22.6,0.16996802098468713,0.05867313345091123,0.0,0.6484277813689578,0.1582222222222222,0.2644444444444445,0.24666666666666665,0.6862432025372982,-0.0006347000598907471,1.381775594316423,0.011541082989424467,0.0002052092968369834,0.4995701014995575,0.00019199326029450958,0.0,nan,nan,nan,nan,nan,nan,nan,nan,nan,nan,nan,nan,nan,nan,nan,nan,nan,nan,nan,nan,nan,nan,nan,nan,nan,nan,nan,nan,nan,nan,nan,nan,nan,nan,nan,nan,nan,nan,nan,nan,nan,nan,nan,nan,nan
86,616,88064,-0.019538646563887596,0.01590321958065033,-2.4818772077560425,0.3505555555555555,0.0,159.25,0.5143190754817222,0.1797884254837595,0.06242570282955848,0.025661991889234757,0.00490152902643845,0.7565332037950401,0.12046719406546305,0.12299960213949679,21.125,0.1680278618482704,0.05474290068664459,0.002160493827160494,0.5769412878787878,0.16555555555555557,0.2688888888888889,0.3481481481481481,0.07212145067751408,-0.0028737448155879974,0.16156481485813856,0.006847264477983117,0.00017707749066175893,0.4698863886296749,0.0003267950591681057,0.0,nan,nan,nan,nan,nan,nan,nan,nan,nan,nan,nan,nan,nan,nan,nan,nan,nan,nan,nan,nan,nan,nan,nan,nan,nan,nan,nan,nan,nan,nan,nan,nan,nan,nan,nan,nan,nan,nan,nan,nan,nan,nan,nan,nan,nan
87,621,89088,-0.003923024982213974,0.019726570695638657,-2.2635588377714155,0.38755555555555554,0.0,151.4,0.582787016904664,0.16742669095610271,0.04202072437366555,0.012327672327672328,0.004471606824548001,0.7922344322344322,0.09492154903919608,0.11284401872637166,14.4,0.09497169497169497,0.05948359788359788,0.0,0.6670661381961691,0.17422222222222222,0.31822222222222224,0.38333333333333336,0.028632821515202522,-0.003590865060687065,0.07254176726564765,0.008739726850762963,0.0002065452663373435,0.4317554458975792,0.00038336477891220966,0.0,nan,nan,nan,nan,nan,nan,nan,nan,nan,nan,nan,nan,nan,nan,nan,nan,nan,nan,nan,nan,nan,nan,nan,nan,nan,nan,nan,nan,nan,nan,nan,nan,nan,nan,nan,nan,nan,nan,nan,nan,nan,nan,nan,nan,nan
88,629,90112,-0.011729428544640541,0.018796270713210106,-0.9326766366139054,0.40555555555555556,0.0,153.375,0.6028476264749255,0.18112983329841364,0.021616138501357237,0.008114935308815045,0.006055028950823638,0.8055935982746965,0.09058662122431044,0.10381978050099318,9.875,0.05086746357725323,0.0654921828380475,0.0,0.6836827863228725,0.16611111111111113,0.3072222222222222,0.4177777777777778,0.009970134939067066,-0.004558992455713451,0.0395088114310056,0.006606999086216092,0.00019633104238891974,0.4366335943341255,0.00025209593568042976,0.0,nan,nan,nan,nan,nan,nan,nan,nan,nan,nan,nan,nan,nan,nan,nan,nan,nan,nan,nan,nan,nan,nan,nan,nan,nan,nan,nan,nan,nan,nan,nan,nan,nan,nan,nan,nan,nan,nan,nan,nan,nan,nan,nan,nan,nan
89,636,91136,-0.007770161610096693,0.017937522381544113,-1.5171276043568338,0.4050793650793651,0.0,166.0,0.558818612619668,0.20051713432095258,0.03393877636126259,0.01415010556108856,0.0030263482030074796,0.7932745233018831,0.10567590940654359,0.10104956729157331,20.285714285714285,0.14810582750478837,0.06256898572633562,0.0006464124111182936,0.6523528466124816,0.15873015873015875,0.2933333333333334,0.37444444444444447,0.015830728691071272,-0.0027503613382577896,0.047997394343838096,0.00690902367932722,0.00018681729670788627,0.45357292145490646,0.0004174962505203439,0.0,nan,nan,nan,nan,nan,nan,nan,nan,nan,nan,nan,nan,nan,nan,nan,nan,nan,nan,nan,nan,nan,nan,nan,nan,nan,nan,nan,nan,nan,nan,nan,nan,nan,nan,nan,nan,nan,nan,nan,nan,nan,nan,nan,nan,nan
90,643,92160,-0.006541715934872627,0.02168496698141098,-1.055301119240799,0.3873015873015873,-0.14285714285714285,146.42857142857142,0.597755188727856,0.1579687982182124,0.02251057810010546,0.009068565523956578,0.0054446778511839855,0.7782345650461739,0.11983827871213978,0.10192715624168633,9.857142857142858,0.0588299244440263,0.06627061034203892,0.0,0.7353393882805648,0.17650793650793653,0.292063492063492,0.4033333333333334,0.007983981631696224,-0.005333385430276394,0.03650589380413294,0.007118322770111263,0.0002483684402250219,0.4380536936223507,0.0005986164193814147,0.0,-7.660881346106528,0.388,-0.1,149.7,0.0,1.0,0.5829741634396024,0.19122245249243056,0.09112903225806451,0.0,0.0059701632225217125,0.8653256481900975,0.0694912589676627,0.06518309284223982,25.4,0.17679717527308197,0.0637195767195767,0.0,0.7272725945552032,0.17555555555555558,0.31160493827160496,0.43925925925925924,-2.7667559087276454,0.4133333333333334,-0.1,162.4,0.0,1.0,0.5695603013867873,0.22751523408314162,0.060500423413578086,0.0,0.0022430490471727583,0.8575759588835069,0.0753221660174728,0.0671018750990202,21.3,0.15760149363453418,0.06240412057078724,0.0,0.7136872415802991,0.18666666666666668,0.3190123456790123,0.40888888888888886,0.7547201997456315
91,650,93184,-0.007591729983687401,0.0223586093634367,-0.9063183239528111,0.37142857142857144,-0.14285714285714285,149.28571428571428,0.5604177350873936,0.21776568613035605,0.005249480983518579,0.007288904974162081,0.005589257873696211,0.7834329022012682,0.09058480235566053,0.12598229544307127,12.0,0.07187753661178645,0.06082380041963875,0.0,0.6791841002367319,0.1650793650793651,0.29259259259259257,0.3755555555555556,0.0038798300083726645,-0.0015703393146395683,0.01977461134083569,0.006410112779121846,0.0002664803632796975,0.39598098397254944,0.00036493010838967166,0.0,nan,nan,nan,nan,nan,nan,nan,nan,nan,nan,nan,nan,nan,nan,nan,nan,nan,nan,nan,nan,nan,nan,nan,nan,nan,nan,nan,nan,nan,nan,nan,nan,nan,nan,nan,nan,nan,nan,nan,nan,nan,nan,nan,nan,nan
92,654,94208,-0.003950387239456177,0.032224394381046295,-0.8608172610402107,0.3844444444444445,0.0,163.5,0.5440978255863593,0.22880925367952484,0.017024721766101078,0.012044808809957789,0.001851851851851852,0.7899318010319851,0.0869136518387439,0.12315454712927094,16.0,0.12057048798762893,0.059761904761904766,0.0,0.6289739578711453,0.16111111111111112,0.2822222222222222,0.3488888888888889,0.015897194854915142,-0.00036834273487329483,0.029864513082429767,0.018180244835093617,0.00027118035723106004,0.4018504396080971,0.00029954238152640755,0.0,nan,nan,nan,nan,nan,nan,nan,nan,nan,nan,nan,nan,nan,nan,nan,nan,nan,nan,nan,nan,nan,nan,nan,nan,nan,nan,nan,nan,nan,nan,nan,nan,nan,nan,nan,nan,nan,nan,nan,nan,nan,nan,nan,nan,nan
93,661,95232,-0.011903243139386177,0.027376029640436172,-2.2941014745405743,0.42920634920634926,0.0,194.14285714285714,0.4980082281665367,0.23731287914713078,0.04397578839555032,0.012869802768216676,0.0,0.7792968957092178,0.10981391611336798,0.11088918817741424,17.857142857142858,0.13865081765790516,0.05440083039510636,0.0013624768089053802,0.6173198095026915,0.17206349206349206,0.29714285714285715,0.37703703703703706,0.02556736208498478,-0.0032555628567934036,0.06228069914504886,0.011254632379859686,0.00024197954189730808,0.40982511267066,0.00032576267221884336,0.0,nan,nan,nan,nan,nan,nan,nan,nan,nan,nan,nan,nan,nan,nan,nan,nan,nan,nan,nan,nan,nan,nan,nan,nan,nan,nan,nan,nan,nan,nan,nan,nan,nan,nan,nan,nan,nan,nan,nan,nan,nan,nan,nan,nan,nan
94,667,96256,-0.001618566457182169,0.0214406605809927,-0.6731337010860443,0.41185185185185186,0.0,156.5,0.5978302989209309,0.18239651033751106,0.006605548773130693,0.006885402030028426,0.006267104542966612,0.7868323580315727,0.10315145534366162,0.11001618662476564,10.666666666666666,0.051596970889673,0.06393904320987655,0.0,0.7193774366471736,0.1762962962962963,0.31822222222222224,0.37925925925925924,0.005377875757403672,-0.0048036903608590364,0.025337547063827515,0.009106170618906617,0.00020627715821319725,0.3623973876237869,4.588165084418172e-05,0.0,nan,nan,nan,nan,nan,nan,nan,nan,nan,nan,nan,nan,nan,nan,nan,nan,nan,nan,nan,nan,nan,nan,nan,nan,nan,nan,nan,nan,nan,nan,nan,nan,nan,nan,nan,nan,nan,nan,nan,nan,nan,nan,nan,nan,nan
95,671,97280,-0.0022765209432691336,0.020205574110150337,-0.044247379060834646,0.49777777777777776,-0.25,182.75,0.6075916693315496,0.1906657027197864,0.009279213911609865,0.01446056243060579,0.0041596821257838205,0.807536585962946,0.09989629625358419,0.0925671177834699,13.5,0.07091155515619939,0.06627146846392878,0.0,0.7439732142857143,0.19333333333333336,0.3333333333333333,0.4477777777777778,0.0053624657448381186,-0.003268798580393195,0.025675322161987424,0.007289321860298514,0.00020472854703257326,0.4029886797070503,0.00013291747922039576,0.0,nan,nan,nan,nan,nan,nan,nan,nan,nan,nan,nan,nan,nan,nan,nan,nan,nan,nan,nan,nan,nan,nan,nan,nan,nan,nan,nan,nan,nan,nan,nan,nan,nan,nan,nan,nan,nan,nan,nan,nan,nan,nan,nan,nan,nan
96,677,98304,-0.00021466496400535107,0.01893801987171173,-0.1954959824991723,0.4837037037037037,0.0,181.5,0.5987850103975829,0.16992483733304195,0.026722429672049238,0.01284058195297342,0.0024691358024691358,0.7954322774026741,0.09577656538044292,0.10879115721688302,11.166666666666666,0.05328572649290001,0.06511888389568701,0.0,0.6974087960673082,0.1822222222222222,0.32296296296296295,0.42666666666666664,0.004457729868590832,-0.004066956113092601,0.025886095012538135,0.005794800410512835,0.00018308352809981443,0.3752438426017761,0.00020096214294773596,0.0,nan,nan,nan,nan,nan,nan,nan,nan,nan,nan,nan,nan,nan,nan,nan,nan,nan,nan,nan,nan,nan,nan,nan,nan,nan,nan,nan,nan,nan,nan,nan,nan,nan,nan,nan,nan,nan,nan,nan,nan,nan,nan,nan,nan,nan
97,684,99328,-0.006157988216727972,0.02034098654985428,-0.5244287255087069,0.4577777777777778,0.0,172.85714285714286,0.5947068992984929,0.1744222165242891,0.023814785872603154,0.01094261817332501,0.0008764241893076249,0.7929439016953851,0.1103325226900901,0.09672357561452473,17.0,0.09607599199719605,0.06505706723464659,0.0,0.629912475275508,0.1834920634920635,0.31682539682539684,0.4231111111111111,0.008809805382043123,-0.006107441149652004,0.038269946817308664,0.006579684966709465,0.00019265521768829785,0.38543183729052544,0.0002805635805316342,0.0,nan,nan,nan,nan,nan,nan,nan,nan,nan,nan,nan,nan,nan,nan,nan,nan,nan,nan,nan,nan,nan,nan,nan,nan,nan,nan,nan,nan,nan,nan,nan,nan,nan,nan,nan,nan,nan,nan,nan,nan,nan,nan,nan,nan,nan
98,691,100352,-0.012958472594618797,0.019638990983366966,-2.0886229276657104,0.4107936507936508,0.0,168.42857142857142,0.5541620436480137,0.16722330123027992,0.03425223535953067,0.02038580924746534,0.0030480435333722447,0.7556375802378242,0.11346108270548454,0.13090133705669119,16.857142857142858,0.1105482431443706,0.06011061570895939,0.0,0.6016711246789684,0.18476190476190477,0.3022222222222222,0.37555555555555553,0.09041167423129082,0.00034061819314956665,0.18699250649660826,0.008211767766624689,0.00020617015616153367,0.3870914541184902,0.0001525711925722817,0.0,nan,nan,nan,nan,nan,nan,nan,nan,nan,nan,nan,nan,nan,nan,nan,nan,nan,nan,nan,nan,nan,nan,nan,nan,nan,nan,nan,nan,nan,nan,nan,nan,nan,nan,nan,nan,nan,nan,nan,nan,nan,nan,nan,nan,nan
99,696,101376,3.3086747862398624e-05,0.019341645762324333,-0.026378187537193298,0.45155555555555554,0.0,162.8,0.6235528141617287,0.16845416099119223,0.007527171587505349,0.004275139067180146,0.0073741728114955565,0.7995341467404262,0.08682197108051999,0.11364388217905383,11.0,0.05184477845116882,0.06725905882188916,0.0,0.6803123903123904,0.1751111111111111,0.33155555555555555,0.44,0.00915424688719213,-0.002852130914106965,0.029306607320904732,0.00822984438855201,0.00017480884889664594,0.34722601622343063,0.0002619395885403719,0.0,nan,nan,nan,nan,nan,nan,nan,nan,nan,nan,nan,nan,nan,nan,nan,nan,nan,nan,nan,nan,nan,nan,nan,nan,nan,nan,nan,nan,nan,nan,nan,nan,nan,nan,nan,nan,nan,nan,nan,nan,nan,nan,nan,nan,nan
100,703,102400,-0.02396373264491558,0.016744472086429596,-2.3865796231797765,0.4336507936507937,-0.14285714285714285,177.28571428571428,0.5543523164606537,0.15873248091508982,0.06620450221894024,0.022191388495962843,0.001328975363078536,0.7792892995946838,0.11737507540497871,0.1033356250003374,18.714285714285715,0.14251271336896418,0.058659108087679525,0.0006968641114982578,0.6415752975042025,0.18158730158730158,0.30476190476190473,0.4007407407407408,0.10879659478086978,0.0015834597870707512,0.22291612811386585,0.009055704809725285,0.00018071628983307164,0.44791530817747116,0.0001602808508778253,0.0,-8.489780653452875,0.44355555555555554,0.0,152.2,0.0,1.0,0.6512160552773483,0.1107127672361548,0.11641840729563564,0.0005235602094240838,0.0036123435446314993,0.8783472298091388,0.06072574955233236,0.060927020638528895,24.4,0.13112330167860864,0.0705081168831169,0.0,0.8386845773765279,0.18622222222222223,0.32493827160493827,0.49111111111111105,-9.283659980154038,0.4133333333333334,-0.1,150.5,0.0,1.0,0.615210928762594,0.09060745150887303,0.1812776187649618,0.0,0.0030317584137618094,0.8870959990364288,0.05625571515461012,0.05664828580896103,30.3,0.18479550420983,0.06580320361590201,0.0,0.8447200794847853,0.1928888888888889,0.33377777777777784,0.4613333333333333,0.8621478020862403
