episode,global_step,epsilon,reward,coverage,final_health,length,new_tile_rate,revisit_rate,wall_hit_rate,turn_streak_rate,hazard_contact_rate,action_forward_rate,action_left_rate,action_right_rate,max_no_new_tile_streak,stagnation_step_rate,coverage_gain_25,energy_spent,coverage_gain_per_energy,new_tiles_per_energy,obs_novelty_mean,turn_oscillation_rate,forward_after_turn_success_rate,coverage_at_step_50,coverage_at_step_100,coverage_at_step_150,mean_loss,mean_ce_loss,mean_td_error,eval_reward_mean,eval_coverage_mean,eval_final_health_mean,eval_length_mean,eval_survival_rate,eval_death_rate,eval_new_tile_rate_mean,eval_revisit_rate_mean,eval_wall_hit_rate_mean,eval_turn_streak_rate_mean,eval_hazard_contact_rate_mean,eval_action_forward_rate_mean,eval_action_left_rate_mean,eval_action_right_rate_mean,eval_max_no_new_tile_streak_mean,eval_stagnation_step_rate_mean,eval_coverage_gain_25_mean,eval_energy_spent_mean,eval_coverage_gain_per_energy_mean,eval_new_tiles_per_energy_mean,eval_obs_novelty_mean_mean,eval_turn_oscillation_rate_mean,eval_forward_after_turn_success_rate_mean,eval_coverage_at_step_50_mean,eval_coverage_at_step_100_mean,eval_coverage_at_step_150_mean,holdout_eval_reward_mean,holdout_eval_coverage_mean,holdout_eval_final_health_mean,holdout_eval_length_mean,holdout_eval_survival_rate,holdout_eval_death_rate,holdout_eval_new_tile_rate_mean,holdout_eval_revisit_rate_mean,holdout_eval_wall_hit_rate_mean,holdout_eval_turn_streak_rate_mean,holdout_eval_hazard_contact_rate_mean,holdout_eval_action_forward_rate_mean,holdout_eval_action_left_rate_mean,holdout_eval_action_right_rate_mean,holdout_eval_max_no_new_tile_streak_mean,holdout_eval_stagnation_step_rate_mean,holdout_eval_coverage_gain_25_mean,holdout_eval_energy_spent_mean,holdout_eval_coverage_gain_per_energy_mean,holdout_eval_new_tiles_per_energy_mean,holdout_eval_obs_novelty_mean_mean,holdout_eval_turn_oscillation_rate_mean,holdout_eval_forward_after_turn_success_rate_mean,holdout_eval_coverage_at_step_50_mean,holdout_eval_coverage_at_step_100_mean,holdout_eval_coverage_at_step_150_mean,eval_soft_score
1,193,0.997980886419753,-4.51934819364548,0.4088888888888889,0,193,0.47150259067357514,0.08290155440414508,0.07253886010362694,0.07253886010362694,0.0,0.6269430051813472,0.20725388601036268,0.16580310880829016,15.0,0.11398963730569948,0.05185185185185186,140.77474470138523,0.0028729900757579903,0.6464227670455477,0.9773523931159309,0.0,0.7241379310344828,0.1511111111111111,0.22666666666666666,0.32,0.0,0.0,0.0,-471.7,0.0044444444444444444,3.0,250.0,1.0,0.0,0.0,0.0,0.0,0.996,0.0,0.0,1.0,0.0,250.0,0.98,0.0,74.99999999999964,0.0,0.0,0.2411092147648631,0.0,0.0,0.0044444444444444444,0.0044444444444444444,0.0044444444444444444,-402.39930092930797,0.0044444444444444444,2.25,226.75,0.75,0.25,0.0,0.0,0.0,0.9954076433121019,0.0,0.0,1.0,0.0,226.75,0.9770382165605095,0.0,81.2623898029324,0.0,0.0,0.25586038507318787,0.0,0.0,0.0044444444444444444,0.0044444444444444444,0.0044444444444444444,0.009333333333333334
2,317,0.9966538888888888,-5.54729009199143,0.27111111111111114,0,124,0.4838709677419355,0.024193548387096774,0.12903225806451613,0.056451612903225805,0.008064516129032258,0.6370967741935484,0.1774193548387097,0.18548387096774194,21.0,0.1532258064516129,0.05381481481481483,90.03133420944197,0.0029619317430786252,0.6664346421926906,0.9515388644430682,0.0,0.7105263157894737,0.09333333333333334,0.21333333333333335,nan,0.0,0.0,0.0,nan,nan,nan,nan,nan,nan,nan,nan,nan,nan,nan,nan,nan,nan,nan,nan,nan,nan,nan,nan,nan,nan,nan,nan,nan,nan,nan,nan,nan,nan,nan,nan,nan,nan,nan,nan,nan,nan,nan,nan,nan,nan,nan,nan,nan,nan,nan,nan,nan,nan,nan,nan,nan
3,497,0.9947538888888889,-3.6218054320812243,0.4177777777777778,0,180,0.5166666666666667,0.005555555555555556,0.12777777777777777,0.08333333333333333,0.0,0.65,0.17777777777777778,0.17222222222222222,12.0,0.06666666666666667,0.05833333333333335,120.44576601982092,0.003431696663088298,0.7721317491948669,0.9507682339775596,0.0,0.6875,0.1111111111111111,0.22666666666666666,0.3377777777777778,0.0,0.0,0.0,nan,nan,nan,nan,nan,nan,nan,nan,nan,nan,nan,nan,nan,nan,nan,nan,nan,nan,nan,nan,nan,nan,nan,nan,nan,nan,nan,nan,nan,nan,nan,nan,nan,nan,nan,nan,nan,nan,nan,nan,nan,nan,nan,nan,nan,nan,nan,nan,nan,nan,nan,nan,nan
4,651,0.9931283333333333,-1.7050359075069415,0.37777777777777777,0,154,0.5454545454545454,0.012987012987012988,0.08441558441558442,0.05844155844155844,0.0,0.6428571428571429,0.2077922077922078,0.14935064935064934,10.0,0.05194805194805195,0.06333333333333332,100.39081816673254,0.0037187995889553208,0.8367299075149471,0.978453235557628,0.006493506493506494,0.8695652173913043,0.12,0.25333333333333335,0.36444444444444446,0.0,0.0,0.0,nan,nan,nan,nan,nan,nan,nan,nan,nan,nan,nan,nan,nan,nan,nan,nan,nan,nan,nan,nan,nan,nan,nan,nan,nan,nan,nan,nan,nan,nan,nan,nan,nan,nan,nan,nan,nan,nan,nan,nan,nan,nan,nan,nan,nan,nan,nan,nan,nan,nan,nan,nan,nan
5,812,0.9934859555555555,-9.108768224239348,0.27111111111111114,0,161,0.37267080745341613,0.031055900621118012,0.19875776397515527,0.12422360248447205,0.006211180124223602,0.6024844720496895,0.2236024844720497,0.17391304347826086,56.0,0.37267080745341613,0.03809523809523809,100.02636404037456,0.0026659638108911927,0.5998418574505182,0.9119617563641791,0.024844720496894408,0.6136363636363636,0.10222222222222223,0.26222222222222225,0.27111111111111114,0.0,0.0,0.0,nan,nan,nan,nan,nan,nan,nan,nan,nan,nan,nan,nan,nan,nan,nan,nan,nan,nan,nan,nan,nan,nan,nan,nan,nan,nan,nan,nan,nan,nan,nan,nan,nan,nan,nan,nan,nan,nan,nan,nan,nan,nan,nan,nan,nan,nan,nan,nan,nan,nan,nan,nan,nan
6,955,0.990009049382716,-10.924245904445652,0.18222222222222223,0,143,0.27972027972027974,0.055944055944055944,0.3076923076923077,0.0979020979020979,0.0,0.6433566433566433,0.20279720279720279,0.15384615384615385,41.0,0.42657342657342656,0.030781893004115227,100.24996099472034,0.001773345106709223,0.39900264900957516,0.8707714808971668,0.0,0.4594594594594595,0.08444444444444445,0.13333333333333333,nan,0.0,0.0,0.0,nan,nan,nan,nan,nan,nan,nan,nan,nan,nan,nan,nan,nan,nan,nan,nan,nan,nan,nan,nan,nan,nan,nan,nan,nan,nan,nan,nan,nan,nan,nan,nan,nan,nan,nan,nan,nan,nan,nan,nan,nan,nan,nan,nan,nan,nan,nan,nan,nan,nan,nan,nan,nan
7,1151,0.9880935444444444,-6.336481797218327,0.4088888888888889,0,196,0.4642857142857143,0.05612244897959184,0.10204081632653061,0.10204081632653061,0.00510204081632653,0.6224489795918368,0.1989795918367347,0.17857142857142858,32.0,0.16326530612244897,0.05182539682539683,120.19506473541225,0.0033649005916736763,0.7571026331265771,0.9260062114567398,0.01020408163265306,0.7169811320754716,0.12,0.24,0.29777777777777775,0.0,0.0,0.0,nan,nan,nan,nan,nan,nan,nan,nan,nan,nan,nan,nan,nan,nan,nan,nan,nan,nan,nan,nan,nan,nan,nan,nan,nan,nan,nan,nan,nan,nan,nan,nan,nan,nan,nan,nan,nan,nan,nan,nan,nan,nan,nan,nan,nan,nan,nan,nan,nan,nan,nan,nan,nan
8,1311,0.9861616666666667,-1.6542757320404045,0.40444444444444444,0,160,0.5625,0.03125,0.05625,0.05625,0.0,0.65,0.20625,0.14375,11.0,0.0625,0.06476190476190477,110.70738792419417,0.0036131283331686612,0.8129538749629487,0.9869111087120988,0.0125,0.8085106382978723,0.1288888888888889,0.25333333333333335,0.3688888888888889,0.0,0.0,0.0,nan,nan,nan,nan,nan,nan,nan,nan,nan,nan,nan,nan,nan,nan,nan,nan,nan,nan,nan,nan,nan,nan,nan,nan,nan,nan,nan,nan,nan,nan,nan,nan,nan,nan,nan,nan,nan,nan,nan,nan,nan,nan,nan,nan,nan,nan,nan,nan,nan,nan,nan,nan,nan
9,1445,0.9856058971193415,-15.452715990543362,0.10222222222222223,0,134,0.16417910447761194,0.07462686567164178,0.3283582089552239,0.15671641791044777,0.007462686567164179,0.5671641791044776,0.2462686567164179,0.1865671641791045,62.0,0.5746268656716418,0.017613168724279836,80.08300943374613,0.0012209553370827154,0.27471495084361097,0.8214405444358623,0.007462686567164179,0.3333333333333333,0.08888888888888889,0.09777777777777778,nan,0.0,0.0,0.0,nan,nan,nan,nan,nan,nan,nan,nan,nan,nan,nan,nan,nan,nan,nan,nan,nan,nan,nan,nan,nan,nan,nan,nan,nan,nan,nan,nan,nan,nan,nan,nan,nan,nan,nan,nan,nan,nan,nan,nan,nan,nan,nan,nan,nan,nan,nan,nan,nan,nan,nan,nan,nan
10,1600,0.9831111111111112,-4.5648506431579605,0.3111111111111111,0,155,0.44516129032258067,0.03225806451612903,0.14838709677419354,0.07096774193548387,0.0,0.6258064516129033,0.21935483870967742,0.15483870967741936,16.0,0.12903225806451613,0.053968253968253964,100.28429183959945,0.003057973098689945,0.6880439472052375,0.9550246709251696,0.0,0.6595744680851063,0.09777777777777778,0.21333333333333335,0.29333333333333333,0.0,0.0,0.0,nan,nan,nan,nan,nan,nan,nan,nan,nan,nan,nan,nan,nan,nan,nan,nan,nan,nan,nan,nan,nan,nan,nan,nan,nan,nan,nan,nan,nan,nan,nan,nan,nan,nan,nan,nan,nan,nan,nan,nan,nan,nan,nan,nan,nan,nan,nan,nan,nan,nan,nan,nan,nan
11,1708,0.9819711111111111,-0.4808200297355628,0.3244444444444444,0,108,0.6666666666666666,0.009259259259259259,0.018518518518518517,0.05555555555555555,0.009259259259259259,0.6944444444444444,0.1574074074074074,0.14814814814814814,4.0,0.0,0.07344444444444444,75.78876218795764,0.004222261859962742,0.9500089184916171,0.9537130654858764,0.0,0.9259259259259259,0.14666666666666667,0.3022222222222222,nan,0.0,0.0,0.0,nan,nan,nan,nan,nan,nan,nan,nan,nan,nan,nan,nan,nan,nan,nan,nan,nan,nan,nan,nan,nan,nan,nan,nan,nan,nan,nan,nan,nan,nan,nan,nan,nan,nan,nan,nan,nan,nan,nan,nan,nan,nan,nan,nan,nan,nan,nan,nan,nan,nan,nan,nan,nan
12,1817,0.9808205555555556,-2.5381588711738576,0.28,0,109,0.5688073394495413,0.05504587155963303,0.06422018348623854,0.05504587155963303,0.009174311926605505,0.6880733944954128,0.22018348623853212,0.09174311926605505,6.0,0.009174311926605505,0.0645925925925926,84.0872273445128,0.003277020354430051,0.7373295797467614,0.971535240600904,0.0,0.7857142857142857,0.13333333333333333,0.25333333333333335,nan,0.0,0.0,0.0,nan,nan,nan,nan,nan,nan,nan,nan,nan,nan,nan,nan,nan,nan,nan,nan,nan,nan,nan,nan,nan,nan,nan,nan,nan,nan,nan,nan,nan,nan,nan,nan,nan,nan,nan,nan,nan,nan,nan,nan,nan,nan,nan,nan,nan,nan,nan,nan,nan,nan,nan,nan,nan
13,1969,0.9842042444444444,-11.898919385910038,0.2577777777777778,0,152,0.375,0.019736842105263157,0.23684210526315788,0.1513157894736842,0.0,0.631578947368421,0.21710526315789475,0.1513157894736842,35.0,0.29605263157894735,0.03619047619047618,100.16113700866681,0.0025292577630325096,0.5690829966823147,0.8749627407302819,0.0,0.6666666666666666,0.10666666666666667,0.2088888888888889,0.2577777777777778,0.0,0.0,0.0,nan,nan,nan,nan,nan,nan,nan,nan,nan,nan,nan,nan,nan,nan,nan,nan,nan,nan,nan,nan,nan,nan,nan,nan,nan,nan,nan,nan,nan,nan,nan,nan,nan,nan,nan,nan,nan,nan,nan,nan,nan,nan,nan,nan,nan,nan,nan,nan,nan,nan,nan,nan,nan
14,2072,0.9781288888888889,-5.847475914001467,0.20444444444444446,0,103,0.4368932038834951,0.0,0.1941747572815534,0.0970873786407767,0.009708737864077669,0.6310679611650486,0.1941747572815534,0.17475728155339806,21.0,0.17475728155339806,0.053037037037037035,70.23310394287107,0.002847659988980179,0.6407234975205403,0.9282902451223011,0.019417475728155338,0.7142857142857143,0.07555555555555556,0.19555555555555557,nan,0.0,0.0,0.0,nan,nan,nan,nan,nan,nan,nan,nan,nan,nan,nan,nan,nan,nan,nan,nan,nan,nan,nan,nan,nan,nan,nan,nan,nan,nan,nan,nan,nan,nan,nan,nan,nan,nan,nan,nan,nan,nan,nan,nan,nan,nan,nan,nan,nan,nan,nan,nan,nan,nan,nan,nan,nan
15,2252,0.9762288888888889,-1.7928736431598635,0.4311111111111111,0,180,0.5333333333333333,0.044444444444444446,0.08888888888888889,0.05,0.0,0.6666666666666666,0.19444444444444445,0.1388888888888889,16.0,0.06111111111111111,0.059999999999999984,120.07498707771285,0.003553335103759178,0.7995003983458149,0.9852612539862586,0.0,0.8,0.14222222222222222,0.27555555555555555,0.36,0.0,0.0,0.0,nan,nan,nan,nan,nan,nan,nan,nan,nan,nan,nan,nan,nan,nan,nan,nan,nan,nan,nan,nan,nan,nan,nan,nan,nan,nan,nan,nan,nan,nan,nan,nan,nan,nan,nan,nan,nan,nan,nan,nan,nan,nan,nan,nan,nan,nan,nan,nan,nan,nan,nan,nan,nan
16,2417,0.9744872222222222,-12.930611784458149,0.17777777777777778,0,165,0.23636363636363636,0.06666666666666667,0.3090909090909091,0.13333333333333333,0.0,0.6121212121212121,0.21818181818181817,0.1696969696969697,96.0,0.5575757575757576,0.028571428571428574,100.24392175674411,0.0017291156440781606,0.3890510199175861,0.8626917708255074,0.006060606060606061,0.38095238095238093,0.10222222222222223,0.10222222222222223,0.13777777777777778,0.0,0.0,0.0,nan,nan,nan,nan,nan,nan,nan,nan,nan,nan,nan,nan,nan,nan,nan,nan,nan,nan,nan,nan,nan,nan,nan,nan,nan,nan,nan,nan,nan,nan,nan,nan,nan,nan,nan,nan,nan,nan,nan,nan,nan,nan,nan,nan,nan,nan,nan,nan,nan,nan,nan,nan,nan
17,2596,0.974140421399177,-4.355385253429414,0.3688888888888889,0,179,0.4581005586592179,0.055865921787709494,0.12849162011173185,0.08379888268156424,0.0,0.6424581005586593,0.2346368715083799,0.12290502793296089,23.0,0.12849162011173185,0.04847222222222221,120.25128812789893,0.0030306905657162056,0.6819053772861462,0.964032536461051,0.0,0.6530612244897959,0.1288888888888889,0.28444444444444444,0.36,0.0,0.0,0.0,nan,nan,nan,nan,nan,nan,nan,nan,nan,nan,nan,nan,nan,nan,nan,nan,nan,nan,nan,nan,nan,nan,nan,nan,nan,nan,nan,nan,nan,nan,nan,nan,nan,nan,nan,nan,nan,nan,nan,nan,nan,nan,nan,nan,nan,nan,nan,nan,nan,nan,nan,nan,nan
18,2778,0.9706766666666666,-4.787135413646704,0.3377777777777778,0,182,0.41208791208791207,0.09340659340659341,0.08241758241758242,0.11538461538461539,0.0,0.5879120879120879,0.2802197802197802,0.13186813186813187,14.0,0.15934065934065933,0.04595238095238097,120.00128965377795,0.0027777479250018977,0.6249932831254269,0.9732363289635971,0.01098901098901099,0.6792452830188679,0.09333333333333334,0.20444444444444446,0.3022222222222222,0.0,0.0,0.0,nan,nan,nan,nan,nan,nan,nan,nan,nan,nan,nan,nan,nan,nan,nan,nan,nan,nan,nan,nan,nan,nan,nan,nan,nan,nan,nan,nan,nan,nan,nan,nan,nan,nan,nan,nan,nan,nan,nan,nan,nan,nan,nan,nan,nan,nan,nan,nan,nan,nan,nan,nan,nan
19,2949,0.9750973333333334,-6.053352435112,0.32,0,171,0.4152046783625731,0.04678362573099415,0.14035087719298245,0.08187134502923976,0.0,0.6023391812865497,0.25146198830409355,0.14619883040935672,30.0,0.1695906432748538,0.04507936507936509,120.26049938201889,0.0026239335207910905,0.5903850421779953,0.9715169124740786,0.011695906432748537,0.7037037037037037,0.13333333333333333,0.24888888888888888,0.32,0.0,0.0,0.0,nan,nan,nan,nan,nan,nan,nan,nan,nan,nan,nan,nan,nan,nan,nan,nan,nan,nan,nan,nan,nan,nan,nan,nan,nan,nan,nan,nan,nan,nan,nan,nan,nan,nan,nan,nan,nan,nan,nan,nan,nan,nan,nan,nan,nan,nan,nan,nan,nan,nan,nan,nan,nan
20,3096,0.9680026488888889,-3.6456042544841774,0.31555555555555553,0,147,0.47619047619047616,0.034013605442176874,0.11564625850340136,0.06802721088435375,0.006802721088435374,0.6258503401360545,0.22448979591836735,0.14965986394557823,16.0,0.08843537414965986,0.052154882154882155,100.6057548046111,0.0030923788774839733,0.695785247433894,0.983177535629221,0.0,0.6666666666666666,0.14222222222222222,0.25333333333333335,nan,3.9281453788280487,3.9281453788280487,5.310723602771759,-60.38077995884419,0.035555555555555556,0.0,110.75,0.0,1.0,0.0654384999570716,0.0,0.8721350482786279,0.053078094627576,0.0,0.9375735482356995,0.06242645176430051,0.0,97.0,0.8410779286756832,0.006092592592592592,100.53599960803973,0.00030945455873861285,0.06962727571618789,0.31153891148177365,0.0,1.0,0.035555555555555556,0.035555555555555556,nan,-57.47358945322037,0.035555555555555556,0.0,107.75,0.0,1.0,0.06773149275127123,0.0,0.8722898651102765,0.05030271460255638,0.0031645569620253164,0.9400213578615477,0.05997864213845226,0.0,94.5,0.8355092318897699,0.006481481481481482,92.99609003067009,0.00034221761783452233,0.07699896401276754,0.32075450770781994,0.0,1.0,0.035555555555555556,0.035555555555555556,nan,0.05511111111111111
21,3251,0.9739197555555555,-9.541407579422,0.23555555555555555,0,155,0.33548387096774196,0.05161290322580645,0.3032258064516129,0.05806451612903226,0.0,0.6903225806451613,0.15483870967741936,0.15483870967741936,36.0,0.38064516129032255,0.03301587301587301,110.53721504211401,0.0020907991125256697,0.47042980031827575,0.9041976818158018,0.0064516129032258064,0.5384615384615384,0.14666666666666667,0.21777777777777776,0.23555555555555555,3.917706549167633,3.917706549167633,5.208494305610657,nan,nan,nan,nan,nan,nan,nan,nan,nan,nan,nan,nan,nan,nan,nan,nan,nan,nan,nan,nan,nan,nan,nan,nan,nan,nan,nan,nan,nan,nan,nan,nan,nan,nan,nan,nan,nan,nan,nan,nan,nan,nan,nan,nan,nan,nan,nan,nan,nan,nan,nan,nan,nan
22,3383,0.9728608222222223,-16.22109845423698,0.07111111111111111,0,132,0.11363636363636363,0.06818181818181818,0.4318181818181818,0.13636363636363635,0.0,0.6136363636363636,0.22727272727272727,0.1590909090909091,98.0,0.7348484848484849,0.011111111111111112,101.08665194511418,0.0006595001949699934,0.1483875438682485,0.8324344738076697,0.03787878787878788,0.15151515151515152,0.07111111111111111,0.07111111111111111,nan,3.879475772380829,3.879475772380829,5.344865590333939,nan,nan,nan,nan,nan,nan,nan,nan,nan,nan,nan,nan,nan,nan,nan,nan,nan,nan,nan,nan,nan,nan,nan,nan,nan,nan,nan,nan,nan,nan,nan,nan,nan,nan,nan,nan,nan,nan,nan,nan,nan,nan,nan,nan,nan,nan,nan,nan,nan,nan,nan,nan,nan
23,3507,0.9718660666666666,-12.072085686683655,0.17777777777777778,0,124,0.31451612903225806,0.08870967741935484,0.4838709677419355,0.024193548387096774,0.0,0.8870967741935484,0.06451612903225806,0.04838709677419355,39.0,0.5080645161290323,0.034666666666666665,100.12462558746319,0.0017311758452661498,0.38951456518488364,0.7318528331652785,0.0,0.5,0.1111111111111111,0.17777777777777778,nan,3.8784393966197968,3.8784393966197968,4.248753249645233,nan,nan,nan,nan,nan,nan,nan,nan,nan,nan,nan,nan,nan,nan,nan,nan,nan,nan,nan,nan,nan,nan,nan,nan,nan,nan,nan,nan,nan,nan,nan,nan,nan,nan,nan,nan,nan,nan,nan,nan,nan,nan,nan,nan,nan,nan,nan,nan,nan,nan,nan,nan,nan
24,3605,0.9619472222222222,-7.1884445672035255,0.18666666666666668,0,98,0.41836734693877553,0.07142857142857142,0.40816326530612246,0.01020408163265306,0.01020408163265306,0.8979591836734694,0.07142857142857142,0.030612244897959183,25.0,0.3673469387755102,0.04642512077294686,80.71851968765245,0.0022575020320906216,0.5079379572203898,0.8112310773320008,0.0,0.4444444444444444,0.08888888888888889,nan,nan,3.860785812139511,3.860785812139511,4.2738564014434814,nan,nan,nan,nan,nan,nan,nan,nan,nan,nan,nan,nan,nan,nan,nan,nan,nan,nan,nan,nan,nan,nan,nan,nan,nan,nan,nan,nan,nan,nan,nan,nan,nan,nan,nan,nan,nan,nan,nan,nan,nan,nan,nan,nan,nan,nan,nan,nan,nan,nan,nan,nan,nan
25,3740,0.9605222222222223,-10.77896714448928,0.24,0,135,0.3925925925925926,0.05185185185185185,0.3925925925925926,0.037037037037037035,0.0,0.837037037037037,0.08148148148148149,0.08148148148148149,65.0,0.4666666666666667,0.050370370370370364,100.75206804275489,0.0023379724121950114,0.5260437927438776,0.7930922936233333,0.0,0.29411764705882354,0.16444444444444445,0.18222222222222223,nan,3.839106470346451,3.839106470346451,5.252872914075851,nan,nan,nan,nan,nan,nan,nan,nan,nan,nan,nan,nan,nan,nan,nan,nan,nan,nan,nan,nan,nan,nan,nan,nan,nan,nan,nan,nan,nan,nan,nan,nan,nan,nan,nan,nan,nan,nan,nan,nan,nan,nan,nan,nan,nan,nan,nan,nan,nan,nan,nan,nan,nan
26,3799,0.9598994444444444,-1.3091926887035366,0.2222222222222222,0,59,0.8305084745762712,0.0,0.0847457627118644,0.0,0.03389830508474576,0.9152542372881356,0.0847457627118644,0.0,6.0,0.01694915254237288,0.0936625514403292,50.620882749557474,0.004302133150368295,0.9679799588328664,0.9029438005767487,0.0,1.0,0.18666666666666668,nan,nan,3.8342916667461395,3.8342916667461395,5.373792350292206,nan,nan,nan,nan,nan,nan,nan,nan,nan,nan,nan,nan,nan,nan,nan,nan,nan,nan,nan,nan,nan,nan,nan,nan,nan,nan,nan,nan,nan,nan,nan,nan,nan,nan,nan,nan,nan,nan,nan,nan,nan,nan,nan,nan,nan,nan,nan,nan,nan,nan,nan,nan,nan
27,3938,0.9684084888888889,-11.87629184317589,0.26222222222222225,0,139,0.4172661870503597,0.02877697841726619,0.34532374100719426,0.06474820143884892,0.007194244604316547,0.7913669064748201,0.1223021582733813,0.08633093525179857,31.0,0.35251798561151076,0.04296296296296296,110.0218270778655,0.002342969432741208,0.5271681223667718,0.7929765134526656,0.0,0.5,0.15555555555555556,0.23555555555555555,nan,3.840519070625305,3.840519070625305,5.137397587299347,nan,nan,nan,nan,nan,nan,nan,nan,nan,nan,nan,nan,nan,nan,nan,nan,nan,nan,nan,nan,nan,nan,nan,nan,nan,nan,nan,nan,nan,nan,nan,nan,nan,nan,nan,nan,nan,nan,nan,nan,nan,nan,nan,nan,nan,nan,nan,nan,nan,nan,nan,nan,nan
28,4094,0.9567855555555556,-7.340348189353948,0.2222222222222222,0,156,0.3141025641025641,0.10256410256410256,0.2692307692307692,0.05128205128205128,0.0,0.6858974358974359,0.16025641025641027,0.15384615384615385,56.0,0.3974358974358974,0.03312169312169312,100.66045894622778,0.0021634888223002577,0.486784985017558,0.8917307699454141,0.0,0.4634146341463415,0.10666666666666667,0.13777777777777778,0.21777777777777776,3.80184006690979,3.80184006690979,6.738596498966217,nan,nan,nan,nan,nan,nan,nan,nan,nan,nan,nan,nan,nan,nan,nan,nan,nan,nan,nan,nan,nan,nan,nan,nan,nan,nan,nan,nan,nan,nan,nan,nan,nan,nan,nan,nan,nan,nan,nan,nan,nan,nan,nan,nan,nan,nan,nan,nan,nan,nan,nan,nan,nan
29,4202,0.9556455555555555,-5.3642022202014985,0.27111111111111114,0,108,0.5555555555555556,0.018518518518518517,0.26851851851851855,0.0,0.009259259259259259,0.8425925925925926,0.05555555555555555,0.10185185185185185,16.0,0.19444444444444445,0.06655555555555556,90.24954495429984,0.0029547702074475854,0.6648232966757066,0.7786807051276545,0.0,0.6470588235294118,0.10222222222222223,0.24,nan,3.7951877117156982,3.7951877117156982,7.152283191680908,nan,nan,nan,nan,nan,nan,nan,nan,nan,nan,nan,nan,nan,nan,nan,nan,nan,nan,nan,nan,nan,nan,nan,nan,nan,nan,nan,nan,nan,nan,nan,nan,nan,nan,nan,nan,nan,nan,nan,nan,nan,nan,nan,nan,nan,nan,nan,nan,nan,nan,nan,nan,nan
30,4355,0.9650632222222223,-18.681115012168885,0.19111111111111112,0,153,0.27450980392156865,0.032679738562091505,0.37254901960784315,0.0784313725490196,0.0,0.6797385620915033,0.12418300653594772,0.19607843137254902,77.0,0.5620915032679739,0.02666666666666667,100.41061916351289,0.001859033120418178,0.41828245209409004,0.7657481542000673,0.0,0.2972972972972973,0.12,0.19111111111111112,0.19111111111111112,3.799111843109131,3.799111843109131,5.757023751735687,nan,nan,nan,nan,nan,nan,nan,nan,nan,nan,nan,nan,nan,nan,nan,nan,nan,nan,nan,nan,nan,nan,nan,nan,nan,nan,nan,nan,nan,nan,nan,nan,nan,nan,nan,nan,nan,nan,nan,nan,nan,nan,nan,nan,nan,nan,nan,nan,nan,nan,nan,nan,nan
31,4543,0.9520461111111111,-5.083171842336656,0.4622222222222222,0,188,0.5478723404255319,0.047872340425531915,0.18617021276595744,0.05851063829787234,0.0,0.7819148936170213,0.14893617021276595,0.06914893617021277,17.0,0.18617021276595744,0.060299145299145304,140.7159223079679,0.003253205254028716,0.7319711821564611,0.8826235330910104,0.0,0.5333333333333333,0.1288888888888889,0.27111111111111114,0.38222222222222224,3.784558981657028,3.784558981657028,7.2451072335243225,nan,nan,nan,nan,nan,nan,nan,nan,nan,nan,nan,nan,nan,nan,nan,nan,nan,nan,nan,nan,nan,nan,nan,nan,nan,nan,nan,nan,nan,nan,nan,nan,nan,nan,nan,nan,nan,nan,nan,nan,nan,nan,nan,nan,nan,nan,nan,nan,nan,nan,nan,nan,nan
32,4627,0.9511594444444444,-2.9224777293205246,0.2311111111111111,-2,84,0.6071428571428571,0.05952380952380952,0.10714285714285714,0.03571428571428571,0.023809523809523808,0.7738095238095238,0.16666666666666666,0.05952380952380952,10.0,0.05952380952380952,0.06456790123456789,68.17597837448115,0.0033247292091888765,0.7480640720674973,0.9879948075186039,0.0,0.75,0.16444444444444445,nan,nan,3.7448810935020447,3.7448810935020447,6.99643737077713,nan,nan,nan,nan,nan,nan,nan,nan,nan,nan,nan,nan,nan,nan,nan,nan,nan,nan,nan,nan,nan,nan,nan,nan,nan,nan,nan,nan,nan,nan,nan,nan,nan,nan,nan,nan,nan,nan,nan,nan,nan,nan,nan,nan,nan,nan,nan,nan,nan,nan,nan,nan,nan
33,4773,0.9496183333333333,-6.002260118484501,0.31555555555555553,-1,146,0.4794520547945205,0.0821917808219178,0.2602739726027397,0.0136986301369863,0.00684931506849315,0.821917808219178,0.11643835616438356,0.06164383561643835,14.0,0.19863013698630136,0.05269841269841269,109.48819160461399,0.0028415037873180146,0.6393383521465533,0.9076150986821895,0.0,0.5416666666666666,0.16,0.23555555555555555,nan,3.735142558813095,3.735142558813095,6.805822312831879,nan,nan,nan,nan,nan,nan,nan,nan,nan,nan,nan,nan,nan,nan,nan,nan,nan,nan,nan,nan,nan,nan,nan,nan,nan,nan,nan,nan,nan,nan,nan,nan,nan,nan,nan,nan,nan,nan,nan,nan,nan,nan,nan,nan,nan,nan,nan,nan,nan,nan,nan,nan,nan
34,4904,0.9482355555555555,-6.426263381481169,0.27555555555555555,0,131,0.46564885496183206,0.15267175572519084,0.22900763358778625,0.022900763358778626,0.0,0.8473282442748091,0.10687022900763359,0.04580152671755725,38.0,0.3893129770992366,0.056913580246913564,100.71679410934432,0.0026918163302217138,0.6056586742998855,0.8927496619910865,0.0,0.5294117647058824,0.1688888888888889,0.2311111111111111,nan,3.6825092434883118,3.6825092434883118,6.79213148355484,nan,nan,nan,nan,nan,nan,nan,nan,nan,nan,nan,nan,nan,nan,nan,nan,nan,nan,nan,nan,nan,nan,nan,nan,nan,nan,nan,nan,nan,nan,nan,nan,nan,nan,nan,nan,nan,nan,nan,nan,nan,nan,nan,nan,nan,nan,nan,nan,nan,nan,nan,nan,nan
35,5026,0.9490698666666666,-7.434010230064397,0.2577777777777778,0,122,0.4672131147540984,0.04918032786885246,0.26229508196721313,0.05737704918032787,0.00819672131147541,0.7786885245901639,0.13934426229508196,0.08196721311475409,31.0,0.2540983606557377,0.05236363636363637,90.20962123870837,0.002808273994000871,0.631861648650196,0.8599967169657479,0.0,0.631578947368421,0.12,0.19555555555555557,nan,3.6427195072174072,3.6427195072174072,7.269256114959717,nan,nan,nan,nan,nan,nan,nan,nan,nan,nan,nan,nan,nan,nan,nan,nan,nan,nan,nan,nan,nan,nan,nan,nan,nan,nan,nan,nan,nan,nan,nan,nan,nan,nan,nan,nan,nan,nan,nan,nan,nan,nan,nan,nan,nan,nan,nan,nan,nan,nan,nan,nan,nan
36,5171,0.9500345209053498,-6.566260799407958,0.3288888888888889,0,145,0.503448275862069,0.027586206896551724,0.20689655172413793,0.034482758620689655,0.0,0.7379310344827587,0.15862068965517243,0.10344827586206896,28.0,0.16551724137931034,0.05444444444444444,100.48819808959938,0.0032286820802096237,0.7264534680471653,0.9101052742934708,0.0,0.6060606060606061,0.16,0.29333333333333333,nan,3.7386471033096313,3.7386471033096313,4.921256750822067,nan,nan,nan,nan,nan,nan,nan,nan,nan,nan,nan,nan,nan,nan,nan,nan,nan,nan,nan,nan,nan,nan,nan,nan,nan,nan,nan,nan,nan,nan,nan,nan,nan,nan,nan,nan,nan,nan,nan,nan,nan,nan,nan,nan,nan,nan,nan,nan,nan,nan,nan,nan,nan
37,5391,0.943095,-13.110070497512796,0.32,-1,220,0.32272727272727275,0.08181818181818182,0.2681818181818182,0.08636363636363636,0.004545454545454545,0.6727272727272727,0.2,0.12727272727272726,55.0,0.42727272727272725,0.03555555555555556,147.095909500122,0.0021452367820962003,0.482678275971645,0.912155276299652,0.004545454545454545,0.39622641509433965,0.13333333333333333,0.18222222222222223,0.23555555555555555,3.6624603867530823,3.6624603867530823,5.5329315066337585,nan,nan,nan,nan,nan,nan,nan,nan,nan,nan,nan,nan,nan,nan,nan,nan,nan,nan,nan,nan,nan,nan,nan,nan,nan,nan,nan,nan,nan,nan,nan,nan,nan,nan,nan,nan,nan,nan,nan,nan,nan,nan,nan,nan,nan,nan,nan,nan,nan,nan,nan,nan,nan
38,5538,0.94598604,-4.470921279430391,0.30666666666666664,0,147,0.46258503401360546,0.05442176870748299,0.21768707482993196,0.08843537414965986,0.0,0.7346938775510204,0.1836734693877551,0.08163265306122448,11.0,0.12244897959183673,0.05148148148148147,100.60877408981298,0.0030039350439995407,0.6758853848998967,0.9411143549685462,0.013605442176870748,0.6538461538461539,0.1111111111111111,0.24888888888888888,nan,3.7416238486766815,3.7416238486766815,4.108265459537506,nan,nan,nan,nan,nan,nan,nan,nan,nan,nan,nan,nan,nan,nan,nan,nan,nan,nan,nan,nan,nan,nan,nan,nan,nan,nan,nan,nan,nan,nan,nan,nan,nan,nan,nan,nan,nan,nan,nan,nan,nan,nan,nan,nan,nan,nan,nan,nan,nan,nan,nan,nan,nan
39,5696,0.9457009461728395,-8.23566906642914,0.2577777777777778,0,158,0.36075949367088606,0.04430379746835443,0.21518987341772153,0.12025316455696203,0.0,0.620253164556962,0.26582278481012656,0.11392405063291139,22.0,0.25316455696202533,0.03619047619047618,100.3587530136106,0.002524277412045728,0.5679624177102888,0.9018666586754757,0.0,0.5853658536585366,0.13777777777777778,0.23555555555555555,0.2577777777777778,3.6485851109027863,3.6485851109027863,5.736222624778748,nan,nan,nan,nan,nan,nan,nan,nan,nan,nan,nan,nan,nan,nan,nan,nan,nan,nan,nan,nan,nan,nan,nan,nan,nan,nan,nan,nan,nan,nan,nan,nan,nan,nan,nan,nan,nan,nan,nan,nan,nan,nan,nan,nan,nan,nan,nan,nan,nan,nan,nan,nan,nan
40,5910,0.9525886666666666,-10.044714564085012,0.3422222222222222,0,214,0.35514018691588783,0.0514018691588785,0.2102803738317757,0.14018691588785046,0.0,0.616822429906542,0.24766355140186916,0.13551401869158877,21.0,0.2850467289719626,0.03753086419753086,140.00680537223803,0.0024125811376077277,0.5428307559617388,0.9437850501260574,0.014018691588785047,0.5961538461538461,0.1111111111111111,0.14666666666666667,0.27555555555555555,3.6854885518550873,3.6854885518550873,4.717432469129562,-126.52957321649787,0.10222222222222223,0.0,193.25,0.0,1.0,0.13498152045582876,0.047142728812689286,0.10923592218058621,0.6789705353934603,0.002380952380952381,0.29136017144910425,0.7086398285508957,0.0,125.5,0.742713947778177,0.017740740740740737,95.54831634759876,0.0010388335169352891,0.23373754131044006,0.5802535076277626,0.0,0.3958333333333333,0.044444444444444446,0.05666666666666667,0.06074074074074074,-110.63552481853961,0.09000000000000001,-0.5,182.5,0.0,1.0,0.10226641740782955,0.06617244919207232,0.10721641022870455,0.698543544103865,0.004927515532385917,0.2756552768286064,0.7243447231713935,0.0,128.75,0.8237387084529101,0.013117412873748157,86.46928398609137,0.0009461896078652764,0.2128926617696872,0.5139363543414913,0.0,0.22142857142857142,0.05444444444444445,0.05666666666666667,0.07407407407407407,0.16435185185185186
41,6057,0.948852,-5.082023738384247,0.32,0,147,0.48299319727891155,0.10204081632653061,0.10884353741496598,0.04081632653061224,0.0,0.6938775510204082,0.17687074829931973,0.1292517006802721,21.0,0.1292517006802721,0.0526936026936027,120.80974988937372,0.002612004046399499,0.5877009104398873,0.9879705486114023,0.0,0.7435897435897436,0.11555555555555555,0.26666666666666666,nan,3.698881894350052,3.698881894350052,3.6283576786518097,nan,nan,nan,nan,nan,nan,nan,nan,nan,nan,nan,nan,nan,nan,nan,nan,nan,nan,nan,nan,nan,nan,nan,nan,nan,nan,nan,nan,nan,nan,nan,nan,nan,nan,nan,nan,nan,nan,nan,nan,nan,nan,nan,nan,nan,nan,nan,nan,nan,nan,nan,nan,nan
42,6127,0.9374340008230453,-4.80349842786789,0.13333333333333333,0,70,0.4142857142857143,0.014285714285714285,0.21428571428571427,0.05714285714285714,0.02857142857142857,0.6428571428571429,0.21428571428571427,0.14285714285714285,14.0,0.12857142857142856,0.04370370370370371,52.69998502731322,0.0024457101614372124,0.5502847863233727,0.9532141455790826,0.0,0.7619047619047619,0.12444444444444444,nan,nan,3.690335899591446,3.690335899591446,4.133364319801331,nan,nan,nan,nan,nan,nan,nan,nan,nan,nan,nan,nan,nan,nan,nan,nan,nan,nan,nan,nan,nan,nan,nan,nan,nan,nan,nan,nan,nan,nan,nan,nan,nan,nan,nan,nan,nan,nan,nan,nan,nan,nan,nan,nan,nan,nan,nan,nan,nan,nan,nan,nan,nan
43,6341,0.9456505844444445,-11.987214836359014,0.29777777777777775,0,214,0.308411214953271,0.09813084112149532,0.2102803738317757,0.14485981308411214,0.0,0.616822429906542,0.22429906542056074,0.1588785046728972,38.0,0.3925233644859813,0.03259259259259259,140.60204606056192,0.0020862664630569103,0.46940995418780485,0.9138453628807944,0.0,0.5098039215686274,0.11555555555555555,0.2088888888888889,0.24,3.6541031897068024,3.6541031897068024,3.4649950563907623,nan,nan,nan,nan,nan,nan,nan,nan,nan,nan,nan,nan,nan,nan,nan,nan,nan,nan,nan,nan,nan,nan,nan,nan,nan,nan,nan,nan,nan,nan,nan,nan,nan,nan,nan,nan,nan,nan,nan,nan,nan,nan,nan,nan,nan,nan,nan,nan,nan,nan,nan,nan,nan
44,6550,0.9314756790123457,-8.660300249576574,0.3377777777777778,-2,209,0.3588516746411483,0.05741626794258373,0.19617224880382775,0.13875598086124402,0.004784688995215311,0.6124401913875598,0.24880382775119617,0.13875598086124402,46.0,0.27751196172248804,0.03967078189300412,135.82190713882414,0.0024541941749693734,0.552193689368109,0.9281913031021818,0.004784688995215311,0.6346153846153846,0.12,0.15555555555555556,0.23555555555555555,3.6525619626045227,3.6525619626045227,3.4726001024246216,nan,nan,nan,nan,nan,nan,nan,nan,nan,nan,nan,nan,nan,nan,nan,nan,nan,nan,nan,nan,nan,nan,nan,nan,nan,nan,nan,nan,nan,nan,nan,nan,nan,nan,nan,nan,nan,nan,nan,nan,nan,nan,nan,nan,nan,nan,nan,nan,nan,nan,nan,nan,nan
45,6761,0.930959895473251,-3.719688345909119,0.43555555555555553,-2,211,0.4597156398104265,0.06635071090047394,0.08056872037914692,0.0995260663507109,0.004739336492890996,0.6066350710900474,0.23696682464454977,0.15639810426540285,11.0,0.07582938388625593,0.049158249158249144,137.2256032943722,0.0031416229971771713,0.7068651743648635,0.9781064876238104,0.004739336492890996,0.6935483870967742,0.13777777777777778,0.2577777777777778,0.3422222222222222,3.694438487291336,3.694438487291336,2.9373734295368195,nan,nan,nan,nan,nan,nan,nan,nan,nan,nan,nan,nan,nan,nan,nan,nan,nan,nan,nan,nan,nan,nan,nan,nan,nan,nan,nan,nan,nan,nan,nan,nan,nan,nan,nan,nan,nan,nan,nan,nan,nan,nan,nan,nan,nan,nan,nan,nan,nan,nan,nan,nan,nan
46,6908,0.9270822222222223,-5.203814758539206,0.3111111111111111,0,147,0.46938775510204084,0.006802721088435374,0.19727891156462585,0.07482993197278912,0.0,0.673469387755102,0.1564625850340136,0.17006802721088435,16.0,0.10884353741496598,0.05262626262626263,100.6363310337064,0.0030472759044042853,0.6856370784909641,0.9640634842299827,0.0,0.7027027027027027,0.1288888888888889,0.18222222222222223,nan,3.670016497373581,3.670016497373581,2.4318479523062706,nan,nan,nan,nan,nan,nan,nan,nan,nan,nan,nan,nan,nan,nan,nan,nan,nan,nan,nan,nan,nan,nan,nan,nan,nan,nan,nan,nan,nan,nan,nan,nan,nan,nan,nan,nan,nan,nan,nan,nan,nan,nan,nan,nan,nan,nan,nan,nan,nan,nan,nan,nan,nan
47,7076,0.9277432658436214,-3.7174581360816963,0.37777777777777777,0,168,0.5,0.07142857142857142,0.08333333333333333,0.08928571428571429,0.0,0.6547619047619048,0.21428571428571427,0.13095238095238096,12.0,0.125,0.05506172839506173,120.04245843887298,0.0031100107261085377,0.699752413374421,0.9296539689613047,0.005952380952380952,0.7209302325581395,0.13333333333333333,0.24888888888888888,0.3466666666666667,3.6603496372699738,3.6603496372699738,2.6364995539188385,nan,nan,nan,nan,nan,nan,nan,nan,nan,nan,nan,nan,nan,nan,nan,nan,nan,nan,nan,nan,nan,nan,nan,nan,nan,nan,nan,nan,nan,nan,nan,nan,nan,nan,nan,nan,nan,nan,nan,nan,nan,nan,nan,nan,nan,nan,nan,nan,nan,nan,nan,nan,nan
48,7268,0.9386257777777778,-14.291445984601975,0.22666666666666666,0,192,0.2604166666666667,0.06770833333333333,0.25,0.15104166666666666,0.0,0.578125,0.24479166666666666,0.17708333333333334,78.0,0.4427083333333333,0.027777777777777776,120.04234271049465,0.0018511986454492488,0.416519695226081,0.8673216825972189,0.005208333333333333,0.46153846153846156,0.10222222222222223,0.18666666666666668,0.22666666666666666,3.653033882379532,3.653033882379532,2.4721465557813644,nan,nan,nan,nan,nan,nan,nan,nan,nan,nan,nan,nan,nan,nan,nan,nan,nan,nan,nan,nan,nan,nan,nan,nan,nan,nan,nan,nan,nan,nan,nan,nan,nan,nan,nan,nan,nan,nan,nan,nan,nan,nan,nan,nan,nan,nan,nan,nan,nan,nan,nan,nan,nan
49,7409,0.9261966032921811,-5.764120916366584,0.23555555555555555,0,141,0.36879432624113473,0.03546099290780142,0.1702127659574468,0.12056737588652482,0.0070921985815602835,0.574468085106383,0.24822695035460993,0.1773049645390071,17.0,0.19148936170212766,0.03935185185185185,83.220199203491,0.0027771035556643587,0.6248483000244808,0.9630050525514462,0.0070921985815602835,0.5581395348837209,0.07111111111111111,0.2088888888888889,nan,3.6432333290576935,3.6432333290576935,2.21599343419075,nan,nan,nan,nan,nan,nan,nan,nan,nan,nan,nan,nan,nan,nan,nan,nan,nan,nan,nan,nan,nan,nan,nan,nan,nan,nan,nan,nan,nan,nan,nan,nan,nan,nan,nan,nan,nan,nan,nan,nan,nan,nan,nan,nan,nan,nan,nan,nan,nan,nan,nan,nan,nan
50,7518,0.9206433333333334,-3.675523804187778,0.21777777777777776,0,109,0.44036697247706424,0.027522935779816515,0.12844036697247707,0.11009174311926606,0.009174311926605505,0.5963302752293578,0.1926605504587156,0.21100917431192662,18.0,0.12844036697247707,0.053728395061728385,70.39546480178825,0.0030304982563012215,0.6818621076677749,0.981496584065371,0.01834862385321101,0.71875,0.08,0.18666666666666668,nan,3.674654394388199,3.674654394388199,2.2163035422563553,nan,nan,nan,nan,nan,nan,nan,nan,nan,nan,nan,nan,nan,nan,nan,nan,nan,nan,nan,nan,nan,nan,nan,nan,nan,nan,nan,nan,nan,nan,nan,nan,nan,nan,nan,nan,nan,nan,nan,nan,nan,nan,nan,nan,nan,nan,nan,nan,nan,nan,nan,nan,nan
51,7665,0.9242698,-2.2423919007778172,0.39111111111111113,0,147,0.5918367346938775,0.04081632653061224,0.06802721088435375,0.061224489795918366,0.006802721088435374,0.7006802721088435,0.19047619047619047,0.10884353741496598,7.0,0.013605442176870748,0.06565656565656565,110.71801810264569,0.003492355384362024,0.7857799614814553,0.9686320071908932,0.02040816326530612,0.9142857142857143,0.12444444444444444,0.2577777777777778,nan,3.679650664329529,3.679650664329529,2.0687493085861206,nan,nan,nan,nan,nan,nan,nan,nan,nan,nan,nan,nan,nan,nan,nan,nan,nan,nan,nan,nan,nan,nan,nan,nan,nan,nan,nan,nan,nan,nan,nan,nan,nan,nan,nan,nan,nan,nan,nan,nan,nan,nan,nan,nan,nan,nan,nan,nan,nan,nan,nan,nan,nan
52,7821,0.9303480407407407,-10.092156356811529,0.18666666666666668,0,156,0.26282051282051283,0.0641025641025641,0.30128205128205127,0.12179487179487179,0.0,0.6282051282051282,0.28205128205128205,0.08974358974358974,46.0,0.40384615384615385,0.026031746031746034,100.43958435058566,0.0018142470759951895,0.4082055920989176,0.8691016035504305,0.0,0.46153846153846156,0.13333333333333333,0.18222222222222223,0.18666666666666668,3.6527883112430573,3.6527883112430573,1.9975666999816895,nan,nan,nan,nan,nan,nan,nan,nan,nan,nan,nan,nan,nan,nan,nan,nan,nan,nan,nan,nan,nan,nan,nan,nan,nan,nan,nan,nan,nan,nan,nan,nan,nan,nan,nan,nan,nan,nan,nan,nan,nan,nan,nan,nan,nan,nan,nan,nan,nan,nan,nan,nan,nan
53,7887,0.9174883481481482,-4.459465592384338,0.14666666666666667,-1,66,0.48484848484848486,0.015151515151515152,0.18181818181818182,0.07575757575757576,0.030303030303030304,0.6818181818181818,0.19696969696969696,0.12121212121212122,18.0,0.19696969696969696,0.04990740740740741,51.65205326080318,0.002753466962951294,0.6195300666640412,0.9297424338106851,0.0,0.75,0.13333333333333333,nan,nan,3.7170024812221527,3.7170024812221527,1.7657523453235626,nan,nan,nan,nan,nan,nan,nan,nan,nan,nan,nan,nan,nan,nan,nan,nan,nan,nan,nan,nan,nan,nan,nan,nan,nan,nan,nan,nan,nan,nan,nan,nan,nan,nan,nan,nan,nan,nan,nan,nan,nan,nan,nan,nan,nan,nan,nan,nan,nan,nan,nan,nan,nan
54,8001,0.932436,-9.894675049304963,0.1511111111111111,0,114,0.2894736842105263,0.03508771929824561,0.2894736842105263,0.11403508771929824,0.008771929824561403,0.6140350877192983,0.21929824561403508,0.16666666666666666,27.0,0.3508771929824561,0.029333333333333333,90.19690523147574,0.0016260720508122805,0.3658662114327631,0.9266344143640086,0.017543859649122806,0.41935483870967744,0.12444444444444444,0.1511111111111111,nan,3.696988880634308,3.696988880634308,1.7979637011885643,nan,nan,nan,nan,nan,nan,nan,nan,nan,nan,nan,nan,nan,nan,nan,nan,nan,nan,nan,nan,nan,nan,nan,nan,nan,nan,nan,nan,nan,nan,nan,nan,nan,nan,nan,nan,nan,nan,nan,nan,nan,nan,nan,nan,nan,nan,nan,nan,nan,nan,nan,nan,nan
55,8131,0.9313382222222222,-5.857500000000001,0.21777777777777776,0,130,0.36923076923076925,0.06153846153846154,0.2076923076923077,0.1076923076923077,0.007692307692307693,0.6384615384615384,0.17692307692307693,0.18461538461538463,36.0,0.3,0.035555555555555556,80.4999999999998,0.0026501035196687434,0.5962732919254673,0.9321725322050514,0.015384615384615385,0.5757575757575758,0.13777777777777778,0.21777777777777776,nan,3.662492573261261,3.662492573261261,2.033416286110878,nan,nan,nan,nan,nan,nan,nan,nan,nan,nan,nan,nan,nan,nan,nan,nan,nan,nan,nan,nan,nan,nan,nan,nan,nan,nan,nan,nan,nan,nan,nan,nan,nan,nan,nan,nan,nan,nan,nan,nan,nan,nan,nan,nan,nan,nan,nan,nan,nan,nan,nan,nan,nan
56,8263,0.9176896386831276,-6.7245304372310635,0.2311111111111111,-2,132,0.38636363636363635,0.07575757575757576,0.15151515151515152,0.09848484848484848,0.007575757575757576,0.6136363636363636,0.17424242424242425,0.21212121212121213,18.0,0.22727272727272727,0.03968253968253968,99.5479089260101,0.0022769606023079676,0.5123161355192928,0.9516258365986983,0.0,0.6578947368421053,0.14222222222222222,0.21333333333333335,nan,3.649433523416519,3.649433523416519,2.049919620156288,nan,nan,nan,nan,nan,nan,nan,nan,nan,nan,nan,nan,nan,nan,nan,nan,nan,nan,nan,nan,nan,nan,nan,nan,nan,nan,nan,nan,nan,nan,nan,nan,nan,nan,nan,nan,nan,nan,nan,nan,nan,nan,nan,nan,nan,nan,nan,nan,nan,nan,nan,nan,nan
57,8467,0.9106261111111111,-6.559737619161609,0.40444444444444444,-1,204,0.4411764705882353,0.08333333333333333,0.12254901960784313,0.0784313725490196,0.004901960784313725,0.6470588235294118,0.22549019607843138,0.12745098039215685,25.0,0.20098039215686275,0.05481481481481482,151.19750113487265,0.0026455463681452525,0.5952479328326817,0.984790888360287,0.00980392156862745,0.5892857142857143,0.1111111111111111,0.16444444444444445,0.24444444444444444,3.682458758354187,3.682458758354187,1.8947775214910507,nan,nan,nan,nan,nan,nan,nan,nan,nan,nan,nan,nan,nan,nan,nan,nan,nan,nan,nan,nan,nan,nan,nan,nan,nan,nan,nan,nan,nan,nan,nan,nan,nan,nan,nan,nan,nan,nan,nan,nan,nan,nan,nan,nan,nan,nan,nan,nan,nan,nan,nan,nan,nan
58,8610,0.9135598518518518,-8.638957858324057,0.24,0,143,0.3706293706293706,0.055944055944055944,0.20279720279720279,0.08391608391608392,0.0,0.6293706293706294,0.2097902097902098,0.16083916083916083,31.0,0.24475524475524477,0.040123456790123455,100.72340817451456,0.002338637659554065,0.5261934733996647,0.9156981864329002,0.006993006993006993,0.55,0.08,0.1511111111111111,nan,3.6636356115341187,3.6636356115341187,1.6784594655036926,nan,nan,nan,nan,nan,nan,nan,nan,nan,nan,nan,nan,nan,nan,nan,nan,nan,nan,nan,nan,nan,nan,nan,nan,nan,nan,nan,nan,nan,nan,nan,nan,nan,nan,nan,nan,nan,nan,nan,nan,nan,nan,nan,nan,nan,nan,nan,nan,nan,nan,nan,nan,nan
59,8794,0.9071744444444445,-8.243345659255983,0.3288888888888889,0,184,0.3967391304347826,0.059782608695652176,0.20652173913043478,0.08152173913043478,0.0,0.6630434782608695,0.1793478260869565,0.15760869565217392,64.0,0.32065217391304346,0.04549382716049383,120.3271015167233,0.002696353858397832,0.6066796181395121,0.9064665452128547,0.005434782608695652,0.6808510638297872,0.15555555555555556,0.28888888888888886,0.3022222222222222,3.6640714406967163,3.6640714406967163,1.5895805209875107,nan,nan,nan,nan,nan,nan,nan,nan,nan,nan,nan,nan,nan,nan,nan,nan,nan,nan,nan,nan,nan,nan,nan,nan,nan,nan,nan,nan,nan,nan,nan,nan,nan,nan,nan,nan,nan,nan,nan,nan,nan,nan,nan,nan,nan,nan,nan,nan,nan,nan,nan,nan,nan
60,8947,0.9055594444444445,-8.591037005186084,0.26222222222222225,0,153,0.3790849673202614,0.058823529411764705,0.23529411764705882,0.1111111111111111,0.0,0.673202614379085,0.1568627450980392,0.16993464052287582,54.0,0.37254901960784315,0.046137566137566144,100.6003524303434,0.002562394380837438,0.5765387356884234,0.8768177208878406,0.006535947712418301,0.5151515151515151,0.1111111111111111,0.18222222222222223,0.25333333333333335,3.6058509349823,3.6058509349823,1.7710879743099213,-144.81026232945914,0.06333333333333332,0.75,194.75,0.25,0.75,0.07690175042827824,0.0,0.2668580618077582,0.6233322039791712,0.002336448598130841,0.3437598122360364,0.010200786166188917,0.6460394015977746,123.25,0.7822257831979238,0.007805555555555555,93.61202218532537,0.00063554800342451,0.14299830077051476,0.45655475167963544,0.0,0.8020833333333334,0.03777777777777778,0.04111111111111111,0.04296296296296296,-153.02137680339808,0.05888888888888888,0.0,197.0,0.0,1.0,0.06993270242875521,0.0,0.288374913676437,0.6206152938203467,0.0022123893805309734,0.3583076161051922,0.02327472961232366,0.6184176542824841,125.25,0.8257584116742873,0.007345679012345678,93.1726362228391,0.0006063137971354892,0.1364206043554851,0.3945671597695124,0.0,0.825,0.03111111111111111,0.04,0.031111111111111107,0.10890740740740738
61,9127,0.9067994329218108,-8.862515944480899,0.30666666666666664,0,180,0.37777777777777777,0.044444444444444446,0.16111111111111112,0.13333333333333333,0.0,0.5833333333333334,0.17777777777777778,0.2388888888888889,29.0,0.22777777777777777,0.04222222222222222,110.6430089950558,0.002731507620474488,0.6145892146067597,0.9109234761335946,0.0,0.6666666666666666,0.13333333333333333,0.2222222222222222,0.29777777777777775,3.6528730988502502,3.6528730988502502,1.7277900129556656,nan,nan,nan,nan,nan,nan,nan,nan,nan,nan,nan,nan,nan,nan,nan,nan,nan,nan,nan,nan,nan,nan,nan,nan,nan,nan,nan,nan,nan,nan,nan,nan,nan,nan,nan,nan,nan,nan,nan,nan,nan,nan,nan,nan,nan,nan,nan,nan,nan,nan,nan,nan,nan
62,9268,0.9021711111111111,-2.7742107105255123,0.28888888888888886,0,141,0.45390070921985815,0.0425531914893617,0.09929078014184398,0.1276595744680851,0.0070921985815602835,0.5957446808510638,0.2198581560283688,0.18439716312056736,13.0,0.09219858156028368,0.05199074074074073,87.84010200500467,0.003238207128086421,0.7285966038194448,0.9886934566945804,0.0,0.7435897435897436,0.10222222222222223,0.19111111111111112,nan,3.6305803656578064,3.6305803656578064,1.7637532353401184,nan,nan,nan,nan,nan,nan,nan,nan,nan,nan,nan,nan,nan,nan,nan,nan,nan,nan,nan,nan,nan,nan,nan,nan,nan,nan,nan,nan,nan,nan,nan,nan,nan,nan,nan,nan,nan,nan,nan,nan,nan,nan,nan,nan,nan,nan,nan,nan,nan,nan,nan,nan,nan
63,9334,0.9073859777777779,-2.252134865045547,0.18222222222222223,0,66,0.6060606060606061,0.0,0.030303030303030304,0.10606060606060606,0.030303030303030304,0.6363636363636364,0.21212121212121213,0.15151515151515152,3.0,0.0,0.06842592592592593,50.058427286148,0.0035514055757595053,0.7990662545458886,0.95481641529317,0.030303030303030304,0.9375,0.13333333333333333,nan,nan,3.5834982693195343,3.5834982693195343,2.294891059398651,nan,nan,nan,nan,nan,nan,nan,nan,nan,nan,nan,nan,nan,nan,nan,nan,nan,nan,nan,nan,nan,nan,nan,nan,nan,nan,nan,nan,nan,nan,nan,nan,nan,nan,nan,nan,nan,nan,nan,nan,nan,nan,nan,nan,nan,nan,nan,nan,nan,nan,nan,nan,nan
64,9500,0.8997222222222222,-6.521157481908806,0.24444444444444444,0,166,0.3253012048192771,0.08433734939759036,0.18674698795180722,0.12650602409638553,0.0,0.5963855421686747,0.1927710843373494,0.21084337349397592,31.0,0.3253012048192771,0.03821428571428571,100.66816649436922,0.0023840704401169774,0.53641584902632,0.9577912835165443,0.006024096385542169,0.45652173913043476,0.08,0.1511111111111111,0.19555555555555557,3.541440039873123,3.541440039873123,2.387131854891777,nan,nan,nan,nan,nan,nan,nan,nan,nan,nan,nan,nan,nan,nan,nan,nan,nan,nan,nan,nan,nan,nan,nan,nan,nan,nan,nan,nan,nan,nan,nan,nan,nan,nan,nan,nan,nan,nan,nan,nan,nan,nan,nan,nan,nan,nan,nan,nan,nan,nan,nan,nan,nan
65,9698,0.922200488888889,-9.234157834768297,0.26666666666666666,0,198,0.29797979797979796,0.06060606060606061,0.1717171717171717,0.18686868686868688,0.0,0.5303030303030303,0.16666666666666666,0.30303030303030304,27.0,0.3383838383838384,0.03292270531400966,120.48721747398352,0.002176348891772218,0.489678500648749,0.956727931771763,0.030303030303030304,0.5892857142857143,0.11555555555555555,0.20444444444444446,0.24888888888888888,3.611164838075638,3.611164838075638,2.1983289569616318,nan,nan,nan,nan,nan,nan,nan,nan,nan,nan,nan,nan,nan,nan,nan,nan,nan,nan,nan,nan,nan,nan,nan,nan,nan,nan,nan,nan,nan,nan,nan,nan,nan,nan,nan,nan,nan,nan,nan,nan,nan,nan,nan,nan,nan,nan,nan,nan,nan,nan,nan,nan,nan
66,9816,0.8984589333333334,-4.302977936029439,0.26666666666666666,0,118,0.5,0.025423728813559324,0.07627118644067797,0.1440677966101695,0.00847457627118644,0.6016949152542372,0.1864406779661017,0.211864406779661,11.0,0.05084745762711865,0.0548641975308642,90.04740891456599,0.0029120462807653916,0.655210413172213,0.9864896389316594,0.01694915254237288,0.8,0.12,0.23555555555555555,nan,3.520656019449234,3.520656019449234,2.183831751346588,nan,nan,nan,nan,nan,nan,nan,nan,nan,nan,nan,nan,nan,nan,nan,nan,nan,nan,nan,nan,nan,nan,nan,nan,nan,nan,nan,nan,nan,nan,nan,nan,nan,nan,nan,nan,nan,nan,nan,nan,nan,nan,nan,nan,nan,nan,nan,nan,nan,nan,nan,nan,nan
67,9915,0.8953416666666667,-4.463335591316227,0.2,0,99,0.4444444444444444,0.04040404040404041,0.21212121212121213,0.050505050505050504,0.010101010101010102,0.696969696969697,0.09090909090909091,0.21212121212121213,23.0,0.18181818181818182,0.049629629629629635,70.6127199172973,0.002769409757683789,0.6231171954788525,0.9344703205136907,0.0,0.76,0.07111111111111111,nan,nan,3.564772129058838,3.564772129058838,2.1364612132310867,nan,nan,nan,nan,nan,nan,nan,nan,nan,nan,nan,nan,nan,nan,nan,nan,nan,nan,nan,nan,nan,nan,nan,nan,nan,nan,nan,nan,nan,nan,nan,nan,nan,nan,nan,nan,nan,nan,nan,nan,nan,nan,nan,nan,nan,nan,nan,nan,nan,nan,nan,nan,nan
68,10047,0.8939483333333333,-4.4775915184021,0.29333333333333333,0,132,0.49242424242424243,0.030303030303030304,0.10606060606060606,0.11363636363636363,0.007575757575757576,0.6287878787878788,0.14393939393939395,0.22727272727272727,12.0,0.12121212121212122,0.05767195767195767,94.81515731811501,0.0030468639936928623,0.6855443985808939,0.9356658238841682,0.015151515151515152,0.6470588235294118,0.14666666666666667,0.24888888888888888,nan,3.53774356842041,3.53774356842041,2.0143820494413376,nan,nan,nan,nan,nan,nan,nan,nan,nan,nan,nan,nan,nan,nan,nan,nan,nan,nan,nan,nan,nan,nan,nan,nan,nan,nan,nan,nan,nan,nan,nan,nan,nan,nan,nan,nan,nan,nan,nan,nan,nan,nan,nan,nan,nan,nan,nan,nan,nan,nan,nan,nan,nan
69,10241,0.8919005555555556,-5.2936893370151505,0.3422222222222222,0,194,0.3917525773195876,0.06701030927835051,0.10824742268041238,0.14948453608247422,0.0,0.5670103092783505,0.18041237113402062,0.25257731958762886,25.0,0.22164948453608246,0.044678362573099414,120.66370797157263,0.0027993319901735113,0.62984969778904,0.9699222986546401,0.005154639175257732,0.6545454545454545,0.09777777777777778,0.21333333333333335,0.28,3.563434660434723,3.563434660434723,1.856656402349472,nan,nan,nan,nan,nan,nan,nan,nan,nan,nan,nan,nan,nan,nan,nan,nan,nan,nan,nan,nan,nan,nan,nan,nan,nan,nan,nan,nan,nan,nan,nan,nan,nan,nan,nan,nan,nan,nan,nan,nan,nan,nan,nan,nan,nan,nan,nan,nan,nan,nan,nan,nan,nan
70,10341,0.8918152666666667,-3.437902611017227,0.21777777777777776,0,100,0.48,0.03,0.15,0.11,0.01,0.66,0.08,0.26,8.0,0.04,0.05333333333333333,70.50383439064014,0.003025840157165335,0.6808140353622005,0.9533611865256124,0.0,0.8695652173913043,0.12,0.21777777777777776,nan,3.4814801812171936,3.4814801812171936,2.1729212254285812,nan,nan,nan,nan,nan,nan,nan,nan,nan,nan,nan,nan,nan,nan,nan,nan,nan,nan,nan,nan,nan,nan,nan,nan,nan,nan,nan,nan,nan,nan,nan,nan,nan,nan,nan,nan,nan,nan,nan,nan,nan,nan,nan,nan,nan,nan,nan,nan,nan,nan,nan,nan,nan
71,10509,0.9117010466666667,-4.655123282432557,0.28444444444444444,0,168,0.375,0.07738095238095238,0.11904761904761904,0.13690476190476192,0.0,0.5714285714285714,0.15476190476190477,0.27380952380952384,14.0,0.16666666666666666,0.04049382716049383,100.16307888030977,0.0027954412257493308,0.6289742757935993,0.9606709645702523,0.0,0.7142857142857143,0.12444444444444444,0.21777777777777776,0.27555555555555555,3.5750791430473328,3.5750791430473328,2.2490721344947815,nan,nan,nan,nan,nan,nan,nan,nan,nan,nan,nan,nan,nan,nan,nan,nan,nan,nan,nan,nan,nan,nan,nan,nan,nan,nan,nan,nan,nan,nan,nan,nan,nan,nan,nan,nan,nan,nan,nan,nan,nan,nan,nan,nan,nan,nan,nan,nan,nan,nan,nan,nan,nan
72,10671,0.8918672000000001,-6.5233229842186,0.28,0,162,0.38271604938271603,0.030864197530864196,0.1728395061728395,0.13580246913580246,0.006172839506172839,0.5864197530864198,0.19753086419753085,0.21604938271604937,39.0,0.2345679012345679,0.04280423280423281,100.01259984970062,0.002755208403437784,0.6199218907735012,0.9332440967691368,0.012345679012345678,0.7045454545454546,0.13777777777777778,0.2311111111111111,0.2577777777777778,3.5337873101234436,3.5337873101234436,2.050962656736374,nan,nan,nan,nan,nan,nan,nan,nan,nan,nan,nan,nan,nan,nan,nan,nan,nan,nan,nan,nan,nan,nan,nan,nan,nan,nan,nan,nan,nan,nan,nan,nan,nan,nan,nan,nan,nan,nan,nan,nan,nan,nan,nan,nan,nan,nan,nan,nan,nan,nan,nan,nan,nan
73,10863,0.88946294,-3.7786732411384607,0.4177777777777778,0,192,0.484375,0.041666666666666664,0.109375,0.09895833333333333,0.0,0.6354166666666666,0.16145833333333334,0.203125,10.0,0.08854166666666667,0.052973856209150336,130.1111737251279,0.003176770460979308,0.7147733537203441,0.9582487425724344,0.0,0.803921568627451,0.12,0.21777777777777776,0.31555555555555553,3.5156299471855164,3.5156299471855164,2.1814086884260178,nan,nan,nan,nan,nan,nan,nan,nan,nan,nan,nan,nan,nan,nan,nan,nan,nan,nan,nan,nan,nan,nan,nan,nan,nan,nan,nan,nan,nan,nan,nan,nan,nan,nan,nan,nan,nan,nan,nan,nan,nan,nan,nan,nan,nan,nan,nan,nan,nan,nan,nan,nan,nan
74,10967,0.8870155288888889,-2.1771508350372315,0.27555555555555555,0,104,0.5865384615384616,0.057692307692307696,0.028846153846153848,0.07692307692307693,0.009615384615384616,0.6730769230769231,0.1346153846153846,0.19230769230769232,7.0,0.028846153846153848,0.05422222222222221,80.12524604797363,0.003383591620408728,0.7613081145919638,0.9931197793305402,0.0,0.8,0.14222222222222222,0.27555555555555555,nan,3.498235672712326,3.498235672712326,2.0809904485940933,nan,nan,nan,nan,nan,nan,nan,nan,nan,nan,nan,nan,nan,nan,nan,nan,nan,nan,nan,nan,nan,nan,nan,nan,nan,nan,nan,nan,nan,nan,nan,nan,nan,nan,nan,nan,nan,nan,nan,nan,nan,nan,nan,nan,nan,nan,nan,nan,nan,nan,nan,nan,nan
75,11124,0.8990883822222222,-6.293309535741805,0.24,0,157,0.3375796178343949,0.07643312101910828,0.16560509554140126,0.15286624203821655,0.0,0.5796178343949044,0.15286624203821655,0.267515923566879,28.0,0.20382165605095542,0.033650793650793646,100.25056700706465,0.0023496680626151067,0.5286753140883991,0.9652434741003045,0.01910828025477707,0.5853658536585366,0.09333333333333334,0.2,0.24,3.487631678581238,3.487631678581238,2.3224262297153473,nan,nan,nan,nan,nan,nan,nan,nan,nan,nan,nan,nan,nan,nan,nan,nan,nan,nan,nan,nan,nan,nan,nan,nan,nan,nan,nan,nan,nan,nan,nan,nan,nan,nan,nan,nan,nan,nan,nan,nan,nan,nan,nan,nan,nan,nan,nan,nan,nan,nan,nan,nan,nan
76,11228,0.8843266488888889,-7.337687333583837,0.17333333333333334,0,104,0.36538461538461536,0.038461538461538464,0.125,0.19230769230769232,0.009615384615384616,0.5288461538461539,0.25961538461538464,0.21153846153846154,21.0,0.2692307692307692,0.03377777777777778,70.17797460556015,0.0024065796973785553,0.5414804319101749,0.940146886935737,0.028846153846153848,0.6785714285714286,0.12444444444444444,0.17333333333333334,nan,3.4239295423030853,3.4239295423030853,2.508038893342018,nan,nan,nan,nan,nan,nan,nan,nan,nan,nan,nan,nan,nan,nan,nan,nan,nan,nan,nan,nan,nan,nan,nan,nan,nan,nan,nan,nan,nan,nan,nan,nan,nan,nan,nan,nan,nan,nan,nan,nan,nan,nan,nan,nan,nan,nan,nan,nan,nan,nan,nan,nan,nan
77,11345,0.8802472222222222,-3.833182409763336,0.23555555555555555,0,117,0.4444444444444444,0.02564102564102564,0.10256410256410256,0.1452991452991453,0.008547008547008548,0.5726495726495726,0.1282051282051282,0.29914529914529914,10.0,0.06837606837606838,0.04956862745098039,76.82078485488893,0.0030084450653253517,0.6769001396982042,0.982761774898508,0.0,0.8181818181818182,0.10666666666666667,0.2,nan,3.462175279855728,3.462175279855728,1.954989418387413,nan,nan,nan,nan,nan,nan,nan,nan,nan,nan,nan,nan,nan,nan,nan,nan,nan,nan,nan,nan,nan,nan,nan,nan,nan,nan,nan,nan,nan,nan,nan,nan,nan,nan,nan,nan,nan,nan,nan,nan,nan,nan,nan,nan,nan,nan,nan,nan,nan,nan,nan,nan,nan
78,11416,0.8794977777777778,-1.4704459571838377,0.20444444444444446,0,71,0.6338028169014085,0.014084507042253521,0.014084507042253521,0.04225352112676056,0.028169014084507043,0.6619718309859155,0.09859154929577464,0.23943661971830985,4.0,0.0,0.07033509700176367,50.423294830322305,0.003966420692519462,0.8924446558168789,1.0,0.0,0.9523809523809523,0.14666666666666667,nan,nan,3.4571049511432648,3.4571049511432648,2.2478524148464203,nan,nan,nan,nan,nan,nan,nan,nan,nan,nan,nan,nan,nan,nan,nan,nan,nan,nan,nan,nan,nan,nan,nan,nan,nan,nan,nan,nan,nan,nan,nan,nan,nan,nan,nan,nan,nan,nan,nan,nan,nan,nan,nan,nan,nan,nan,nan,nan,nan,nan,nan,nan,nan
79,11516,0.8784422222222222,-3.2387891650199894,0.2577777777777778,0,100,0.57,0.0,0.13,0.05,0.02,0.7,0.16,0.14,7.0,0.02,0.06333333333333332,76.84561109542842,0.0032966532469725423,0.741746980568822,0.9364745768188137,0.02,0.84,0.12444444444444444,0.2577777777777778,nan,3.4853246212005615,3.4853246212005615,2.295733243227005,nan,nan,nan,nan,nan,nan,nan,nan,nan,nan,nan,nan,nan,nan,nan,nan,nan,nan,nan,nan,nan,nan,nan,nan,nan,nan,nan,nan,nan,nan,nan,nan,nan,nan,nan,nan,nan,nan,nan,nan,nan,nan,nan,nan,nan,nan,nan,nan,nan,nan,nan,nan,nan
80,11739,0.9083053666666667,-10.062534241199497,0.3466666666666667,0,223,0.3452914798206278,0.04035874439461883,0.2242152466367713,0.10762331838565023,0.0,0.6098654708520179,0.17040358744394618,0.21973094170403587,20.0,0.23318385650224216,0.0381105743424584,140.13842134475695,0.00244202995108897,0.5494567389950181,0.9189347623523583,0.013452914798206279,0.6451612903225806,0.1288888888888889,0.1688888888888889,0.25333333333333335,3.4373161494731903,3.4373161494731903,2.0718614608049393,-399.5940105487108,0.015555555555555555,1.75,229.0,0.75,0.25,0.012024096385542169,0.0,0.0,0.9834698795180723,0.0015060240963855422,0.012024096385542169,0.09972289156626506,0.8882530120481927,226.5,0.96544578313253,0.0014801587301587304,81.84533855915059,0.00013570277170491386,0.03053312363360562,0.26279852778010493,0.043060240963855426,0.25,0.013333333333333334,0.013333333333333334,0.013333333333333334,-361.37933661115164,0.022222222222222223,2.25,220.75,0.75,0.25,0.024796992481203005,0.0037593984962406013,0.0,0.9590451127819549,0.0018796992481203006,0.028556390977443606,0.14018045112781954,0.8312631578947368,203.25,0.9395263157894737,0.0036990740740740742,79.51034867763495,0.00021111933160616357,0.0475018496113868,0.32627412519607146,0.013278195488721804,0.15,0.013333333333333334,0.01888888888888889,0.013333333333333334,0.030222222222222223
81,11921,0.8741672222222222,-9.956209496021255,0.26666666666666666,0,182,0.3241758241758242,0.027472527472527472,0.14835164835164835,0.2087912087912088,0.0,0.5,0.21428571428571427,0.2857142857142857,57.0,0.3021978021978022,0.039920634920634926,100.89723329544036,0.0025989039903046808,0.5847533978185532,0.8993235624835842,0.01098901098901099,0.660377358490566,0.1288888888888889,0.14666666666666667,0.19555555555555557,3.352970540523529,3.352970540523529,2.926556870341301,nan,nan,nan,nan,nan,nan,nan,nan,nan,nan,nan,nan,nan,nan,nan,nan,nan,nan,nan,nan,nan,nan,nan,nan,nan,nan,nan,nan,nan,nan,nan,nan,nan,nan,nan,nan,nan,nan,nan,nan,nan,nan,nan,nan,nan,nan,nan,nan,nan,nan,nan,nan,nan
82,12171,0.8715283333333333,-5.277500000000008,0.39555555555555555,2,250,0.352,0.084,0.16,0.136,0.0,0.596,0.14,0.264,20.0,0.244,0.03911111111111111,149.49999999999994,0.002616127833519139,0.5886287625418063,0.9714627491463391,0.012,0.5671641791044776,0.12,0.1688888888888889,0.21333333333333335,3.317533016204834,3.317533016204834,2.797825276851654,nan,nan,nan,nan,nan,nan,nan,nan,nan,nan,nan,nan,nan,nan,nan,nan,nan,nan,nan,nan,nan,nan,nan,nan,nan,nan,nan,nan,nan,nan,nan,nan,nan,nan,nan,nan,nan,nan,nan,nan,nan,nan,nan,nan,nan,nan,nan,nan,nan,nan,nan,nan,nan
83,12325,0.8699027777777778,-6.476987417936323,0.28,-1,154,0.4025974025974026,0.05844155844155844,0.18831168831168832,0.08441558441558442,0.006493506493506494,0.6493506493506493,0.21428571428571427,0.13636363636363635,40.0,0.3051948051948052,0.04603174603174604,106.59988017082202,0.0025849518321595572,0.5816141622359002,0.9429808989461903,0.012987012987012988,0.5609756097560976,0.15555555555555556,0.24888888888888888,0.27111111111111114,3.3737125396728516,3.3737125396728516,2.4147820323705673,nan,nan,nan,nan,nan,nan,nan,nan,nan,nan,nan,nan,nan,nan,nan,nan,nan,nan,nan,nan,nan,nan,nan,nan,nan,nan,nan,nan,nan,nan,nan,nan,nan,nan,nan,nan,nan,nan,nan,nan,nan,nan,nan,nan,nan,nan,nan,nan,nan,nan,nan,nan,nan
84,12520,0.8678444444444444,-28.057704437494262,0.24444444444444444,-1,195,0.27692307692307694,0.041025641025641026,0.3282051282051282,0.1282051282051282,0.005128205128205128,0.6461538461538462,0.2153846153846154,0.13846153846153847,56.0,0.49230769230769234,0.03152777777777778,127.26385178565943,0.0018858457969998682,0.42431530432497033,0.8133517165807657,0.015384615384615385,0.4318181818181818,0.10666666666666667,0.1111111111111111,0.16,3.3468575477600098,3.3468575477600098,3.22983518242836,nan,nan,nan,nan,nan,nan,nan,nan,nan,nan,nan,nan,nan,nan,nan,nan,nan,nan,nan,nan,nan,nan,nan,nan,nan,nan,nan,nan,nan,nan,nan,nan,nan,nan,nan,nan,nan,nan,nan,nan,nan,nan,nan,nan,nan,nan,nan,nan,nan,nan,nan,nan,nan
85,12659,0.87492908,-6.16443766117096,0.26222222222222225,0,139,0.4172661870503597,0.05755395683453238,0.28776978417266186,0.04316546762589928,0.0,0.762589928057554,0.1223021582733813,0.11510791366906475,23.0,0.2517985611510791,0.0452910052910053,100.38512058258034,0.0025678883113530826,0.5777748700544435,0.9197687377736435,0.0,0.5925925925925926,0.18222222222222223,0.22666666666666666,nan,3.304275393486023,3.304275393486023,2.4813754111528397,nan,nan,nan,nan,nan,nan,nan,nan,nan,nan,nan,nan,nan,nan,nan,nan,nan,nan,nan,nan,nan,nan,nan,nan,nan,nan,nan,nan,nan,nan,nan,nan,nan,nan,nan,nan,nan,nan,nan,nan,nan,nan,nan,nan,nan,nan,nan,nan,nan,nan,nan,nan,nan
86,12802,0.8648677777777778,-7.466779785633092,0.22666666666666666,0,143,0.34965034965034963,0.027972027972027972,0.13986013986013987,0.20279720279720279,0.0,0.5174825174825175,0.2097902097902098,0.2727272727272727,16.0,0.18181818181818182,0.03847736625514403,100.51218843460062,0.002210898257048831,0.4974521078359871,0.9756549760073999,0.027972027972027972,0.6,0.10666666666666667,0.1688888888888889,nan,3.277921050786972,3.277921050786972,2.6180746406316757,nan,nan,nan,nan,nan,nan,nan,nan,nan,nan,nan,nan,nan,nan,nan,nan,nan,nan,nan,nan,nan,nan,nan,nan,nan,nan,nan,nan,nan,nan,nan,nan,nan,nan,nan,nan,nan,nan,nan,nan,nan,nan,nan,nan,nan,nan,nan,nan,nan,nan,nan,nan,nan
87,12950,0.8645206172839506,-4.791390879154205,0.28888888888888886,0,148,0.43243243243243246,0.02027027027027027,0.12837837837837837,0.14189189189189189,0.0,0.581081081081081,0.08783783783783784,0.3310810810810811,8.0,0.06756756756756757,0.04766505636070853,100.55610361099225,0.002828713864499325,0.6364606195123482,0.9801383644075343,0.006756756756756757,0.7804878048780488,0.1111111111111111,0.2222222222222222,nan,3.400793641805649,3.400793641805649,2.3872278332710266,nan,nan,nan,nan,nan,nan,nan,nan,nan,nan,nan,nan,nan,nan,nan,nan,nan,nan,nan,nan,nan,nan,nan,nan,nan,nan,nan,nan,nan,nan,nan,nan,nan,nan,nan,nan,nan,nan,nan,nan,nan,nan,nan,nan,nan,nan,nan,nan,nan,nan,nan,nan,nan
88,13075,0.8647463888888889,-0.7879289991855609,0.3288888888888889,0,125,0.584,0.024,0.024,0.112,0.008,0.632,0.136,0.232,5.0,0.0,0.06488888888888888,80.12313332557666,0.004049322973005554,0.9110976689262495,0.9740899142391971,0.032,0.90625,0.13333333333333333,0.28,nan,3.2934820652008057,3.2934820652008057,2.1433656960725784,nan,nan,nan,nan,nan,nan,nan,nan,nan,nan,nan,nan,nan,nan,nan,nan,nan,nan,nan,nan,nan,nan,nan,nan,nan,nan,nan,nan,nan,nan,nan,nan,nan,nan,nan,nan,nan,nan,nan,nan,nan,nan,nan,nan,nan,nan,nan,nan,nan,nan,nan,nan,nan
89,13163,0.8643918488888889,-2.8805445258617404,0.2222222222222222,0,88,0.5568181818181818,0.06818181818181818,0.09090909090909091,0.03409090909090909,0.011363636363636364,0.7159090909090909,0.10227272727272728,0.18181818181818182,10.0,0.07954545454545454,0.059572649572649565,70.02423357963556,0.0031100344358658124,0.6997577480698078,0.9885404980859401,0.0,0.7619047619047619,0.13777777777777778,nan,nan,3.2540047764778137,3.2540047764778137,2.5920349955558777,nan,nan,nan,nan,nan,nan,nan,nan,nan,nan,nan,nan,nan,nan,nan,nan,nan,nan,nan,nan,nan,nan,nan,nan,nan,nan,nan,nan,nan,nan,nan,nan,nan,nan,nan,nan,nan,nan,nan,nan,nan,nan,nan,nan,nan,nan,nan,nan,nan,nan,nan,nan,nan
90,13350,0.8681019999999999,-8.704872170448308,0.29777777777777775,0,187,0.35294117647058826,0.0481283422459893,0.24064171122994651,0.10160427807486631,0.0,0.6417112299465241,0.12299465240641712,0.23529411764705882,20.0,0.20855614973262032,0.03967592592592592,120.78925876617396,0.0024284720042961213,0.5464062009666273,0.9165512257459364,0.0,0.6041666666666666,0.09333333333333334,0.22666666666666666,0.2577777777777778,3.26733061671257,3.26733061671257,2.2887293100357056,nan,nan,nan,nan,nan,nan,nan,nan,nan,nan,nan,nan,nan,nan,nan,nan,nan,nan,nan,nan,nan,nan,nan,nan,nan,nan,nan,nan,nan,nan,nan,nan,nan,nan,nan,nan,nan,nan,nan,nan,nan,nan,nan,nan,nan,nan,nan,nan,nan,nan,nan,nan,nan
91,13437,0.8661497851851853,-5.682649314403533,0.14666666666666667,-1,87,0.367816091954023,0.04597701149425287,0.13793103448275862,0.16091954022988506,0.034482758620689655,0.5517241379310345,0.1724137931034483,0.27586206896551724,22.0,0.19540229885057472,0.03675925925925926,68.1966601371765,0.002085471956194695,0.4692311901438063,0.9801841480682633,0.011494252873563218,0.72,0.11555555555555555,nan,nan,3.1350525617599487,3.1350525617599487,2.782403364777565,nan,nan,nan,nan,nan,nan,nan,nan,nan,nan,nan,nan,nan,nan,nan,nan,nan,nan,nan,nan,nan,nan,nan,nan,nan,nan,nan,nan,nan,nan,nan,nan,nan,nan,nan,nan,nan,nan,nan,nan,nan,nan,nan,nan,nan,nan,nan,nan,nan,nan,nan,nan,nan
92,13604,0.890865688888889,-14.593613504886624,0.15555555555555556,0,167,0.20359281437125748,0.0658682634730539,0.32934131736526945,0.1497005988023952,0.0,0.5988023952095808,0.1437125748502994,0.25748502994011974,73.0,0.5269461077844312,0.02188608776844071,100.34870004653901,0.001505860175976668,0.33881853959475033,0.8057487602583322,0.005988023952095809,0.40476190476190477,0.08888888888888889,0.1511111111111111,0.1511111111111111,3.3833305835723877,3.3833305835723877,1.99457548558712,nan,nan,nan,nan,nan,nan,nan,nan,nan,nan,nan,nan,nan,nan,nan,nan,nan,nan,nan,nan,nan,nan,nan,nan,nan,nan,nan,nan,nan,nan,nan,nan,nan,nan,nan,nan,nan,nan,nan,nan,nan,nan,nan,nan,nan,nan,nan,nan,nan,nan,nan,nan,nan
93,13742,0.8607477333333333,-3.585538037776952,0.31555555555555553,0,138,0.5072463768115942,0.043478260869565216,0.08695652173913043,0.07971014492753623,0.0,0.6376811594202898,0.21014492753623187,0.15217391304347827,13.0,0.057971014492753624,0.056638176638176635,100.30988607406596,0.0031014999945408726,0.6978374987716963,0.9807755486777286,0.0,0.8205128205128205,0.1288888888888889,0.22666666666666666,nan,3.272339403629303,3.272339403629303,2.4400213807821274,nan,nan,nan,nan,nan,nan,nan,nan,nan,nan,nan,nan,nan,nan,nan,nan,nan,nan,nan,nan,nan,nan,nan,nan,nan,nan,nan,nan,nan,nan,nan,nan,nan,nan,nan,nan,nan,nan,nan,nan,nan,nan,nan,nan,nan,nan,nan,nan,nan,nan,nan,nan,nan
94,13959,0.882124,-7.619858339071286,0.38222222222222224,0,217,0.391705069124424,0.05069124423963134,0.16589861751152074,0.11981566820276497,0.0,0.6082949308755761,0.17972350230414746,0.2119815668202765,30.0,0.19815668202764977,0.04197530864197531,140.40817465782155,0.0026905682571433773,0.6053778578572598,0.9533741711729483,0.013824884792626729,0.6101694915254238,0.08888888888888889,0.1688888888888889,0.31555555555555553,3.248018115758896,3.248018115758896,1.86883045732975,nan,nan,nan,nan,nan,nan,nan,nan,nan,nan,nan,nan,nan,nan,nan,nan,nan,nan,nan,nan,nan,nan,nan,nan,nan,nan,nan,nan,nan,nan,nan,nan,nan,nan,nan,nan,nan,nan,nan,nan,nan,nan,nan,nan,nan,nan,nan,nan,nan,nan,nan,nan,nan
95,14134,0.8508077777777778,-4.236021992206577,0.3333333333333333,-2,175,0.4228571428571429,0.07428571428571429,0.09142857142857143,0.14285714285714285,0.005714285714285714,0.5885714285714285,0.21142857142857144,0.2,21.0,0.14857142857142858,0.04698412698412698,109.81925706863379,0.002994819830945888,0.6738344619628248,0.9637447511380638,0.022857142857142857,0.7021276595744681,0.10222222222222223,0.17333333333333334,0.27111111111111114,3.3302143812179565,3.3302143812179565,2.003798335790634,nan,nan,nan,nan,nan,nan,nan,nan,nan,nan,nan,nan,nan,nan,nan,nan,nan,nan,nan,nan,nan,nan,nan,nan,nan,nan,nan,nan,nan,nan,nan,nan,nan,nan,nan,nan,nan,nan,nan,nan,nan,nan,nan,nan,nan,nan,nan,nan,nan,nan,nan,nan,nan
96,14251,0.8495727777777777,-3.1863761470317864,0.2311111111111111,0,117,0.4358974358974359,0.05982905982905983,0.05128205128205128,0.17094017094017094,0.008547008547008548,0.5470085470085471,0.17094017094017094,0.28205128205128205,18.0,0.1452991452991453,0.04826143790849673,70.89882044792162,0.0031970442559501188,0.7193349575887767,0.9849798349326434,0.02564102564102564,0.696969696969697,0.08444444444444445,0.2,nan,3.2654037177562714,3.2654037177562714,2.177715837955475,nan,nan,nan,nan,nan,nan,nan,nan,nan,nan,nan,nan,nan,nan,nan,nan,nan,nan,nan,nan,nan,nan,nan,nan,nan,nan,nan,nan,nan,nan,nan,nan,nan,nan,nan,nan,nan,nan,nan,nan,nan,nan,nan,nan,nan,nan,nan,nan,nan,nan,nan,nan,nan
97,14335,0.8486861111111111,-6.585772727966311,0.13777777777777778,0,84,0.35714285714285715,0.03571428571428571,0.23809523809523808,0.13095238095238096,0.023809523809523808,0.6309523809523809,0.2619047619047619,0.10714285714285714,17.0,0.2619047619047619,0.043209876543209874,59.207359313964844,0.0022519723034140605,0.5066937682681636,0.9189682887097851,0.023809523809523808,0.5,0.08,nan,nan,3.292203724384308,3.292203724384308,1.8698043078184128,nan,nan,nan,nan,nan,nan,nan,nan,nan,nan,nan,nan,nan,nan,nan,nan,nan,nan,nan,nan,nan,nan,nan,nan,nan,nan,nan,nan,nan,nan,nan,nan,nan,nan,nan,nan,nan,nan,nan,nan,nan,nan,nan,nan,nan,nan,nan,nan,nan,nan,nan,nan,nan
98,14536,0.8465644444444445,-4.12595950603486,0.4533333333333333,0,201,0.5024875621890548,0.03482587064676617,0.14427860696517414,0.04975124378109453,0.0,0.681592039800995,0.15920398009950248,0.15920398009950248,15.0,0.10945273631840796,0.06172839506172832,140.04723339080792,0.0032052678087273944,0.7211852569636638,0.9525715733185712,0.0,0.7592592592592593,0.08888888888888889,0.1688888888888889,0.32,3.14055860042572,3.14055860042572,2.3701705932617188,nan,nan,nan,nan,nan,nan,nan,nan,nan,nan,nan,nan,nan,nan,nan,nan,nan,nan,nan,nan,nan,nan,nan,nan,nan,nan,nan,nan,nan,nan,nan,nan,nan,nan,nan,nan,nan,nan,nan,nan,nan,nan,nan,nan,nan,nan,nan,nan,nan,nan,nan,nan,nan
99,14681,0.8481332111111111,-9.363509372949597,0.26222222222222225,0,145,0.4,0.041379310344827586,0.25517241379310346,0.08275862068965517,0.0,0.696551724137931,0.13793103448275862,0.16551724137931034,26.0,0.30344827586206896,0.045000000000000005,100.46199402809128,0.0025659233650657757,0.5773327571397994,0.8983673201713723,0.0,0.625,0.11555555555555555,0.13777777777777778,nan,3.2271693348884583,3.2271693348884583,2.3429040610790253,nan,nan,nan,nan,nan,nan,nan,nan,nan,nan,nan,nan,nan,nan,nan,nan,nan,nan,nan,nan,nan,nan,nan,nan,nan,nan,nan,nan,nan,nan,nan,nan,nan,nan,nan,nan,nan,nan,nan,nan,nan,nan,nan,nan,nan,nan,nan,nan,nan,nan,nan,nan,nan
100,14833,0.8434294444444445,-3.4055749397277837,0.3022222222222222,0,152,0.4407894736842105,0.08552631578947369,0.07894736842105263,0.10526315789473684,0.0,0.6052631578947368,0.1118421052631579,0.28289473684210525,11.0,0.08552631578947369,0.05714285714285715,100.60547561645497,0.0029598565679766387,0.6659677277947437,0.9782252266073157,0.0,0.6363636363636364,0.09777777777777778,0.17333333333333334,0.29333333333333333,3.1464831829071045,3.1464831829071045,2.5349738597869873,-26.633025868237027,0.15666666666666668,0.0,113.0,0.0,1.0,0.31989386148711596,0.07734306133500697,0.37064781430500027,0.16317230047408754,0.013683634373289545,0.7678847371271232,0.0,0.23211526287287676,48.0,0.44334608535464315,0.03457078415411748,85.3454844594,0.0018020772223956648,0.4054673750390245,0.7469008483218,0.0,0.5885416666666666,0.09999999999999999,0.12666666666666665,0.3022222222222222,-43.933683980107304,0.07333333333333333,-0.5,103.75,0.0,1.0,0.17060369900812888,0.027737899917965547,0.6280638625798594,0.14363331841797797,0.01676268426678599,0.8264054615059537,0.0,0.1735945384940463,72.5,0.6981178685957193,0.01718253968253968,79.60651409625999,0.0009071805378492175,0.20411562101607394,0.529415843992158,0.0,0.41666666666666663,0.057777777777777775,0.08,nan,0.38722222222222225
101,15013,0.8504507497942387,-14.587061486244194,0.27555555555555555,0,180,0.3388888888888889,0.05,0.2611111111111111,0.13333333333333333,0.0,0.65,0.1111111111111111,0.2388888888888889,45.0,0.3277777777777778,0.036111111111111094,120.54344272613493,0.002249073902153715,0.5060416279845859,0.8695133160647731,0.016666666666666666,0.5384615384615384,0.1511111111111111,0.23555555555555555,0.24444444444444444,3.2902672290802,3.2902672290802,2.334982231259346,nan,nan,nan,nan,nan,nan,nan,nan,nan,nan,nan,nan,nan,nan,nan,nan,nan,nan,nan,nan,nan,nan,nan,nan,nan,nan,nan,nan,nan,nan,nan,nan,nan,nan,nan,nan,nan,nan,nan,nan,nan,nan,nan,nan,nan,nan,nan,nan,nan,nan,nan,nan,nan
102,15163,0.8725971044444444,-5.936268552064897,0.21777777777777776,0,150,0.32,0.09333333333333334,0.14,0.16,0.006666666666666667,0.5533333333333333,0.15333333333333332,0.29333333333333333,29.0,0.28,0.035555555555555556,90.34541478157018,0.002361307807918236,0.5312942567816032,0.958558082731693,0.04,0.6046511627906976,0.10222222222222223,0.14666666666666667,0.21777777777777776,3.344957947731018,3.344957947731018,1.8653178215026855,nan,nan,nan,nan,nan,nan,nan,nan,nan,nan,nan,nan,nan,nan,nan,nan,nan,nan,nan,nan,nan,nan,nan,nan,nan,nan,nan,nan,nan,nan,nan,nan,nan,nan,nan,nan,nan,nan,nan,nan,nan,nan,nan,nan,nan,nan,nan,nan,nan,nan,nan,nan,nan
103,15252,0.8603054883950617,-6.666915855407716,0.12,0,89,0.29213483146067415,0.06741573033707865,0.21348314606741572,0.16853932584269662,0.011235955056179775,0.5730337078651685,0.10112359550561797,0.3258426966292135,15.0,0.16853932584269662,0.02976190476190476,70.07538909912101,0.0016490176799746805,0.3710289779943031,0.9589275822584102,0.0,0.6818181818181818,0.10222222222222223,nan,nan,3.1851063072681427,3.1851063072681427,2.0852069556713104,nan,nan,nan,nan,nan,nan,nan,nan,nan,nan,nan,nan,nan,nan,nan,nan,nan,nan,nan,nan,nan,nan,nan,nan,nan,nan,nan,nan,nan,nan,nan,nan,nan,nan,nan,nan,nan,nan,nan,nan,nan,nan,nan,nan,nan,nan,nan,nan,nan,nan,nan,nan,nan
104,15414,0.8387429185185186,-5.108529043912888,0.26222222222222225,0,162,0.35802469135802467,0.09876543209876543,0.11728395061728394,0.14814814814814814,0.006172839506172839,0.5740740740740741,0.15432098765432098,0.2716049382716049,28.0,0.24074074074074073,0.038888888888888896,100.77646708488435,0.002557916398881604,0.5755311897483607,0.9665508039272136,0.030864197530864196,0.6,0.13777777777777778,0.2311111111111111,0.24888888888888888,3.174101173877716,3.174101173877716,1.7591741979122162,nan,nan,nan,nan,nan,nan,nan,nan,nan,nan,nan,nan,nan,nan,nan,nan,nan,nan,nan,nan,nan,nan,nan,nan,nan,nan,nan,nan,nan,nan,nan,nan,nan,nan,nan,nan,nan,nan,nan,nan,nan,nan,nan,nan,nan,nan,nan,nan,nan,nan,nan,nan,nan
105,15567,0.8356816666666667,-4.187500504970554,0.3111111111111111,0,153,0.45098039215686275,0.05228758169934641,0.1503267973856209,0.08496732026143791,0.0,0.6535947712418301,0.1895424836601307,0.1568627450980392,23.0,0.26143790849673204,0.05777777777777782,100.61429052352884,0.003047943438958625,0.6857872737656906,0.9136109942012891,0.006535947712418301,0.525,0.08,0.23555555555555555,0.29777777777777775,3.1188833117485046,3.1188833117485046,2.0994882583618164,nan,nan,nan,nan,nan,nan,nan,nan,nan,nan,nan,nan,nan,nan,nan,nan,nan,nan,nan,nan,nan,nan,nan,nan,nan,nan,nan,nan,nan,nan,nan,nan,nan,nan,nan,nan,nan,nan,nan,nan,nan,nan,nan,nan,nan,nan,nan,nan,nan,nan,nan,nan,nan
106,15698,0.8396995176954732,-2.3561677162647245,0.3377777777777778,0,131,0.5725190839694656,0.007633587786259542,0.13740458015267176,0.04580152671755725,0.007633587786259542,0.7175572519083969,0.16793893129770993,0.11450381679389313,10.0,0.061068702290076333,0.05790123456790125,90.1920734882353,0.0036958162778773854,0.8315586625224116,0.9435308782035202,0.007633587786259542,0.8709677419354839,0.11555555555555555,0.28,nan,3.2867955565452576,3.2867955565452576,1.9473480880260468,nan,nan,nan,nan,nan,nan,nan,nan,nan,nan,nan,nan,nan,nan,nan,nan,nan,nan,nan,nan,nan,nan,nan,nan,nan,nan,nan,nan,nan,nan,nan,nan,nan,nan,nan,nan,nan,nan,nan,nan,nan,nan,nan,nan,nan,nan,nan,nan,nan,nan,nan,nan,nan
107,15878,0.8411141466666667,-7.373438611984256,0.3111111111111111,0,180,0.38333333333333336,0.05,0.15555555555555556,0.1388888888888889,0.0,0.5888888888888889,0.18888888888888888,0.2222222222222222,31.0,0.25,0.03833333333333333,120.46132011413552,0.0025457687693950562,0.5727979731138876,0.9476830916228577,0.016666666666666666,0.6326530612244898,0.10666666666666667,0.21333333333333335,0.2577777777777778,3.18018439412117,3.18018439412117,2.1674239188432693,nan,nan,nan,nan,nan,nan,nan,nan,nan,nan,nan,nan,nan,nan,nan,nan,nan,nan,nan,nan,nan,nan,nan,nan,nan,nan,nan,nan,nan,nan,nan,nan,nan,nan,nan,nan,nan,nan,nan,nan,nan,nan,nan,nan,nan,nan,nan,nan,nan,nan,nan,nan,nan
108,16005,0.8648466666666667,-7.97168647480011,0.2222222222222222,0,127,0.3858267716535433,0.06299212598425197,0.2047244094488189,0.09448818897637795,0.0,0.6535433070866141,0.16535433070866143,0.18110236220472442,29.0,0.25984251968503935,0.03629629629629629,100.99701404571528,0.0021562793695980246,0.48516285815955557,0.957991542826773,0.023622047244094488,0.53125,0.14666666666666667,0.2222222222222222,nan,3.1351755261421204,3.1351755261421204,2.0371099710464478,nan,nan,nan,nan,nan,nan,nan,nan,nan,nan,nan,nan,nan,nan,nan,nan,nan,nan,nan,nan,nan,nan,nan,nan,nan,nan,nan,nan,nan,nan,nan,nan,nan,nan,nan,nan,nan,nan,nan,nan,nan,nan,nan,nan,nan,nan,nan,nan,nan,nan,nan,nan,nan
109,16154,0.8294855555555556,-2.0916099154949173,0.3511111111111111,0,149,0.5234899328859061,0.040268456375838924,0.06711409395973154,0.09395973154362416,0.0,0.6308724832214765,0.11409395973154363,0.2550335570469799,9.0,0.03355704697986577,0.05824074074074074,100.07247538566573,0.0034641560062410814,0.7794351014042432,0.9717157742437289,0.006711409395973154,0.8780487804878049,0.11555555555555555,0.2222222222222222,nan,3.0595418214797974,3.0595418214797974,1.9465282708406448,nan,nan,nan,nan,nan,nan,nan,nan,nan,nan,nan,nan,nan,nan,nan,nan,nan,nan,nan,nan,nan,nan,nan,nan,nan,nan,nan,nan,nan,nan,nan,nan,nan,nan,nan,nan,nan,nan,nan,nan,nan,nan,nan,nan,nan,nan,nan,nan,nan,nan,nan,nan,nan
110,16321,0.8690693111111112,-7.118965673685075,0.24888888888888888,0,167,0.32934131736526945,0.0658682634730539,0.16167664670658682,0.19760479041916168,0.0,0.5568862275449101,0.16167664670658682,0.281437125748503,52.0,0.3532934131736527,0.03492063492063492,100.16157784461952,0.002440501135312092,0.5491127554452208,0.9099768957868899,0.011976047904191617,0.4878048780487805,0.12,0.23555555555555555,0.24888888888888888,3.0742263197898865,3.0742263197898865,2.034422755241394,nan,nan,nan,nan,nan,nan,nan,nan,nan,nan,nan,nan,nan,nan,nan,nan,nan,nan,nan,nan,nan,nan,nan,nan,nan,nan,nan,nan,nan,nan,nan,nan,nan,nan,nan,nan,nan,nan,nan,nan,nan,nan,nan,nan,nan,nan,nan,nan,nan,nan,nan,nan,nan
111,16466,0.8261922222222222,-4.550807202339173,0.3111111111111111,0,145,0.47586206896551725,0.027586206896551724,0.10344827586206896,0.1310344827586207,0.006896551724137931,0.6068965517241379,0.16551724137931034,0.22758620689655173,17.0,0.0896551724137931,0.05185185185185185,100.38864002227771,0.0030547945125923895,0.6873287653332876,0.9501295036237315,0.006896551724137931,0.7837837837837838,0.1111111111111111,0.24,nan,3.1912699341773987,3.1912699341773987,2.0170279145240784,nan,nan,nan,nan,nan,nan,nan,nan,nan,nan,nan,nan,nan,nan,nan,nan,nan,nan,nan,nan,nan,nan,nan,nan,nan,nan,nan,nan,nan,nan,nan,nan,nan,nan,nan,nan,nan,nan,nan,nan,nan,nan,nan,nan,nan,nan,nan,nan,nan,nan,nan,nan,nan
112,16607,0.8247038888888889,-2.488649466037751,0.3466666666666667,0,141,0.5460992907801419,0.04964539007092199,0.10638297872340426,0.07801418439716312,0.0,0.7021276595744681,0.15602836879432624,0.14184397163120568,16.0,0.0851063829787234,0.062037037037037036,100.16809015274026,0.0034164794566851407,0.7687078777541566,0.9719976000154968,0.014184397163120567,0.7096774193548387,0.14666666666666667,0.24888888888888888,nan,3.197525918483734,3.197525918483734,2.123815193772316,nan,nan,nan,nan,nan,nan,nan,nan,nan,nan,nan,nan,nan,nan,nan,nan,nan,nan,nan,nan,nan,nan,nan,nan,nan,nan,nan,nan,nan,nan,nan,nan,nan,nan,nan,nan,nan,nan,nan,nan,nan,nan,nan,nan,nan,nan,nan,nan,nan,nan,nan,nan,nan
113,16691,0.8238172222222222,-2.7886869792938227,0.20444444444444446,-2,84,0.5357142857142857,0.03571428571428571,0.13095238095238096,0.047619047619047616,0.03571428571428571,0.7023809523809523,0.08333333333333333,0.21428571428571427,10.0,0.07142857142857142,0.06580246913580248,56.18749504089351,0.003559510881459284,0.8008899483283389,0.9368339456553937,0.0,0.7142857142857143,0.1111111111111111,nan,nan,3.199710577726364,3.199710577726364,1.8805823475122452,nan,nan,nan,nan,nan,nan,nan,nan,nan,nan,nan,nan,nan,nan,nan,nan,nan,nan,nan,nan,nan,nan,nan,nan,nan,nan,nan,nan,nan,nan,nan,nan,nan,nan,nan,nan,nan,nan,nan,nan,nan,nan,nan,nan,nan,nan,nan,nan,nan,nan,nan,nan,nan
114,16891,0.8317433967078189,-7.419866888046269,0.30666666666666664,0,200,0.34,0.08,0.08,0.19,0.005,0.5,0.175,0.325,31.0,0.235,0.03777777777777777,129.42730369567846,0.002335073153751509,0.5253914595940895,0.9796095254509407,0.015,0.7096774193548387,0.11555555555555555,0.2222222222222222,0.27555555555555555,3.043337404727936,3.043337404727936,1.9086512923240662,nan,nan,nan,nan,nan,nan,nan,nan,nan,nan,nan,nan,nan,nan,nan,nan,nan,nan,nan,nan,nan,nan,nan,nan,nan,nan,nan,nan,nan,nan,nan,nan,nan,nan,nan,nan,nan,nan,nan,nan,nan,nan,nan,nan,nan,nan,nan,nan,nan,nan,nan,nan,nan
115,17080,0.8629804444444444,-7.046317665576936,0.3111111111111111,0,189,0.36507936507936506,0.047619047619047616,0.19047619047619047,0.13756613756613756,0.0,0.6031746031746031,0.1111111111111111,0.2857142857142857,29.0,0.15873015873015872,0.03833333333333333,120.64112062454198,0.002541974619259974,0.5719442893334941,0.9327055013560659,0.0,0.7142857142857143,0.12,0.20444444444444446,0.29777777777777775,3.2261335253715515,3.2261335253715515,1.9569700211286545,nan,nan,nan,nan,nan,nan,nan,nan,nan,nan,nan,nan,nan,nan,nan,nan,nan,nan,nan,nan,nan,nan,nan,nan,nan,nan,nan,nan,nan,nan,nan,nan,nan,nan,nan,nan,nan,nan,nan,nan,nan,nan,nan,nan,nan,nan,nan,nan,nan,nan,nan,nan,nan
116,17233,0.8253722666666667,-20.270234261512744,0.21333333333333335,0,153,0.30718954248366015,0.05228758169934641,0.38562091503267976,0.0392156862745098,0.0,0.7450980392156863,0.11764705882352941,0.13725490196078433,51.0,0.42483660130718953,0.029841269841269842,110.59270725250225,0.0018888125092367935,0.4249828145782785,0.7951500239968892,0.0,0.42424242424242425,0.07111111111111111,0.09777777777777778,0.21333333333333335,3.1222627758979797,3.1222627758979797,1.6330769956111908,nan,nan,nan,nan,nan,nan,nan,nan,nan,nan,nan,nan,nan,nan,nan,nan,nan,nan,nan,nan,nan,nan,nan,nan,nan,nan,nan,nan,nan,nan,nan,nan,nan,nan,nan,nan,nan,nan,nan,nan,nan,nan,nan,nan,nan,nan,nan,nan,nan,nan,nan,nan,nan
117,17390,0.867836,-4.560364475727082,0.37333333333333335,0,157,0.5286624203821656,0.03821656050955414,0.21019108280254778,0.03821656050955414,0.0,0.7770700636942676,0.10191082802547771,0.12101910828025478,21.0,0.1337579617834395,0.052698412698412696,120.17489976882909,0.0030696001377866025,0.6906600310019855,0.9303790799639692,0.0,0.7142857142857143,0.13333333333333333,0.28,0.37333333333333335,3.0536393523216248,3.0536393523216248,1.9269236326217651,nan,nan,nan,nan,nan,nan,nan,nan,nan,nan,nan,nan,nan,nan,nan,nan,nan,nan,nan,nan,nan,nan,nan,nan,nan,nan,nan,nan,nan,nan,nan,nan,nan,nan,nan,nan,nan,nan,nan,nan,nan,nan,nan,nan,nan,nan,nan,nan,nan,nan,nan,nan,nan
118,17573,0.8205529127572017,-8.676673443317418,0.35555555555555557,0,183,0.43169398907103823,0.03278688524590164,0.13114754098360656,0.17486338797814208,0.0,0.5956284153005464,0.20765027322404372,0.19672131147540983,28.0,0.2459016393442623,0.04625,120.60641374587986,0.0029112142564068715,0.6550232076915461,0.9370494337409427,0.01639344262295082,0.6666666666666666,0.14666666666666667,0.2577777777777778,0.30666666666666664,3.098696082830429,3.098696082830429,1.910489335656166,nan,nan,nan,nan,nan,nan,nan,nan,nan,nan,nan,nan,nan,nan,nan,nan,nan,nan,nan,nan,nan,nan,nan,nan,nan,nan,nan,nan,nan,nan,nan,nan,nan,nan,nan,nan,nan,nan,nan,nan,nan,nan,nan,nan,nan,nan,nan,nan,nan,nan,nan,nan,nan
119,17729,0.8128605555555556,-10.950198848962783,0.24888888888888888,0,156,0.3525641025641026,0.038461538461538464,0.15384615384615385,0.20512820512820512,0.0,0.5448717948717948,0.19230769230769232,0.26282051282051283,55.0,0.36538461538461536,0.04698412698412698,120.5161795139312,0.0020283122600661895,0.4563702585148927,0.91840205153781,0.01282051282051282,0.5384615384615384,0.13333333333333333,0.20444444444444446,0.2222222222222222,3.026383876800537,3.026383876800537,2.009983643889427,nan,nan,nan,nan,nan,nan,nan,nan,nan,nan,nan,nan,nan,nan,nan,nan,nan,nan,nan,nan,nan,nan,nan,nan,nan,nan,nan,nan,nan,nan,nan,nan,nan,nan,nan,nan,nan,nan,nan,nan,nan,nan,nan,nan,nan,nan,nan,nan,nan,nan,nan,nan,nan
120,17941,0.8106227777777778,-2.691247284889223,0.4888888888888889,0,212,0.5141509433962265,0.05188679245283019,0.08962264150943396,0.08962264150943396,0.0047169811320754715,0.6556603773584906,0.12735849056603774,0.2169811320754717,15.0,0.08962264150943396,0.058641975308641965,140.27854557037324,0.003453446444534273,0.7770254500202114,0.9873584479071177,0.0,0.7407407407407407,0.14222222222222222,0.19111111111111112,0.3022222222222222,3.1323885917663574,3.1323885917663574,1.8611778616905212,-39.93017125964166,0.09111111111111111,-0.5,123.0,0.0,1.0,0.20528456996370517,0.00692918192918193,0.5000599501543221,0.2282472389198539,0.018682795698924733,0.7122737020472093,0.0,0.2877262979527907,68.75,0.6095445610974094,0.021879629629629627,88.02067866325358,0.0011982708804788352,0.2696109481077379,0.5752899384070844,0.0,0.9270833333333334,0.035555555555555556,0.05185185185185185,0.08444444444444445,-67.62027850019933,0.06555555555555555,-0.5,132.0,0.0,1.0,0.11240335841925538,0.039694244604316545,0.6338499707146725,0.19644860148747362,0.004642857142857143,0.7859475737382444,0.0,0.21405242626175558,99.25,0.8034177634850646,0.011203703703703705,92.35265238285041,0.0006821926266120872,0.1534933409877196,0.4560775738093219,0.0,0.5,0.03777777777777778,0.04296296296296296,0.06222222222222222,0.16281481481481483
