seed,environment_set,environment_variant,seen_fraction,coverage,phase,reached_phase2,final_mode,actions,forward_actions,turns,replans,information_replans,coverage_replans,observation_surprises,object_changes,temperature_changes,smell_changes,direct_hazard_entries,meat_collected,fatigue_health_losses,health,energy,terminated,truncated,neural_phase1_decisions,neural_uncertainty_fallbacks,neural_feasibility_fallbacks,end_reason,phase2_entry_step,phase2_entry_seen_fraction,phase2_entry_coverage,phase2_entry_health,phase2_entry_energy,phase1_forward_actions,phase2_forward_actions,phase1_turns,phase2_turns,wall_bumps,time_energy_cost_total,forward_energy_cost_total,turn_energy_cost_total,thermal_energy_cost_total,meat_health_restored,meat_health_wasted,direct_hazard_health_losses,trace_file
20000,standard,standard,0.9911111111111112,0.6088888888888889,2,True,coverage,211,172,39,81,48,33,50,5,0,201,0,3,16,0.0,9.334420108795165,True,False,0,0,0,health_zero_fatigue,58,0.8,0.2222222222222222,8.0,6.596543121337891,49,123,9,30,0,42.20000000000006,103.19999999999973,3.900000000000002,11.365579891204836,6.0,0.0,0,seed_20000.jsonl.gz
20001,standard,standard,1.0,0.5466666666666666,2,True,coverage,208,164,44,105,80,25,50,4,0,194,0,3,16,0.0,9.925338459014887,True,False,0,0,0,health_zero_fatigue,102,0.8088888888888889,0.24888888888888888,5.0,3.9533892154693575,81,83,21,23,0,41.60000000000005,98.39999999999978,4.4,15.67466154098511,6.0,0.0,0,seed_20001.jsonl.gz
20002,standard,standard,0.9955555555555555,0.6044444444444445,2,True,coverage,187,154,33,81,46,35,30,4,0,145,0,3,15,0.0,9.612889862060552,True,False,0,0,0,health_zero_fatigue,59,0.8,0.1688888888888889,9.0,5.43039255142212,47,107,12,21,0,37.39999999999999,92.39999999999984,3.3000000000000016,17.28711013793945,5.0,1.0,0,seed_20002.jsonl.gz
20003,standard,standard,0.9955555555555555,0.6933333333333334,2,True,coverage,211,170,41,76,52,24,32,4,0,155,0,3,16,0.0,9.263334226608277,True,False,0,0,0,health_zero_fatigue,65,0.8,0.23555555555555555,6.0,2.9148509025573732,53,117,12,29,0,42.20000000000006,101.99999999999974,4.100000000000001,12.436665773391727,6.0,0.0,0,seed_20003.jsonl.gz
20004,standard,standard,1.0,0.7288888888888889,2,True,coverage,221,178,43,82,49,33,40,4,0,171,0,3,16,0.0,9.335051441192633,True,False,0,0,0,health_zero_fatigue,58,0.8088888888888889,0.22666666666666666,8.0,7.151696491241458,50,128,8,35,0,44.20000000000009,106.7999999999997,4.300000000000001,5.364948558807372,6.0,0.0,0,seed_20004.jsonl.gz
20005,standard,standard,1.0,0.6888888888888889,2,True,coverage,207,168,39,84,49,35,47,4,0,210,0,3,16,0.0,9.63608980178834,True,False,0,0,0,health_zero_fatigue,57,0.8,0.21777777777777776,8.0,6.251853895187385,50,118,7,32,0,41.40000000000005,100.79999999999976,3.900000000000002,14.263910198211667,6.0,0.0,0,seed_20005.jsonl.gz
20006,standard,standard,1.0,0.7022222222222222,2,True,coverage,209,175,34,98,64,34,64,5,0,272,0,3,16,0.0,9.963311958312989,True,False,0,0,0,health_zero_fatigue,80,0.8,0.27555555555555555,7.0,2.130574226379398,65,110,15,19,0,41.800000000000054,104.99999999999972,3.4000000000000017,9.836688041687008,6.0,0.0,0,seed_20006.jsonl.gz
20007,standard,standard,1.0,0.6577777777777778,2,True,coverage,220,175,45,83,49,34,20,4,0,100,0,3,16,0.0,9.913583230972288,True,False,0,0,0,health_zero_fatigue,60,0.8044444444444444,0.2222222222222222,6.0,6.24836163520813,50,125,10,35,0,44.000000000000085,104.99999999999972,4.5,6.586416769027711,6.0,0.0,0,seed_20007.jsonl.gz
20008,standard,standard,1.0,0.6,2,True,coverage,208,166,42,74,50,24,52,5,0,204,0,3,15,0.0,9.911867094039918,True,False,0,0,0,health_zero_fatigue,63,0.8044444444444444,0.2,8.0,3.7035309314727773,51,115,12,30,0,41.60000000000005,99.59999999999977,4.200000000000001,14.688132905960083,6.0,0.0,0,seed_20008.jsonl.gz
20009,standard,standard,1.0,0.6444444444444445,2,True,coverage,199,167,32,68,41,27,22,4,0,125,0,3,15,0.0,9.267783737182619,True,False,0,0,0,health_zero_fatigue,48,0.8,0.19111111111111112,8.0,2.86814823150635,42,125,6,26,0,39.800000000000026,100.19999999999976,3.2000000000000015,7.53221626281738,5.0,1.0,0,seed_20009.jsonl.gz
20010,standard,standard,1.0,0.6844444444444444,2,True,coverage,217,180,37,90,60,30,28,3,0,109,0,3,16,0.0,9.408216762542732,True,False,0,0,0,health_zero_fatigue,73,0.8088888888888889,0.26222222222222225,5.0,6.557771110534668,61,119,12,25,0,43.40000000000008,107.99999999999969,3.700000000000002,5.491783237457275,6.0,0.0,0,seed_20010.jsonl.gz
20011,standard,standard,0.9911111111111112,0.5911111111111111,2,True,coverage,210,164,46,86,60,26,34,3,0,131,0,3,16,0.0,9.364178371429443,True,False,0,0,0,health_zero_fatigue,75,0.8044444444444444,0.24888888888888888,7.0,5.305822563171384,61,103,14,32,0,42.00000000000006,98.39999999999978,4.6,15.635821628570552,6.0,0.0,0,seed_20011.jsonl.gz
20012,standard,standard,0.9822222222222222,0.49777777777777776,2,True,coverage,165,133,32,117,88,29,17,3,0,99,0,2,11,0.0,9.892846298217766,True,False,0,0,0,health_zero_fatigue,111,0.8044444444444444,0.30666666666666664,3.0,0.6658113002777057,89,44,22,10,0,32.99999999999993,79.79999999999995,3.2000000000000015,4.107153701782226,2.0,2.0,0,seed_20012.jsonl.gz
20013,standard,standard,0.9555555555555556,0.6355555555555555,2,True,coverage,220,173,47,88,65,23,42,4,0,179,0,3,16,0.0,9.209332513809198,True,False,0,0,0,health_zero_fatigue,85,0.8133333333333334,0.27111111111111114,4.0,9.343732213973999,66,107,19,28,0,44.000000000000085,103.79999999999973,4.699999999999999,8.290667486190795,6.0,0.0,0,seed_20013.jsonl.gz
20014,standard,standard,0.9911111111111112,0.52,2,True,coverage,176,141,35,108,84,24,32,5,0,167,0,3,14,0.0,9.793411445617672,True,False,0,0,0,health_zero_fatigue,103,0.8133333333333334,0.30666666666666664,3.0,3.275676202774047,85,56,18,17,0,35.19999999999996,84.59999999999991,3.5000000000000018,16.90658855438232,4.0,2.0,0,seed_20014.jsonl.gz
20015,standard,standard,0.9866666666666667,0.6044444444444445,2,True,coverage,218,179,39,81,53,28,16,3,0,81,0,3,16,0.0,9.2524621963501,True,False,0,0,0,health_zero_fatigue,63,0.8,0.23555555555555555,6.0,2.472008991241456,54,125,9,30,0,43.60000000000008,107.3999999999997,3.900000000000002,5.847537803649902,6.0,0.0,0,seed_20015.jsonl.gz
20016,standard,standard,1.0,0.68,2,True,coverage,207,171,36,73,43,30,62,5,0,234,0,3,16,0.0,9.992035198211672,True,False,0,0,0,health_zero_fatigue,53,0.8044444444444444,0.2,6.0,9.794037961959841,44,127,9,27,0,41.40000000000005,102.59999999999974,3.600000000000002,12.40796480178833,6.0,0.0,0,seed_20016.jsonl.gz
20017,standard,standard,0.9822222222222222,0.6222222222222222,2,True,coverage,198,158,40,76,47,29,41,4,0,185,0,3,15,0.0,9.472607278823844,True,False,0,0,0,health_zero_fatigue,56,0.8044444444444444,0.21333333333333335,7.0,8.03362851142883,48,110,8,32,0,39.60000000000002,94.79999999999981,4.000000000000002,12.127392721176147,5.0,1.0,0,seed_20017.jsonl.gz
20018,standard,standard,0.9866666666666667,0.6266666666666667,2,True,coverage,212,168,44,92,56,36,18,3,0,87,0,3,16,0.0,9.85443882942199,True,False,0,0,0,health_zero_fatigue,72,0.8,0.24,7.0,6.117768907546997,57,111,15,29,0,42.40000000000006,100.79999999999976,4.4,12.545561170578008,6.0,0.0,0,seed_20018.jsonl.gz
20019,standard,standard,1.0,0.7111111111111111,2,True,coverage,218,177,41,91,54,37,53,4,0,197,0,3,16,0.0,9.429899215698246,True,False,0,0,0,health_zero_fatigue,67,0.8044444444444444,0.23555555555555555,6.0,2.394068908691409,55,122,12,29,0,43.60000000000008,106.1999999999997,4.100000000000001,6.670100784301758,6.0,0.0,0,seed_20019.jsonl.gz
20020,standard,standard,0.9733333333333334,0.48444444444444446,2,True,coverage,159,127,32,80,60,20,18,3,0,96,0,3,12,0.0,9.60410652160645,True,False,0,0,0,health_zero_fatigue,75,0.8177777777777778,0.25333333333333335,5.0,4.311203384399414,61,66,14,18,0,31.79999999999992,76.19999999999999,3.2000000000000015,9.195893478393556,2.0,4.0,0,seed_20020.jsonl.gz
20021,standard,standard,1.0,0.6488888888888888,2,True,coverage,208,169,39,73,42,31,29,3,0,124,0,3,16,0.0,9.570339965820304,True,False,0,0,0,health_zero_fatigue,51,0.8133333333333334,0.19111111111111112,7.0,1.9985641956329308,43,126,8,31,0,41.60000000000005,101.39999999999975,3.900000000000002,13.529660034179688,6.0,0.0,0,seed_20021.jsonl.gz
20022,standard,standard,0.9866666666666667,0.6577777777777778,2,True,coverage,205,169,36,90,60,30,35,5,0,168,0,3,16,0.0,8.837657546997072,True,False,0,0,0,health_zero_fatigue,74,0.8133333333333334,0.24,5.0,5.963766193389891,61,108,13,23,0,41.00000000000004,101.39999999999975,3.600000000000002,15.162342453002935,6.0,0.0,0,seed_20022.jsonl.gz
20023,standard,standard,0.9822222222222222,0.6222222222222222,2,True,coverage,212,170,42,76,43,33,59,5,0,249,0,3,16,0.0,9.392425870895387,True,False,0,0,0,health_zero_fatigue,52,0.8,0.2,7.0,0.538760805130005,44,126,8,34,0,42.40000000000006,101.99999999999974,4.200000000000001,12.007574129104611,6.0,0.0,0,seed_20023.jsonl.gz
20024,standard,standard,0.9866666666666667,0.5955555555555555,2,True,coverage,215,168,47,99,68,31,33,5,0,179,0,3,16,0.0,9.958538103103647,True,False,0,0,0,health_zero_fatigue,85,0.8,0.26666666666666666,4.0,7.81187210083008,69,99,16,31,0,43.00000000000007,100.79999999999976,4.699999999999999,11.541461896896358,6.0,0.0,0,seed_20024.jsonl.gz
20025,standard,standard,0.9955555555555555,0.5511111111111111,2,True,coverage,199,160,39,90,60,30,41,4,0,198,0,3,16,0.0,9.259933185577388,True,False,0,0,0,health_zero_fatigue,76,0.8133333333333334,0.23555555555555555,7.0,2.3263000488281254,61,99,15,24,0,39.800000000000026,95.9999999999998,3.900000000000002,21.040066814422605,6.0,0.0,0,seed_20025.jsonl.gz
20026,standard,standard,1.0,0.6666666666666666,2,True,coverage,208,171,37,77,49,28,30,4,0,147,0,3,14,0.0,9.716315269470211,True,False,0,0,0,health_zero_fatigue,60,0.8,0.22666666666666666,6.0,5.776427841186522,50,121,10,27,0,41.60000000000005,102.59999999999974,3.700000000000002,12.383684730529788,6.0,0.0,0,seed_20026.jsonl.gz
20027,standard,standard,0.96,0.5911111111111111,2,True,coverage,186,154,32,87,60,27,12,2,0,53,0,2,14,0.0,9.46081805229187,True,False,0,0,0,health_zero_fatigue,71,0.8177777777777778,0.24888888888888888,5.0,6.84803719520569,61,93,10,22,0,37.19999999999999,92.39999999999984,3.2000000000000015,7.739181947708127,4.0,0.0,0,seed_20027.jsonl.gz
20028,standard,standard,1.0,0.6577777777777778,2,True,coverage,202,163,39,79,43,36,37,5,0,194,0,3,16,0.0,9.970020961761477,True,False,0,0,0,health_zero_fatigue,52,0.8177777777777778,0.19555555555555557,9.0,0.6275892257690399,44,119,8,31,0,40.400000000000034,97.79999999999978,3.900000000000002,17.92997903823852,6.0,0.0,0,seed_20028.jsonl.gz
20029,standard,standard,0.9688888888888889,0.52,2,True,coverage,185,151,34,82,62,20,26,4,0,134,0,3,14,0.0,9.483950757980345,True,False,0,0,0,health_zero_fatigue,78,0.8044444444444444,0.26666666666666666,5.0,2.1055319309234637,63,88,15,19,0,36.999999999999986,90.59999999999985,3.4000000000000017,9.516049242019653,4.0,2.0,0,seed_20029.jsonl.gz
20030,standard,standard,0.9733333333333334,0.5822222222222222,2,True,coverage,209,162,47,82,58,24,19,3,0,105,0,3,15,0.0,9.234678983688351,True,False,0,0,0,health_zero_fatigue,76,0.8088888888888889,0.2577777777777778,5.0,4.48578600883484,59,103,17,30,0,41.800000000000054,97.19999999999979,4.699999999999999,17.065321016311643,6.0,0.0,0,seed_20030.jsonl.gz
20031,standard,standard,0.9866666666666667,0.6666666666666666,2,True,coverage,204,173,31,77,42,35,37,4,0,157,0,3,16,0.0,9.5517571926117,True,False,0,0,0,health_zero_fatigue,49,0.8,0.19555555555555557,7.0,2.6111248016357433,43,130,6,25,0,40.80000000000004,103.79999999999973,3.1000000000000014,12.748242807388298,6.0,0.0,0,seed_20031.jsonl.gz
20032,standard,standard,1.0,0.6666666666666666,2,True,coverage,204,169,35,73,40,33,28,5,0,168,0,3,15,0.0,9.640520763397214,True,False,0,0,0,health_zero_fatigue,47,0.8,0.18222222222222223,7.0,3.3180146217346187,41,128,6,29,0,40.80000000000004,101.39999999999975,3.5000000000000018,14.659479236602786,6.0,0.0,0,seed_20032.jsonl.gz
20033,standard,standard,0.9866666666666667,0.5688888888888889,2,True,coverage,208,167,41,114,90,24,40,4,0,176,0,3,16,0.0,9.00667700767518,True,False,0,0,0,health_zero_fatigue,119,0.8133333333333334,0.29333333333333333,4.0,3.1145561695098953,91,76,28,13,0,41.60000000000005,100.19999999999976,4.100000000000001,15.093322992324834,6.0,0.0,0,seed_20033.jsonl.gz
20034,standard,standard,0.8977777777777778,0.4266666666666667,2,True,coverage,164,127,37,90,79,11,28,3,0,137,0,2,12,0.0,9.225987577438348,True,False,0,0,0,health_zero_fatigue,106,0.8044444444444444,0.2577777777777778,3.0,3.0288953781127885,80,47,26,11,0,32.799999999999926,76.19999999999999,3.700000000000002,8.074012422561648,2.0,2.0,0,seed_20034.jsonl.gz
20035,standard,standard,0.9911111111111112,0.5911111111111111,2,True,coverage,203,164,39,99,80,19,41,4,0,191,0,3,16,0.0,9.827693939208983,True,False,0,0,0,health_zero_fatigue,102,0.8044444444444444,0.30666666666666664,5.0,6.82635912895203,81,83,21,18,0,40.60000000000004,98.39999999999978,3.900000000000002,17.272306060791013,6.0,0.0,0,seed_20035.jsonl.gz
20036,standard,standard,0.9955555555555555,0.6177777777777778,2,True,coverage,220,178,42,85,58,27,56,4,0,200,0,3,16,0.0,9.826555156707766,True,False,0,0,0,health_zero_fatigue,73,0.8088888888888889,0.23555555555555555,5.0,7.143554306030274,59,119,14,28,0,44.000000000000085,106.7999999999997,4.200000000000001,5.173444843292235,6.0,0.0,0,seed_20036.jsonl.gz
20037,standard,standard,1.0,0.7155555555555555,2,True,coverage,213,173,40,78,39,39,54,5,0,246,0,3,16,0.0,9.291432952880863,True,False,0,0,0,health_zero_fatigue,46,0.8,0.18222222222222223,7.0,5.601988124847411,40,133,6,34,0,42.600000000000065,103.79999999999973,4.000000000000002,10.308567047119142,6.0,0.0,0,seed_20037.jsonl.gz
20038,standard,standard,0.9822222222222222,0.5422222222222223,2,True,coverage,184,149,35,64,41,23,48,3,0,183,0,2,14,0.0,9.591039371490474,True,False,0,0,0,health_zero_fatigue,48,0.8,0.19111111111111112,7.0,3.78521432876587,42,107,6,29,0,36.79999999999998,89.39999999999986,3.5000000000000018,10.708960628509521,4.0,0.0,0,seed_20038.jsonl.gz
20039,standard,standard,1.0,0.6311111111111111,2,True,coverage,203,164,39,83,51,32,69,4,0,249,0,3,15,0.0,9.90361070632935,True,False,0,0,0,health_zero_fatigue,61,0.8133333333333334,0.22666666666666666,6.0,4.037701892852785,52,112,9,30,0,40.60000000000004,98.39999999999978,3.900000000000002,17.196389293670663,6.0,0.0,0,seed_20039.jsonl.gz
20040,standard,standard,0.9688888888888889,0.5644444444444444,2,True,coverage,177,144,33,89,62,27,41,4,0,165,0,3,13,0.0,9.390310764312742,True,False,0,0,0,health_zero_fatigue,77,0.8,0.26222222222222225,6.0,3.834998035430905,63,81,14,19,0,35.39999999999996,86.39999999999989,3.3000000000000016,5.509689235687254,3.0,3.0,0,seed_20040.jsonl.gz
20041,standard,standard,1.0,0.5822222222222222,2,True,coverage,190,152,38,89,53,36,46,5,0,193,0,3,14,0.0,9.731311511993406,True,False,0,0,0,health_zero_fatigue,65,0.8,0.2222222222222222,6.0,2.535387611389159,54,98,11,27,0,38.0,91.19999999999985,3.800000000000002,7.2686884880065925,4.0,2.0,0,seed_20041.jsonl.gz
20042,standard,standard,0.9511111111111111,0.4666666666666667,2,True,coverage,162,126,36,86,69,17,27,3,0,119,0,2,12,0.0,9.988435745239252,True,False,0,0,0,health_zero_fatigue,86,0.8088888888888889,0.28,4.0,6.124332427978515,70,56,16,20,0,32.39999999999992,75.6,3.600000000000002,8.41156425476074,2.0,2.0,0,seed_20042.jsonl.gz
20043,standard,standard,1.0,0.6044444444444445,2,True,coverage,209,167,42,91,67,24,36,4,0,166,0,3,16,0.0,9.799308443069455,True,False,0,0,0,health_zero_fatigue,88,0.8088888888888889,0.26222222222222225,4.0,5.753912019729615,68,99,20,22,0,41.800000000000054,100.19999999999976,4.200000000000001,14.000691556930548,6.0,0.0,0,seed_20043.jsonl.gz
20044,standard,standard,0.9911111111111112,0.6266666666666667,2,True,coverage,218,176,42,74,50,24,21,3,0,113,0,3,16,0.0,9.482040643692015,True,False,0,0,0,health_zero_fatigue,63,0.8088888888888889,0.2222222222222222,6.0,3.4889233112335214,51,125,12,30,0,43.60000000000008,105.59999999999971,4.200000000000001,7.117959356307987,6.0,0.0,0,seed_20044.jsonl.gz
20045,standard,standard,1.0,0.64,2,True,coverage,211,167,44,89,56,33,58,5,0,233,0,3,16,0.0,9.474503135681152,True,False,0,0,0,health_zero_fatigue,68,0.8177777777777778,0.21777777777777776,7.0,8.27221727371216,57,110,11,33,0,42.20000000000006,100.19999999999976,4.4,13.725496864318842,6.0,0.0,0,seed_20045.jsonl.gz
20046,standard,standard,0.9866666666666667,0.56,2,True,coverage,182,145,37,90,64,26,41,4,0,197,0,2,14,0.0,9.6949577331543,True,False,0,0,0,health_zero_fatigue,76,0.8044444444444444,0.27111111111111114,5.0,2.8236186981201206,65,80,11,26,0,36.39999999999998,86.99999999999989,3.700000000000002,13.205042266845698,4.0,0.0,0,seed_20046.jsonl.gz
20047,standard,standard,0.8933333333333333,0.39555555555555555,2,True,coverage,160,124,36,91,78,13,14,1,0,51,0,1,11,0.0,9.254156351089469,True,False,0,0,0,health_zero_fatigue,103,0.8088888888888889,0.23555555555555555,3.0,2.1683787345886154,79,45,24,12,0,31.99999999999992,74.4,3.600000000000002,10.745843648910524,2.0,0.0,0,seed_20047.jsonl.gz
20048,standard,standard,1.0,0.6622222222222223,2,True,coverage,210,170,40,111,73,38,17,3,0,100,0,3,16,0.0,9.207644081115722,True,False,0,0,0,health_zero_fatigue,92,0.8044444444444444,0.27555555555555555,4.0,1.7061663627624506,74,96,18,22,0,42.00000000000006,101.99999999999974,4.000000000000002,12.792355918884274,6.0,0.0,0,seed_20048.jsonl.gz
20049,standard,standard,0.9866666666666667,0.6,2,True,coverage,195,156,39,94,67,27,35,4,0,179,0,3,15,0.0,9.271753978729246,True,False,0,0,0,health_zero_fatigue,84,0.8044444444444444,0.26222222222222225,5.0,8.925310802459718,68,88,16,23,0,39.000000000000014,93.59999999999982,3.900000000000002,14.228246021270746,5.0,1.0,0,seed_20049.jsonl.gz
20050,standard,standard,0.9911111111111112,0.5333333333333333,2,True,coverage,183,149,34,87,61,26,50,4,0,164,0,3,14,0.0,8.856204175949092,True,False,0,0,0,health_zero_fatigue,77,0.8088888888888889,0.2,7.0,2.830996036529541,62,87,15,19,0,36.59999999999998,89.39999999999986,3.4000000000000017,11.743795824050903,4.0,2.0,0,seed_20050.jsonl.gz
20051,standard,standard,0.9688888888888889,0.5688888888888889,2,True,coverage,189,153,36,79,55,24,23,3,0,91,0,2,13,0.0,9.703995084762576,True,False,0,0,0,health_zero_fatigue,67,0.8,0.22666666666666666,6.0,1.4533248901367173,56,97,11,25,0,37.8,91.79999999999984,3.600000000000002,7.096004915237427,4.0,0.0,0,seed_20051.jsonl.gz
20052,standard,standard,1.0,0.6444444444444445,2,True,coverage,196,154,42,69,43,26,23,3,0,93,0,3,16,0.0,9.490035867691036,True,False,0,0,0,health_zero_fatigue,55,0.8,0.19555555555555557,6.0,9.181561708450316,44,110,11,31,0,39.20000000000002,92.39999999999984,4.200000000000001,24.709964132308954,6.0,0.0,0,seed_20052.jsonl.gz
20053,standard,standard,0.96,0.5288888888888889,2,True,coverage,175,139,36,71,50,21,28,3,0,128,0,3,13,0.0,9.688467550277714,True,False,0,0,0,health_zero_fatigue,63,0.8044444444444444,0.2222222222222222,7.0,5.087473773956303,51,88,12,24,0,34.99999999999996,83.39999999999992,3.600000000000002,8.311532449722291,3.0,3.0,0,seed_20053.jsonl.gz
20054,standard,standard,0.9644444444444444,0.5244444444444445,2,True,coverage,184,150,34,64,42,22,34,3,0,153,0,2,14,0.0,9.86716403961181,True,False,0,0,0,health_zero_fatigue,51,0.8088888888888889,0.19111111111111112,7.0,1.3676013946533192,43,107,8,26,0,36.79999999999998,89.99999999999986,3.4000000000000017,9.93283596038818,4.0,0.0,0,seed_20054.jsonl.gz
20055,standard,standard,1.0,0.6222222222222222,2,True,coverage,211,174,37,89,57,32,41,5,0,199,0,3,16,0.0,9.7072865486145,True,False,0,0,0,health_zero_fatigue,68,0.8,0.24,7.0,8.918220806121823,58,116,10,27,0,42.20000000000006,104.39999999999972,3.700000000000002,9.9927134513855,6.0,0.0,0,seed_20055.jsonl.gz
20056,standard,standard,0.9822222222222222,0.5911111111111111,2,True,coverage,185,152,33,82,54,28,10,2,0,45,0,2,14,0.0,9.98350977897644,True,False,0,0,0,health_zero_fatigue,64,0.8177777777777778,0.22666666666666666,6.0,1.6203673839569066,55,97,9,24,0,36.999999999999986,91.19999999999985,3.3000000000000016,8.51649022102356,4.0,0.0,0,seed_20056.jsonl.gz
20057,standard,standard,1.0,0.6577777777777778,2,True,coverage,215,179,36,81,42,39,29,3,0,145,0,3,15,0.0,9.61075396537781,True,False,0,0,0,health_zero_fatigue,50,0.8,0.19555555555555557,7.0,2.856764793395999,43,136,7,29,0,43.00000000000007,107.3999999999997,3.600000000000002,6.38924603462219,6.0,0.0,0,seed_20057.jsonl.gz
20058,standard,standard,1.0,0.64,2,True,coverage,209,164,45,86,53,33,47,5,0,203,0,3,16,0.0,9.529257488250737,True,False,0,0,0,health_zero_fatigue,65,0.8133333333333334,0.23555555555555555,8.0,1.8970952033996635,54,110,11,34,0,41.800000000000054,98.39999999999978,4.5,15.770742511749269,6.0,0.0,0,seed_20058.jsonl.gz
20059,standard,standard,0.9377777777777778,0.5466666666666666,2,True,coverage,196,157,39,78,60,18,34,4,0,156,0,3,14,0.0,9.877096271514898,True,False,0,0,0,health_zero_fatigue,73,0.8088888888888889,0.26222222222222225,5.0,6.588322353363042,61,96,12,27,0,39.20000000000002,94.19999999999982,3.900000000000002,2.822903728485108,4.0,2.0,0,seed_20059.jsonl.gz
20060,standard,standard,1.0,0.5333333333333333,2,True,coverage,156,126,30,70,42,28,15,3,0,87,0,3,12,0.0,9.665059471130366,True,False,0,0,0,health_zero_fatigue,51,0.8,0.19555555555555557,7.0,2.798492336273192,43,83,8,22,0,31.19999999999992,75.6,3.0000000000000013,10.53494052886963,2.0,4.0,0,seed_20060.jsonl.gz
20061,standard,standard,0.9911111111111112,0.5555555555555556,2,True,coverage,212,166,46,109,86,23,28,4,0,146,0,3,16,0.0,9.40036921501159,True,False,0,0,0,health_zero_fatigue,114,0.8133333333333334,0.29333333333333333,2.0,7.3879671573638905,87,79,27,19,0,42.40000000000006,99.59999999999977,4.6,13.99963078498841,6.0,0.0,0,seed_20061.jsonl.gz
20062,standard,standard,1.0,0.6977777777777778,2,True,coverage,224,182,42,77,49,28,40,4,0,174,0,3,16,0.0,9.783290672302256,True,False,0,0,0,health_zero_fatigue,61,0.8044444444444444,0.2222222222222222,8.0,6.514330291748047,50,132,11,31,0,44.8000000000001,109.19999999999968,4.200000000000001,2.016709327697754,6.0,0.0,0,seed_20062.jsonl.gz
20063,standard,standard,0.9822222222222222,0.5733333333333334,2,True,coverage,214,173,41,91,63,28,22,3,0,115,0,3,16,0.0,8.831394910812376,True,False,0,0,0,health_zero_fatigue,77,0.8133333333333334,0.26222222222222225,5.0,2.3702288627624504,64,109,13,28,0,42.80000000000007,103.79999999999973,4.100000000000001,10.46860508918762,6.0,0.0,0,seed_20063.jsonl.gz
20064,standard,standard,0.9911111111111112,0.5822222222222222,2,True,coverage,203,163,40,74,43,31,35,4,0,165,0,3,16,0.0,9.8790940284729,True,False,0,0,0,health_zero_fatigue,53,0.8044444444444444,0.2,7.0,1.206699132919316,44,119,9,31,0,40.60000000000004,97.79999999999978,4.000000000000002,17.720905971527095,6.0,0.0,0,seed_20064.jsonl.gz
20065,standard,standard,0.9911111111111112,0.5822222222222222,2,True,coverage,201,160,41,70,43,27,57,4,0,201,0,3,14,0.0,9.62000713348389,True,False,0,0,0,health_zero_fatigue,52,0.8,0.2,8.0,0.6873621940612791,44,116,8,33,0,40.20000000000003,95.9999999999998,4.100000000000001,10.079992866516115,5.0,1.0,0,seed_20065.jsonl.gz
20066,standard,standard,0.9866666666666667,0.5822222222222222,2,True,coverage,221,173,48,108,83,25,43,5,0,194,0,3,16,0.0,9.894317150115963,True,False,0,0,0,health_zero_fatigue,109,0.8133333333333334,0.30666666666666664,3.0,2.0280050754547094,84,89,25,23,0,44.20000000000009,103.79999999999973,4.799999999999999,7.305682849884033,6.0,0.0,0,seed_20066.jsonl.gz
20067,standard,standard,1.0,0.6311111111111111,2,True,coverage,210,173,37,81,44,37,45,5,0,187,0,3,15,0.0,9.913332366943362,True,False,0,0,0,health_zero_fatigue,51,0.8,0.20444444444444446,7.0,0.8887983322143556,45,128,6,31,0,42.00000000000006,103.79999999999973,3.700000000000002,10.586667633056646,6.0,0.0,0,seed_20067.jsonl.gz
20068,standard,standard,0.9911111111111112,0.6488888888888888,2,True,coverage,215,174,41,73,43,30,33,4,0,148,0,3,15,0.0,9.024686145782471,True,False,0,0,0,health_zero_fatigue,52,0.8044444444444444,0.2,7.0,0.6625187873840336,44,130,8,33,0,43.00000000000007,104.39999999999972,4.100000000000001,9.475313854217534,6.0,0.0,0,seed_20068.jsonl.gz
20069,standard,standard,0.9466666666666667,0.5688888888888889,2,True,coverage,196,154,42,74,53,21,36,5,0,193,0,3,15,0.0,9.73421874046325,True,False,0,0,0,health_zero_fatigue,67,0.8133333333333334,0.21333333333333335,9.0,0.09658827781676538,54,100,13,29,0,39.20000000000002,92.39999999999984,4.200000000000001,14.465781259536739,5.0,1.0,0,seed_20069.jsonl.gz
20070,standard,standard,1.0,0.6044444444444445,2,True,coverage,202,161,41,81,56,25,41,3,0,141,0,3,15,0.0,9.686183834075933,True,False,0,0,0,health_zero_fatigue,71,0.8044444444444444,0.2088888888888889,6.0,8.564212989807132,57,104,14,27,0,40.400000000000034,96.5999999999998,4.100000000000001,9.21381616592407,5.0,1.0,0,seed_20070.jsonl.gz
20071,standard,standard,1.0,0.6488888888888888,2,True,coverage,208,172,36,93,61,32,56,5,0,221,0,3,16,0.0,9.33454914093017,True,False,0,0,0,health_zero_fatigue,75,0.8,0.24444444444444444,5.0,4.000410842895507,62,110,13,23,0,41.60000000000005,103.19999999999973,3.600000000000002,12.265450859069821,6.0,0.0,0,seed_20071.jsonl.gz
20072,standard,standard,1.0,0.6222222222222222,2,True,coverage,185,157,28,92,69,23,68,5,0,291,0,3,13,0.0,9.702378082275388,True,False,0,0,0,health_zero_fatigue,81,0.8133333333333334,0.28888888888888886,8.0,9.75803918838501,70,87,11,17,0,36.999999999999986,94.19999999999982,2.800000000000001,6.297621917724611,4.0,2.0,0,seed_20072.jsonl.gz
20073,standard,standard,0.9955555555555555,0.5866666666666667,2,True,coverage,213,170,43,68,42,26,64,5,0,275,0,3,15,0.0,9.41191754341126,True,False,0,0,0,health_zero_fatigue,51,0.8044444444444444,0.19555555555555557,9.0,1.847321939468387,43,127,8,35,0,42.600000000000065,101.99999999999974,4.300000000000001,11.688082456588749,6.0,0.0,0,seed_20073.jsonl.gz
20074,standard,standard,0.9466666666666667,0.5555555555555556,2,True,coverage,205,164,41,56,35,21,56,5,0,212,0,3,15,0.0,9.58474202156067,True,False,0,0,0,health_zero_fatigue,45,0.8044444444444444,0.16444444444444445,8.0,6.944234943389894,36,128,9,32,0,41.00000000000004,98.39999999999978,4.100000000000001,6.915257978439329,5.0,1.0,0,seed_20074.jsonl.gz
20075,standard,standard,0.9644444444444444,0.36,2,True,coverage,157,123,34,113,99,14,29,3,0,128,0,1,12,0.0,9.612894821166993,True,False,0,0,0,health_zero_fatigue,127,0.8133333333333334,0.27111111111111114,3.0,5.276562786102295,100,23,27,7,0,31.39999999999992,73.80000000000001,3.4000000000000017,11.787105178833006,2.0,0.0,0,seed_20075.jsonl.gz
20076,standard,standard,1.0,0.6088888888888889,2,True,coverage,198,149,49,73,45,28,33,4,0,188,0,3,15,0.0,9.75412392616272,True,False,0,0,0,health_zero_fatigue,61,0.8088888888888889,0.18222222222222223,7.0,4.917315816879273,46,103,15,34,0,39.60000000000002,89.39999999999986,4.899999999999999,16.345876073837275,5.0,1.0,0,seed_20076.jsonl.gz
20077,standard,standard,1.0,0.6266666666666667,2,True,coverage,195,155,40,60,30,30,38,4,0,167,0,3,14,0.0,9.42563052177429,True,False,0,0,0,health_zero_fatigue,36,0.8,0.14222222222222222,9.0,2.771046638488771,31,124,5,35,0,39.000000000000014,92.99999999999983,4.000000000000002,14.574369478225703,5.0,1.0,0,seed_20077.jsonl.gz
20078,standard,standard,1.0,0.6977777777777778,2,True,coverage,215,179,36,73,39,34,50,5,0,233,0,3,16,0.0,9.686632347106933,True,False,0,0,0,health_zero_fatigue,47,0.8,0.18222222222222223,9.0,5.025464439392087,40,139,7,29,0,43.00000000000007,107.3999999999997,3.600000000000002,6.313367652893066,6.0,0.0,0,seed_20078.jsonl.gz
20079,standard,standard,0.9777777777777777,0.5866666666666667,2,True,coverage,215,172,43,83,52,31,29,3,0,110,0,3,16,0.0,9.355027914047243,True,False,0,0,0,health_zero_fatigue,65,0.8,0.19111111111111112,5.0,9.618974447250366,53,119,12,31,0,43.00000000000007,103.19999999999973,4.300000000000001,10.144972085952755,6.0,0.0,0,seed_20079.jsonl.gz
20080,standard,standard,1.0,0.6,2,True,coverage,183,153,30,82,48,34,52,5,0,224,0,3,14,0.0,9.39064612388611,True,False,0,0,0,health_zero_fatigue,61,0.8044444444444444,0.20444444444444446,6.0,6.768873214721678,49,104,12,18,0,36.59999999999998,91.79999999999984,3.0000000000000013,9.209353876113894,4.0,2.0,0,seed_20080.jsonl.gz
20081,standard,standard,1.0,0.6133333333333333,2,True,coverage,213,172,41,80,48,32,40,5,0,181,0,3,16,0.0,9.76226339340209,True,False,0,0,0,health_zero_fatigue,58,0.8044444444444444,0.2088888888888889,6.0,6.652513694763181,49,123,9,32,0,42.600000000000065,103.19999999999973,4.100000000000001,10.337736606597904,6.0,0.0,0,seed_20081.jsonl.gz
20082,standard,standard,0.9911111111111112,0.5644444444444444,2,True,coverage,179,145,34,86,59,27,41,4,0,176,0,3,14,0.0,9.760636806488034,True,False,0,0,0,health_zero_fatigue,72,0.8133333333333334,0.26666666666666666,5.0,7.933478832244872,60,85,12,22,0,35.79999999999997,86.99999999999989,3.4000000000000017,14.039363193511962,4.0,2.0,0,seed_20082.jsonl.gz
20083,standard,standard,0.9955555555555555,0.6666666666666666,2,True,coverage,208,166,42,63,32,31,38,4,0,161,0,3,16,0.0,9.957343053817745,True,False,0,0,0,health_zero_fatigue,40,0.8177777777777778,0.1511111111111111,9.0,9.868624305725096,33,133,7,35,0,41.60000000000005,99.59999999999977,4.200000000000001,14.642656946182253,6.0,0.0,0,seed_20083.jsonl.gz
20084,standard,standard,1.0,0.64,2,True,coverage,178,148,30,81,49,32,34,5,0,168,0,3,14,0.0,9.273237705230713,True,False,0,0,0,health_zero_fatigue,60,0.8177777777777778,0.22666666666666666,6.0,5.552326107025145,50,98,10,20,0,35.599999999999966,88.79999999999987,3.0000000000000013,13.326762294769287,4.0,2.0,0,seed_20084.jsonl.gz
20085,standard,standard,1.0,0.6488888888888888,2,True,coverage,218,173,45,78,51,27,46,3,0,153,0,3,14,0.0,9.675875663757322,True,False,0,0,0,health_zero_fatigue,64,0.8044444444444444,0.2222222222222222,6.0,1.8957349777221668,52,121,12,33,0,43.60000000000008,103.79999999999973,4.5,8.424124336242679,6.0,0.0,0,seed_20085.jsonl.gz
20086,standard,standard,1.0,0.5955555555555555,2,True,coverage,216,171,45,75,48,27,49,4,0,187,0,3,16,0.0,9.645368242263798,True,False,0,0,0,health_zero_fatigue,60,0.8044444444444444,0.2088888888888889,6.0,4.963419437408447,49,122,11,34,0,43.200000000000074,102.59999999999974,4.5,10.054631757736209,6.0,0.0,0,seed_20086.jsonl.gz
20087,standard,standard,0.96,0.5155555555555555,2,True,coverage,186,149,37,101,78,23,13,3,0,102,0,2,14,0.0,9.345277881622314,True,False,0,0,0,health_zero_fatigue,100,0.8133333333333334,0.28888888888888886,3.0,7.238698196411134,79,70,21,16,0,37.19999999999999,89.39999999999986,3.700000000000002,10.354722118377683,4.0,0.0,0,seed_20087.jsonl.gz
20088,standard,standard,1.0,0.6088888888888889,2,True,coverage,208,172,36,95,65,30,42,5,0,212,0,3,16,0.0,9.804768657684328,True,False,0,0,0,health_zero_fatigue,80,0.8177777777777778,0.25333333333333335,9.0,0.18513021469116542,66,106,14,22,0,41.60000000000005,103.19999999999973,3.600000000000002,11.79523134231567,6.0,0.0,0,seed_20088.jsonl.gz
20089,standard,standard,0.9955555555555555,0.7244444444444444,2,True,coverage,219,184,35,73,42,31,50,5,0,210,0,3,16,0.0,9.11141929626465,True,False,0,0,0,health_zero_fatigue,49,0.8,0.19555555555555557,7.0,2.9553936958312974,43,141,6,29,0,43.80000000000008,110.39999999999966,3.5000000000000018,3.1885807037353517,6.0,0.0,0,seed_20089.jsonl.gz
20090,standard,standard,0.9866666666666667,0.5377777777777778,2,True,coverage,182,148,34,70,42,28,11,2,0,58,0,2,14,0.0,8.975971937179562,True,False,0,0,0,health_zero_fatigue,51,0.8133333333333334,0.19111111111111112,7.0,3.193209648132325,43,105,8,26,0,36.39999999999998,88.79999999999987,3.4000000000000017,12.424028062820437,4.0,0.0,0,seed_20090.jsonl.gz
20091,standard,standard,0.9688888888888889,0.44,2,True,coverage,154,123,31,84,66,18,18,2,0,86,0,2,12,0.0,9.90118503570556,True,False,0,0,0,health_zero_fatigue,83,0.8177777777777778,0.27111111111111114,4.0,9.409921360015865,67,56,16,15,0,30.799999999999923,73.80000000000001,3.1000000000000014,12.398814964294433,2.0,2.0,0,seed_20091.jsonl.gz
20092,standard,standard,0.9822222222222222,0.6,2,True,coverage,184,147,37,89,66,23,47,4,0,171,0,3,14,0.0,9.88878135681152,True,False,0,0,0,health_zero_fatigue,80,0.8088888888888889,0.28444444444444444,9.0,1.3355266571044906,67,80,13,24,0,36.79999999999998,88.19999999999987,3.700000000000002,11.411218643188477,4.0,2.0,0,seed_20092.jsonl.gz
20093,standard,standard,0.9822222222222222,0.5822222222222222,2,True,coverage,216,173,43,92,61,31,44,5,0,248,0,3,16,0.0,9.93820657730102,True,False,0,0,0,health_zero_fatigue,75,0.8,0.25333333333333335,5.0,5.718490123748778,62,111,13,30,0,43.200000000000074,103.79999999999973,4.300000000000001,8.761793422698975,6.0,0.0,0,seed_20093.jsonl.gz
20094,standard,standard,0.9955555555555555,0.6311111111111111,2,True,coverage,203,164,39,78,48,30,53,4,0,214,0,3,15,0.0,9.620161819458009,True,False,0,0,0,health_zero_fatigue,59,0.8088888888888889,0.21333333333333335,9.0,6.121616172790527,49,115,10,29,0,40.60000000000004,98.39999999999978,3.900000000000002,7.479838180541994,5.0,1.0,0,seed_20094.jsonl.gz
20095,standard,standard,0.9911111111111112,0.6666666666666666,2,True,coverage,216,180,36,84,59,25,44,5,0,186,0,3,15,0.0,9.627350521087646,True,False,0,0,0,health_zero_fatigue,73,0.8,0.25333333333333335,7.0,7.469447326660155,60,120,13,23,0,43.200000000000074,107.99999999999969,3.600000000000002,5.572649478912353,6.0,0.0,0,seed_20095.jsonl.gz
20096,standard,standard,0.8977777777777778,0.36444444444444446,2,True,coverage,133,106,27,84,68,16,0,0,0,0,0,0,10,0.0,9.875104570388793,True,False,0,0,0,health_zero_fatigue,84,0.8088888888888889,0.26666666666666666,4.0,7.894638586044308,69,37,15,12,0,26.599999999999937,63.60000000000011,2.700000000000001,7.224895429611207,0.0,0.0,0,seed_20096.jsonl.gz
20097,standard,standard,0.9955555555555555,0.6088888888888889,2,True,coverage,204,167,37,79,57,22,28,3,0,122,0,3,16,0.0,9.916215658187863,True,False,0,0,0,health_zero_fatigue,73,0.8133333333333334,0.2222222222222222,7.0,4.818385601043703,58,109,15,22,0,40.80000000000004,100.19999999999976,3.700000000000002,15.383784341812133,6.0,0.0,0,seed_20097.jsonl.gz
20098,standard,standard,1.0,0.6577777777777778,2,True,coverage,217,175,42,75,39,36,54,5,0,218,0,3,16,0.0,9.414818191528319,True,False,0,0,0,health_zero_fatigue,46,0.8,0.18222222222222223,7.0,6.2,40,135,6,36,0,43.40000000000008,104.99999999999972,4.200000000000001,7.985181808471679,6.0,0.0,0,seed_20098.jsonl.gz
20099,standard,standard,0.9911111111111112,0.6711111111111111,2,True,coverage,209,172,37,72,42,30,39,4,0,155,0,3,16,0.0,9.807719564437859,True,False,0,0,0,health_zero_fatigue,50,0.8177777777777778,0.18666666666666668,7.0,2.5591802597045916,43,129,7,30,0,41.800000000000054,103.19999999999973,3.700000000000002,11.492280435562128,6.0,0.0,0,seed_20099.jsonl.gz
