episode,global_step,epsilon,reward,coverage,final_health,length,new_tile_rate,revisit_rate,wall_hit_rate,turn_streak_rate,hazard_contact_rate,seen_coverage,center_seen_coverage,action_forward_rate,action_left_rate,action_right_rate,max_no_new_tile_streak,stagnation_step_rate,coverage_gain_25,energy_spent,coverage_gain_per_energy,new_tiles_per_energy,obs_novelty_mean,turn_oscillation_rate,forward_after_turn_success_rate,coverage_at_step_50,coverage_at_step_100,coverage_at_step_150,seen_at_step_50,seen_at_step_100,seen_at_step_150,center_seen_at_step_50,center_seen_at_step_100,center_seen_at_step_150,mean_loss,mean_q_loss,mean_aux_loss,aux_weight,eval_reward_mean,eval_coverage_mean,eval_final_health_mean,eval_length_mean,eval_survival_rate,eval_death_rate,eval_new_tile_rate_mean,eval_revisit_rate_mean,eval_wall_hit_rate_mean,eval_turn_streak_rate_mean,eval_hazard_contact_rate_mean,eval_seen_coverage_mean,eval_center_seen_coverage_mean,eval_action_forward_rate_mean,eval_action_left_rate_mean,eval_action_right_rate_mean,eval_max_no_new_tile_streak_mean,eval_stagnation_step_rate_mean,eval_coverage_gain_25_mean,eval_energy_spent_mean,eval_coverage_gain_per_energy_mean,eval_new_tiles_per_energy_mean,eval_obs_novelty_mean_mean,eval_turn_oscillation_rate_mean,eval_forward_after_turn_success_rate_mean,eval_coverage_at_step_50_mean,eval_coverage_at_step_100_mean,eval_coverage_at_step_150_mean,eval_seen_at_step_50_mean,eval_seen_at_step_100_mean,eval_seen_at_step_150_mean,eval_center_seen_at_step_50_mean,eval_center_seen_at_step_100_mean,eval_center_seen_at_step_150_mean,holdout_eval_reward_mean,holdout_eval_coverage_mean,holdout_eval_final_health_mean,holdout_eval_length_mean,holdout_eval_survival_rate,holdout_eval_death_rate,holdout_eval_new_tile_rate_mean,holdout_eval_revisit_rate_mean,holdout_eval_wall_hit_rate_mean,holdout_eval_turn_streak_rate_mean,holdout_eval_hazard_contact_rate_mean,holdout_eval_seen_coverage_mean,holdout_eval_center_seen_coverage_mean,holdout_eval_action_forward_rate_mean,holdout_eval_action_left_rate_mean,holdout_eval_action_right_rate_mean,holdout_eval_max_no_new_tile_streak_mean,holdout_eval_stagnation_step_rate_mean,holdout_eval_coverage_gain_25_mean,holdout_eval_energy_spent_mean,holdout_eval_coverage_gain_per_energy_mean,holdout_eval_new_tiles_per_energy_mean,holdout_eval_obs_novelty_mean_mean,holdout_eval_turn_oscillation_rate_mean,holdout_eval_forward_after_turn_success_rate_mean,holdout_eval_coverage_at_step_50_mean,holdout_eval_coverage_at_step_100_mean,holdout_eval_coverage_at_step_150_mean,holdout_eval_seen_at_step_50_mean,holdout_eval_seen_at_step_100_mean,holdout_eval_seen_at_step_150_mean,holdout_eval_center_seen_at_step_50_mean,holdout_eval_center_seen_at_step_100_mean,holdout_eval_center_seen_at_step_150_mean,eval_soft_score
1,183,0.9980683333333333,-2.4799193639755246,0.36444444444444446,0,183,0.4426229508196721,0.14207650273224043,0.0,0.1366120218579235,0.0,0.9022222222222223,0.9526627218934911,0.5846994535519126,0.20218579234972678,0.21311475409836064,17.0,0.1366120218579235,0.0532638888888889,120.06589870452862,0.0029983534366067395,0.6746295232365163,0.9983994906075768,0.00546448087431694,0.6666666666666666,0.14666666666666667,0.24444444444444444,0.3022222222222222,0.6,0.7822222222222223,0.8755555555555555,0.727810650887574,0.863905325443787,0.9349112426035503,0.0,0.0,0.0,0.149875,-471.7,0.0044444444444444444,3.0,250.0,1.0,0.0,0.0,0.0,0.0,0.9960000000000001,0.0,0.11111111111111112,0.14792899408284027,0.0,0.0,1.0,250.0,0.9800000000000001,0.0,74.99999999999964,0.0,0.0,0.2411092147648631,0.0,0.0,0.0044444444444444444,0.0044444444444444444,0.0044444444444444444,0.11111111111111112,0.11111111111111112,0.11111111111111112,0.14792899408284027,0.14792899408284027,0.14792899408284027,-443.98332876539223,0.0044444444444444444,2.7,240.7,0.9,0.1,0.0,0.0,0.0,0.9957630573248408,0.0,0.11111111111111112,0.14792899408284027,0.0,0.0,1.0,240.7,0.9788152866242038,0.0,77.53932157516451,0.0,0.0,0.247009682888193,0.0,0.0,0.0044444444444444444,0.0044444444444444444,0.0044444444444444444,0.11111111111111112,0.11111111111111112,0.11111111111111112,0.14792899408284027,0.14792899408284027,0.14792899408284027,0.22780802103879028
2,419,0.9955772222222222,-3.263947676897047,0.44,0,236,0.4152542372881356,0.09322033898305085,0.0,0.19915254237288135,0.0,0.8844444444444445,0.9763313609467456,0.5084745762711864,0.2542372881355932,0.23728813559322035,18.0,0.11440677966101695,0.043555555555555556,140.74235882759098,0.0030947012625325543,0.6963077840698246,0.984370994863863,0.0423728813559322,0.7246376811594203,0.14222222222222222,0.26666666666666666,0.3688888888888889,0.6444444444444445,0.8222222222222222,0.8577777777777778,0.7810650887573964,0.9644970414201184,0.9704142011834319,0.0,0.0,0.0,0.14975,nan,nan,nan,nan,nan,nan,nan,nan,nan,nan,nan,nan,nan,nan,nan,nan,nan,nan,nan,nan,nan,nan,nan,nan,nan,nan,nan,nan,nan,nan,nan,nan,nan,nan,nan,nan,nan,nan,nan,nan,nan,nan,nan,nan,nan,nan,nan,nan,nan,nan,nan,nan,nan,nan,nan,nan,nan,nan,nan,nan,nan,nan,nan,nan,nan,nan,nan,nan,nan
3,597,0.9936983333333334,-2.2651761813163733,0.3422222222222222,0,178,0.42696629213483145,0.11235955056179775,0.0,0.15730337078651685,0.0,0.6444444444444445,0.6686390532544378,0.5393258426966292,0.2303370786516854,0.2303370786516854,24.0,0.11797752808988764,0.04222222222222222,110.02072553634619,0.0030701286155960707,0.6907789385091159,0.9917726623928808,0.02247191011235955,0.7735849056603774,0.14222222222222222,0.24444444444444444,0.3333333333333333,0.4666666666666667,0.5733333333333334,0.6444444444444445,0.5029585798816568,0.5976331360946746,0.6686390532544378,0.0,0.0,0.0,0.149625,nan,nan,nan,nan,nan,nan,nan,nan,nan,nan,nan,nan,nan,nan,nan,nan,nan,nan,nan,nan,nan,nan,nan,nan,nan,nan,nan,nan,nan,nan,nan,nan,nan,nan,nan,nan,nan,nan,nan,nan,nan,nan,nan,nan,nan,nan,nan,nan,nan,nan,nan,nan,nan,nan,nan,nan,nan,nan,nan,nan,nan,nan,nan,nan,nan,nan,nan,nan,nan
4,793,0.9916294444444445,-1.5793269927501672,0.39111111111111113,0,196,0.44387755102040816,0.12244897959183673,0.0,0.11734693877551021,0.0,0.8222222222222222,0.893491124260355,0.5663265306122449,0.18877551020408162,0.24489795918367346,27.0,0.14795918367346939,0.04865079365079365,120.3173999309537,0.0032137219295676465,0.7230874341527204,0.9970112936855771,0.00510204081632653,0.7258064516129032,0.1111111111111111,0.18666666666666668,0.31555555555555553,0.4222222222222222,0.6355555555555555,0.7555555555555555,0.5621301775147929,0.7692307692307693,0.834319526627219,0.0,0.0,0.0,0.1495,nan,nan,nan,nan,nan,nan,nan,nan,nan,nan,nan,nan,nan,nan,nan,nan,nan,nan,nan,nan,nan,nan,nan,nan,nan,nan,nan,nan,nan,nan,nan,nan,nan,nan,nan,nan,nan,nan,nan,nan,nan,nan,nan,nan,nan,nan,nan,nan,nan,nan,nan,nan,nan,nan,nan,nan,nan,nan,nan,nan,nan,nan,nan,nan,nan,nan,nan,nan,nan
5,1043,0.9889905555555556,0.19641402959823756,0.5155555555555555,1,250,0.46,0.096,0.0,0.14,0.0,0.9022222222222223,0.9467455621301775,0.556,0.232,0.212,8.0,0.032,0.05111111111111111,153.89129495620756,0.003321247710967385,0.7472807349676618,0.9959662553262509,0.02,0.7733333333333333,0.10666666666666667,0.19555555555555557,0.29333333333333333,0.4177777777777778,0.5955555555555555,0.7111111111111111,0.5207100591715976,0.6686390532544378,0.7692307692307693,0.0,0.0,0.0,0.149375,nan,nan,nan,nan,nan,nan,nan,nan,nan,nan,nan,nan,nan,nan,nan,nan,nan,nan,nan,nan,nan,nan,nan,nan,nan,nan,nan,nan,nan,nan,nan,nan,nan,nan,nan,nan,nan,nan,nan,nan,nan,nan,nan,nan,nan,nan,nan,nan,nan,nan,nan,nan,nan,nan,nan,nan,nan,nan,nan,nan,nan,nan,nan,nan,nan,nan,nan,nan,nan
6,1207,0.9872594444444445,-0.6741422848701467,0.3688888888888889,0,164,0.5,0.10365853658536585,0.0,0.12804878048780488,0.0,0.8266666666666667,0.9112426035502958,0.6036585365853658,0.22560975609756098,0.17073170731707318,17.0,0.0975609756097561,0.05455782312925169,100.09659318923924,0.0036409275563998277,0.8192087001899612,0.9892843944336543,0.0,0.7441860465116279,0.13333333333333333,0.27555555555555555,0.3466666666666667,0.4888888888888889,0.7688888888888888,0.8177777777777778,0.5384615384615384,0.8520710059171598,0.9053254437869822,0.0,0.0,0.0,0.14925,nan,nan,nan,nan,nan,nan,nan,nan,nan,nan,nan,nan,nan,nan,nan,nan,nan,nan,nan,nan,nan,nan,nan,nan,nan,nan,nan,nan,nan,nan,nan,nan,nan,nan,nan,nan,nan,nan,nan,nan,nan,nan,nan,nan,nan,nan,nan,nan,nan,nan,nan,nan,nan,nan,nan,nan,nan,nan,nan,nan,nan,nan,nan,nan,nan,nan,nan,nan,nan
7,1416,0.9850533333333333,-1.1087057638168336,0.40444444444444444,0,209,0.430622009569378,0.11483253588516747,0.0,0.1339712918660287,0.0,0.7155555555555555,0.757396449704142,0.5454545454545454,0.24880382775119617,0.20574162679425836,18.0,0.10047846889952153,0.04707818930041152,120.14005489349324,0.003329447454927573,0.749125677358704,0.9957957911175104,0.009569377990430622,0.6818181818181818,0.1111111111111111,0.2222222222222222,0.3244444444444444,0.4311111111111111,0.5911111111111111,0.6755555555555556,0.5384615384615384,0.6627218934911243,0.7396449704142012,0.0,0.0,0.0,0.149125,nan,nan,nan,nan,nan,nan,nan,nan,nan,nan,nan,nan,nan,nan,nan,nan,nan,nan,nan,nan,nan,nan,nan,nan,nan,nan,nan,nan,nan,nan,nan,nan,nan,nan,nan,nan,nan,nan,nan,nan,nan,nan,nan,nan,nan,nan,nan,nan,nan,nan,nan,nan,nan,nan,nan,nan,nan,nan,nan,nan,nan,nan,nan,nan,nan,nan,nan,nan,nan
8,1666,0.9824144444444445,-1.7825032801628118,0.39555555555555555,2,250,0.352,0.128,0.0,0.22,0.0,0.7155555555555555,0.757396449704142,0.48,0.268,0.252,18.0,0.152,0.03911111111111111,140.78574552535986,0.0027780590261580135,0.6250632808855531,0.994142135623731,0.024,0.6756756756756757,0.1111111111111111,0.2088888888888889,0.25333333333333335,0.4177777777777778,0.5511111111111111,0.56,0.4556213017751479,0.5798816568047337,0.5798816568047337,0.0,0.0,0.0,0.149,nan,nan,nan,nan,nan,nan,nan,nan,nan,nan,nan,nan,nan,nan,nan,nan,nan,nan,nan,nan,nan,nan,nan,nan,nan,nan,nan,nan,nan,nan,nan,nan,nan,nan,nan,nan,nan,nan,nan,nan,nan,nan,nan,nan,nan,nan,nan,nan,nan,nan,nan,nan,nan,nan,nan,nan,nan,nan,nan,nan,nan,nan,nan,nan,nan,nan,nan,nan,nan
9,1853,0.9804405555555555,-4.0783043475151075,0.31555555555555553,0,187,0.37433155080213903,0.13368983957219252,0.0,0.18181818181818182,0.0,0.8622222222222222,0.9112426035502958,0.5080213903743316,0.22994652406417113,0.2620320855614973,26.0,0.23529411764705882,0.03888888888888889,120.440993785858,0.0025830998344655086,0.5811974627547394,0.9852096498325241,0.0213903743315508,0.6379310344827587,0.13333333333333333,0.22666666666666666,0.29333333333333333,0.49777777777777776,0.7244444444444444,0.8533333333333334,0.5502958579881657,0.8284023668639053,0.8994082840236687,0.0,0.0,0.0,0.148875,nan,nan,nan,nan,nan,nan,nan,nan,nan,nan,nan,nan,nan,nan,nan,nan,nan,nan,nan,nan,nan,nan,nan,nan,nan,nan,nan,nan,nan,nan,nan,nan,nan,nan,nan,nan,nan,nan,nan,nan,nan,nan,nan,nan,nan,nan,nan,nan,nan,nan,nan,nan,nan,nan,nan,nan,nan,nan,nan,nan,nan,nan,nan,nan,nan,nan,nan,nan,nan
10,2026,0.9786144444444445,-1.3674953525066378,0.3377777777777778,0,173,0.43352601156069365,0.10982658959537572,0.0,0.15606936416184972,0.0,0.7955555555555556,0.893491124260355,0.5433526011560693,0.2832369942196532,0.17341040462427745,19.0,0.08670520231213873,0.048281573498964815,100.09043192863436,0.0033303216592271666,0.7493223733261124,0.9788702590809162,0.017341040462427744,0.6862745098039216,0.09333333333333334,0.21333333333333335,0.28444444444444444,0.3466666666666667,0.6355555555555555,0.72,0.46153846153846156,0.8106508875739645,0.8461538461538461,0.0,0.0,0.0,0.14875,nan,nan,nan,nan,nan,nan,nan,nan,nan,nan,nan,nan,nan,nan,nan,nan,nan,nan,nan,nan,nan,nan,nan,nan,nan,nan,nan,nan,nan,nan,nan,nan,nan,nan,nan,nan,nan,nan,nan,nan,nan,nan,nan,nan,nan,nan,nan,nan,nan,nan,nan,nan,nan,nan,nan,nan,nan,nan,nan,nan,nan,nan,nan,nan,nan,nan,nan,nan,nan
11,2251,0.9762394444444444,-3.1078253240585347,0.40444444444444444,0,225,0.4,0.12,0.0,0.16,0.0,0.8088888888888889,0.9112426035502958,0.52,0.26222222222222225,0.21777777777777776,14.0,0.10666666666666667,0.044444444444444446,130.64595546722379,0.003061709783280289,0.688884701238065,0.9875121530858312,0.02666666666666667,0.7083333333333334,0.11555555555555555,0.2222222222222222,0.2577777777777778,0.4177777777777778,0.5777777777777777,0.6,0.47928994082840237,0.6449704142011834,0.6449704142011834,0.0,0.0,0.0,0.148625,nan,nan,nan,nan,nan,nan,nan,nan,nan,nan,nan,nan,nan,nan,nan,nan,nan,nan,nan,nan,nan,nan,nan,nan,nan,nan,nan,nan,nan,nan,nan,nan,nan,nan,nan,nan,nan,nan,nan,nan,nan,nan,nan,nan,nan,nan,nan,nan,nan,nan,nan,nan,nan,nan,nan,nan,nan,nan,nan,nan,nan,nan,nan,nan,nan,nan,nan,nan,nan
12,2441,0.9742338888888888,-1.731829725742339,0.39111111111111113,0,190,0.45789473684210524,0.1368421052631579,0.0,0.12105263157894737,0.0,0.9155555555555556,0.9881656804733728,0.5947368421052631,0.21578947368421053,0.18947368421052632,18.0,0.1368421052631579,0.050555555555555555,120.73171167373634,0.00320269348712283,0.7206060346026366,0.9916093547049255,0.015789473684210527,0.6851851851851852,0.14666666666666667,0.2577777777777778,0.3422222222222222,0.5333333333333333,0.8177777777777778,0.9066666666666666,0.5502958579881657,0.8875739644970414,0.9881656804733728,0.0,0.0,0.0,0.1485,nan,nan,nan,nan,nan,nan,nan,nan,nan,nan,nan,nan,nan,nan,nan,nan,nan,nan,nan,nan,nan,nan,nan,nan,nan,nan,nan,nan,nan,nan,nan,nan,nan,nan,nan,nan,nan,nan,nan,nan,nan,nan,nan,nan,nan,nan,nan,nan,nan,nan,nan,nan,nan,nan,nan,nan,nan,nan,nan,nan,nan,nan,nan,nan,nan,nan,nan,nan,nan
13,2660,0.9719222222222222,-2.6131419067382806,0.39111111111111113,0,219,0.3972602739726027,0.1278538812785388,0.0,0.1461187214611872,0.0,0.7822222222222223,0.8284023668639053,0.5251141552511416,0.228310502283105,0.2465753424657534,24.0,0.1780821917808219,0.0445224171539961,130.51563720703086,0.0029626079674523248,0.666586792676773,0.9861858059118183,0.0091324200913242,0.6388888888888888,0.12,0.2577777777777778,0.28888888888888886,0.49333333333333335,0.7688888888888888,0.7688888888888888,0.5207100591715976,0.8165680473372781,0.8165680473372781,0.0,0.0,0.0,0.148375,nan,nan,nan,nan,nan,nan,nan,nan,nan,nan,nan,nan,nan,nan,nan,nan,nan,nan,nan,nan,nan,nan,nan,nan,nan,nan,nan,nan,nan,nan,nan,nan,nan,nan,nan,nan,nan,nan,nan,nan,nan,nan,nan,nan,nan,nan,nan,nan,nan,nan,nan,nan,nan,nan,nan,nan,nan,nan,nan,nan,nan,nan,nan,nan,nan,nan,nan,nan,nan
14,2833,0.9700961111111112,-1.8669377520084365,0.38666666666666666,0,173,0.49710982658959535,0.05202312138728324,0.0,0.15028901734104047,0.0,0.9022222222222223,0.9289940828402367,0.5491329479768786,0.21965317919075145,0.23121387283236994,14.0,0.07514450867052024,0.05543133195307108,110.3708357334136,0.003463072646703793,0.7791913455083535,0.9796224941889489,0.028901734104046242,0.8846153846153846,0.13777777777777778,0.2,0.32,0.6222222222222222,0.7688888888888888,0.8933333333333333,0.6627218934911243,0.8284023668639053,0.9289940828402367,0.0,0.0,0.0,0.14825,nan,nan,nan,nan,nan,nan,nan,nan,nan,nan,nan,nan,nan,nan,nan,nan,nan,nan,nan,nan,nan,nan,nan,nan,nan,nan,nan,nan,nan,nan,nan,nan,nan,nan,nan,nan,nan,nan,nan,nan,nan,nan,nan,nan,nan,nan,nan,nan,nan,nan,nan,nan,nan,nan,nan,nan,nan,nan,nan,nan,nan,nan,nan,nan,nan,nan,nan,nan,nan
15,2981,0.9685338888888889,-3.5755276398658777,0.26666666666666666,0,148,0.39864864864864863,0.12162162162162163,0.0,0.14864864864864866,0.0,0.6488888888888888,0.7869822485207101,0.5202702702702703,0.25,0.22972972972972974,14.0,0.12162162162162163,0.044476650563607084,100.11931085586544,0.0026190973547523186,0.5892969048192715,0.9931862421051536,0.013513513513513514,0.6666666666666666,0.1288888888888889,0.18222222222222223,nan,0.47555555555555556,0.5377777777777778,nan,0.5857988165680473,0.6390532544378699,nan,0.0,0.0,0.0,0.148125,nan,nan,nan,nan,nan,nan,nan,nan,nan,nan,nan,nan,nan,nan,nan,nan,nan,nan,nan,nan,nan,nan,nan,nan,nan,nan,nan,nan,nan,nan,nan,nan,nan,nan,nan,nan,nan,nan,nan,nan,nan,nan,nan,nan,nan,nan,nan,nan,nan,nan,nan,nan,nan,nan,nan,nan,nan,nan,nan,nan,nan,nan,nan,nan,nan,nan,nan,nan,nan
16,3189,0.9663383333333333,-2.208042788028717,0.35555555555555557,0,208,0.3798076923076923,0.1346153846153846,0.0,0.13942307692307693,0.0,0.7466666666666667,0.8047337278106509,0.5144230769230769,0.1875,0.2980769230769231,20.0,0.16826923076923078,0.0421604938271605,120.00040750503507,0.002925915989880109,0.6583310977230244,0.9895191872899468,0.009615384615384616,0.6805555555555556,0.09777777777777778,0.21777777777777776,0.28444444444444444,0.39555555555555555,0.6444444444444445,0.7111111111111111,0.48520710059171596,0.7751479289940828,0.8047337278106509,0.0,0.0,0.0,0.148,nan,nan,nan,nan,nan,nan,nan,nan,nan,nan,nan,nan,nan,nan,nan,nan,nan,nan,nan,nan,nan,nan,nan,nan,nan,nan,nan,nan,nan,nan,nan,nan,nan,nan,nan,nan,nan,nan,nan,nan,nan,nan,nan,nan,nan,nan,nan,nan,nan,nan,nan,nan,nan,nan,nan,nan,nan,nan,nan,nan,nan,nan,nan,nan,nan,nan,nan,nan,nan
17,3439,0.9636994444444444,-1.2867345130443555,0.41333333333333333,2,250,0.368,0.132,0.0,0.204,0.0,0.7111111111111111,0.7692307692307693,0.5,0.2,0.3,31.0,0.236,0.040888888888888884,142.30223345756517,0.0028733834947911796,0.6465112863280154,0.9953137084989848,0.02,0.5945945945945946,0.12,0.18666666666666668,0.22666666666666666,0.4488888888888889,0.4888888888888889,0.5244444444444445,0.5325443786982249,0.5739644970414202,0.5857988165680473,0.0,0.0,0.0,0.147875,nan,nan,nan,nan,nan,nan,nan,nan,nan,nan,nan,nan,nan,nan,nan,nan,nan,nan,nan,nan,nan,nan,nan,nan,nan,nan,nan,nan,nan,nan,nan,nan,nan,nan,nan,nan,nan,nan,nan,nan,nan,nan,nan,nan,nan,nan,nan,nan,nan,nan,nan,nan,nan,nan,nan,nan,nan,nan,nan,nan,nan,nan,nan,nan,nan,nan,nan,nan,nan
18,3659,0.9613772222222222,-4.0106901383399975,0.3111111111111111,0,220,0.31363636363636366,0.2,0.0,0.15454545454545454,0.0,0.6755555555555556,0.7396449704142012,0.5136363636363637,0.22272727272727272,0.2636363636363636,30.0,0.33636363636363636,0.03407407407407407,130.6256203651426,0.0023476762507188874,0.5282271564117496,0.982254599264763,0.00909090909090909,0.4931506849315068,0.12444444444444444,0.17333333333333334,0.28,0.39111111111111113,0.4266666666666667,0.6755555555555556,0.4437869822485207,0.46153846153846156,0.7396449704142012,0.0,0.0,0.0,0.14775,nan,nan,nan,nan,nan,nan,nan,nan,nan,nan,nan,nan,nan,nan,nan,nan,nan,nan,nan,nan,nan,nan,nan,nan,nan,nan,nan,nan,nan,nan,nan,nan,nan,nan,nan,nan,nan,nan,nan,nan,nan,nan,nan,nan,nan,nan,nan,nan,nan,nan,nan,nan,nan,nan,nan,nan,nan,nan,nan,nan,nan,nan,nan,nan,nan,nan,nan,nan,nan
19,3820,0.9596777777777777,-3.0221710567474362,0.28,0,161,0.38509316770186336,0.13043478260869565,0.0,0.14906832298136646,0.0,0.6755555555555556,0.7928994082840237,0.515527950310559,0.2484472049689441,0.2360248447204969,11.0,0.08074534161490683,0.04017316017316018,100.43972434997544,0.002743491754272452,0.6172856447113015,1.0,0.012422360248447204,0.6792452830188679,0.11555555555555555,0.17777777777777778,0.27555555555555555,0.4533333333333333,0.5288888888888889,0.6755555555555556,0.5680473372781065,0.6094674556213018,0.7928994082840237,0.0,0.0,0.0,0.147625,nan,nan,nan,nan,nan,nan,nan,nan,nan,nan,nan,nan,nan,nan,nan,nan,nan,nan,nan,nan,nan,nan,nan,nan,nan,nan,nan,nan,nan,nan,nan,nan,nan,nan,nan,nan,nan,nan,nan,nan,nan,nan,nan,nan,nan,nan,nan,nan,nan,nan,nan,nan,nan,nan,nan,nan,nan,nan,nan,nan,nan,nan,nan,nan,nan,nan,nan,nan,nan
20,4062,0.9571233333333333,-2.402203511714935,0.49777777777777776,0,242,0.45867768595041325,0.0743801652892562,0.0,0.19008264462809918,0.0,0.9777777777777777,1.0,0.5330578512396694,0.21487603305785125,0.25206611570247933,16.0,0.06611570247933884,0.05016993464052287,150.28765249252345,0.003282593913414649,0.738583630518296,0.9951587897716786,0.02066115702479339,0.7878787878787878,0.1511111111111111,0.24444444444444444,0.32,0.7155555555555555,0.7822222222222223,0.8177777777777778,0.7928994082840237,0.8284023668639053,0.863905325443787,0.029159068875014783,0.009547390975058079,0.1329605333507061,0.1475,-65.81592469451428,0.035555555555555556,0.0,108.4,0.0,1.0,0.07063109452736319,0.0,0.9293689054726368,0.0,0.0032782515991471215,0.22222222222222224,0.2662721893491124,1.0,0.0,0.0,101.4,0.8789181236673775,0.006585185185185184,95.77642566204055,0.0003293825679460758,0.07411107778786705,0.26902344404617884,0.0,0.0,0.035555555555555556,0.035555555555555556,nan,0.22222222222222224,0.22222222222222218,nan,0.2662721893491124,0.26627218934911245,nan,-59.75608350169658,0.035555555555555556,0.0,103.3,0.0,1.0,0.07287276477297491,0.0,0.927127235227025,0.0,0.00418579179296467,0.22222222222222224,0.2662721893491124,1.0,0.0,0.0,96.3,0.8750752603891858,0.006844444444444445,91.68841430187219,0.00034825944822670354,0.07835837585100829,0.27268119833945004,0.0,0.0,0.035555555555555556,0.035555555555555556,nan,0.22222222222222224,0.2222222222222222,nan,0.2662721893491124,0.26627218934911245,nan,0.3861433267587114
21,4224,0.9554133333333333,-1.8518088717460635,0.3244444444444444,0,162,0.4444444444444444,0.10493827160493827,0.0,0.13580246913580246,0.0,0.76,0.8461538461538461,0.5493827160493827,0.21604938271604937,0.2345679012345679,13.0,0.10493827160493827,0.045714285714285714,100.04579877853377,0.0031985351099886516,0.7196703997474466,0.9937750853800168,0.012345679012345678,0.7647058823529411,0.13333333333333333,0.22666666666666666,0.3244444444444444,0.47555555555555556,0.6844444444444444,0.76,0.6331360946745562,0.834319526627219,0.8461538461538461,0.026163016445934772,0.006938601890578866,0.13044555857777596,0.147375,nan,nan,nan,nan,nan,nan,nan,nan,nan,nan,nan,nan,nan,nan,nan,nan,nan,nan,nan,nan,nan,nan,nan,nan,nan,nan,nan,nan,nan,nan,nan,nan,nan,nan,nan,nan,nan,nan,nan,nan,nan,nan,nan,nan,nan,nan,nan,nan,nan,nan,nan,nan,nan,nan,nan,nan,nan,nan,nan,nan,nan,nan,nan,nan,nan,nan,nan,nan,nan
22,4418,0.9533655555555556,-1.9923405828475933,0.37777777777777777,0,194,0.4329896907216495,0.12886597938144329,0.0,0.11855670103092783,0.0,0.8177777777777778,0.9053254437869822,0.5618556701030928,0.17525773195876287,0.26288659793814434,25.0,0.14948453608247422,0.04842105263157895,120.65086269378634,0.0030943279227174597,0.6962237826114285,0.9984902411401368,0.0,0.6935483870967742,0.14666666666666667,0.17333333333333334,0.28,0.5066666666666667,0.5155555555555555,0.7955555555555556,0.6153846153846154,0.621301775147929,0.8994082840236687,0.025809741392731667,0.006456572888419032,0.13143068924546242,0.14725,nan,nan,nan,nan,nan,nan,nan,nan,nan,nan,nan,nan,nan,nan,nan,nan,nan,nan,nan,nan,nan,nan,nan,nan,nan,nan,nan,nan,nan,nan,nan,nan,nan,nan,nan,nan,nan,nan,nan,nan,nan,nan,nan,nan,nan,nan,nan,nan,nan,nan,nan,nan,nan,nan,nan,nan,nan,nan,nan,nan,nan,nan,nan,nan,nan,nan,nan,nan,nan
23,4621,0.9512227777777778,-2.872337136745452,0.3333333333333333,0,203,0.3645320197044335,0.17733990147783252,0.0,0.1724137931034483,0.0,0.7022222222222222,0.7633136094674556,0.541871921182266,0.270935960591133,0.18719211822660098,52.0,0.2413793103448276,0.03654320987654321,120.27940130233732,0.002734374176524088,0.6152341897179198,0.975419829559709,0.009852216748768473,0.5689655172413793,0.13777777777777778,0.21333333333333335,0.3288888888888889,0.5866666666666667,0.6088888888888889,0.7022222222222222,0.7100591715976331,0.7337278106508875,0.7633136094674556,0.02594552729278803,0.007109074061736465,0.12803026512265206,0.147125,nan,nan,nan,nan,nan,nan,nan,nan,nan,nan,nan,nan,nan,nan,nan,nan,nan,nan,nan,nan,nan,nan,nan,nan,nan,nan,nan,nan,nan,nan,nan,nan,nan,nan,nan,nan,nan,nan,nan,nan,nan,nan,nan,nan,nan,nan,nan,nan,nan,nan,nan,nan,nan,nan,nan,nan,nan,nan,nan,nan,nan,nan,nan,nan,nan,nan,nan,nan,nan
24,4806,0.9492700000000001,-1.0623276765346534,0.4177777777777778,0,185,0.5027027027027027,0.10810810810810811,0.0,0.10810810810810811,0.0,0.9511111111111111,0.9881656804733728,0.6108108108108108,0.20540540540540542,0.1837837837837838,11.0,0.0918918918918919,0.05666666666666667,120.26026358604405,0.003436990083075952,0.773322768692089,0.9834665475668573,0.0,0.7115384615384616,0.1288888888888889,0.23555555555555555,0.3466666666666667,0.4311111111111111,0.6266666666666667,0.8622222222222222,0.4911242603550296,0.6923076923076923,0.9289940828402367,0.026337972097098827,0.006720677157863975,0.1334509879350662,0.147,nan,nan,nan,nan,nan,nan,nan,nan,nan,nan,nan,nan,nan,nan,nan,nan,nan,nan,nan,nan,nan,nan,nan,nan,nan,nan,nan,nan,nan,nan,nan,nan,nan,nan,nan,nan,nan,nan,nan,nan,nan,nan,nan,nan,nan,nan,nan,nan,nan,nan,nan,nan,nan,nan,nan,nan,nan,nan,nan,nan,nan,nan,nan,nan,nan,nan,nan,nan,nan
25,5009,0.9471272222222222,-2.2255130848884566,0.39555555555555555,0,203,0.43349753694581283,0.14285714285714285,0.0,0.09852216748768473,0.0,0.8311111111111111,0.9289940828402367,0.5763546798029556,0.2315270935960591,0.1921182266009852,19.0,0.15270935960591134,0.04345679012345679,130.3572674751279,0.0030003015457940223,0.675067847803655,0.9935895104076318,0.0049261083743842365,0.6818181818181818,0.10666666666666667,0.21333333333333335,0.3022222222222222,0.38666666666666666,0.6311111111111111,0.7422222222222222,0.4260355029585799,0.7041420118343196,0.834319526627219,0.024431932345032693,0.006778462138026953,0.1201938472688198,0.146875,nan,nan,nan,nan,nan,nan,nan,nan,nan,nan,nan,nan,nan,nan,nan,nan,nan,nan,nan,nan,nan,nan,nan,nan,nan,nan,nan,nan,nan,nan,nan,nan,nan,nan,nan,nan,nan,nan,nan,nan,nan,nan,nan,nan,nan,nan,nan,nan,nan,nan,nan,nan,nan,nan,nan,nan,nan,nan,nan,nan,nan,nan,nan,nan,nan,nan,nan,nan,nan
26,5184,0.94528,-1.0569440960884087,0.38666666666666666,0,175,0.49142857142857144,0.10285714285714286,0.0,0.11428571428571428,0.0,0.8088888888888889,0.863905325443787,0.5942857142857143,0.21142857142857144,0.19428571428571428,13.0,0.05714285714285714,0.0546031746031746,110.4947056770322,0.00345919037369473,0.7783178340813143,0.9880330136796331,0.005714285714285714,0.7254901960784313,0.13333333333333333,0.24888888888888888,0.36,0.5377777777777778,0.7288888888888889,0.8088888888888889,0.6094674556213018,0.7869822485207101,0.863905325443787,0.020141354016959667,0.0063921964261680845,0.09369102157652379,0.14675,nan,nan,nan,nan,nan,nan,nan,nan,nan,nan,nan,nan,nan,nan,nan,nan,nan,nan,nan,nan,nan,nan,nan,nan,nan,nan,nan,nan,nan,nan,nan,nan,nan,nan,nan,nan,nan,nan,nan,nan,nan,nan,nan,nan,nan,nan,nan,nan,nan,nan,nan,nan,nan,nan,nan,nan,nan,nan,nan,nan,nan,nan,nan,nan,nan,nan,nan,nan,nan
27,5404,0.9429577777777778,-1.2924016304016113,0.48444444444444446,0,220,0.4909090909090909,0.08636363636363636,0.0,0.12272727272727273,0.0,0.8711111111111111,0.8875739644970414,0.5772727272727273,0.20909090909090908,0.21363636363636362,9.0,0.05909090909090909,0.05432098765432099,140.68953933715795,0.0034117675149230213,0.7676476908576797,0.9986686671872116,0.004545454545454545,0.8181818181818182,0.14222222222222222,0.24,0.3422222222222222,0.48444444444444446,0.6622222222222223,0.8622222222222222,0.5976331360946746,0.7100591715976331,0.8875739644970414,0.016341656539589168,0.006142909219488501,0.06955667585134506,0.146625,nan,nan,nan,nan,nan,nan,nan,nan,nan,nan,nan,nan,nan,nan,nan,nan,nan,nan,nan,nan,nan,nan,nan,nan,nan,nan,nan,nan,nan,nan,nan,nan,nan,nan,nan,nan,nan,nan,nan,nan,nan,nan,nan,nan,nan,nan,nan,nan,nan,nan,nan,nan,nan,nan,nan,nan,nan,nan,nan,nan,nan,nan,nan,nan,nan,nan,nan,nan,nan
28,5554,0.9413744444444444,-1.138044100284577,0.36444444444444446,0,150,0.54,0.06666666666666667,0.013333333333333334,0.09333333333333334,0.0,0.7644444444444445,0.8224852071005917,0.62,0.24666666666666667,0.13333333333333333,5.0,0.0,0.060000000000000005,100.12422952651958,0.00359553328602292,0.8089949893551569,0.9980473785412437,0.0,0.8372093023255814,0.13777777777777778,0.24,0.36444444444444446,0.6222222222222222,0.6266666666666667,0.7644444444444445,0.6449704142011834,0.650887573964497,0.8224852071005917,0.016458713822066783,0.006030294205993414,0.07118374705314637,0.1465,nan,nan,nan,nan,nan,nan,nan,nan,nan,nan,nan,nan,nan,nan,nan,nan,nan,nan,nan,nan,nan,nan,nan,nan,nan,nan,nan,nan,nan,nan,nan,nan,nan,nan,nan,nan,nan,nan,nan,nan,nan,nan,nan,nan,nan,nan,nan,nan,nan,nan,nan,nan,nan,nan,nan,nan,nan,nan,nan,nan,nan,nan,nan,nan,nan,nan,nan,nan,nan
29,5751,0.939295,-2.167083782196045,0.37333333333333335,0,197,0.4213197969543147,0.1218274111675127,0.005076142131979695,0.1319796954314721,0.0,0.6933333333333334,0.7218934911242604,0.5482233502538071,0.2131979695431472,0.23857868020304568,9.0,0.06598984771573604,0.046414141414141415,120.42936935424773,0.0030631140133582178,0.689200653005599,0.9970264647836198,0.005076142131979695,0.6825396825396826,0.12,0.22666666666666666,0.3022222222222222,0.48444444444444446,0.6088888888888889,0.6844444444444444,0.5621301775147929,0.6745562130177515,0.7218934911242604,0.013689865544438361,0.0061851397156715395,0.05127054266631603,0.146375,nan,nan,nan,nan,nan,nan,nan,nan,nan,nan,nan,nan,nan,nan,nan,nan,nan,nan,nan,nan,nan,nan,nan,nan,nan,nan,nan,nan,nan,nan,nan,nan,nan,nan,nan,nan,nan,nan,nan,nan,nan,nan,nan,nan,nan,nan,nan,nan,nan,nan,nan,nan,nan,nan,nan,nan,nan,nan,nan,nan,nan,nan,nan,nan,nan,nan,nan,nan,nan
30,5966,0.9370255555555556,-3.311378569602966,0.30666666666666664,0,215,0.31627906976744186,0.19534883720930232,0.004651162790697674,0.18604651162790697,0.0,0.64,0.6686390532544378,0.5162790697674419,0.2558139534883721,0.22790697674418606,41.0,0.3209302325581395,0.03390946502057613,120.01312923431354,0.0025182429968321532,0.5666046742872345,0.9836524715080867,0.004651162790697674,0.5396825396825397,0.13777777777777778,0.20444444444444446,0.29333333333333333,0.4266666666666667,0.5288888888888889,0.64,0.46745562130177515,0.5502958579881657,0.6686390532544378,0.01391072515398264,0.0057414621114730835,0.0558582104742527,0.14625,nan,nan,nan,nan,nan,nan,nan,nan,nan,nan,nan,nan,nan,nan,nan,nan,nan,nan,nan,nan,nan,nan,nan,nan,nan,nan,nan,nan,nan,nan,nan,nan,nan,nan,nan,nan,nan,nan,nan,nan,nan,nan,nan,nan,nan,nan,nan,nan,nan,nan,nan,nan,nan,nan,nan,nan,nan,nan,nan,nan,nan,nan,nan,nan,nan,nan,nan,nan,nan
31,6216,0.9343866666666667,-1.68127630329132,0.47555555555555556,2,250,0.424,0.1,0.012,0.228,0.0,0.8444444444444444,0.9289940828402367,0.536,0.216,0.248,38.0,0.26,0.04711111111111112,147.63120288848887,0.0031911350845454955,0.7180053940227364,0.9438799521773714,0.048,0.6206896551724138,0.14222222222222222,0.28444444444444444,0.40444444444444444,0.5333333333333333,0.8444444444444444,0.8444444444444444,0.6094674556213018,0.9289940828402367,0.9289940828402367,0.013638640008866786,0.005503565864637494,0.05567201860249042,0.146125,nan,nan,nan,nan,nan,nan,nan,nan,nan,nan,nan,nan,nan,nan,nan,nan,nan,nan,nan,nan,nan,nan,nan,nan,nan,nan,nan,nan,nan,nan,nan,nan,nan,nan,nan,nan,nan,nan,nan,nan,nan,nan,nan,nan,nan,nan,nan,nan,nan,nan,nan,nan,nan,nan,nan,nan,nan,nan,nan,nan,nan,nan,nan,nan,nan,nan,nan,nan,nan
32,6376,0.9326977777777777,-1.6597786402702313,0.37777777777777777,0,160,0.525,0.075,0.0,0.0875,0.0,0.8888888888888888,0.9408284023668639,0.6,0.2,0.2,6.0,0.00625,0.05809523809523809,110.52170133590684,0.003377918805273069,0.7600317311864404,0.9981694173824159,0.0125,0.88,0.13333333333333333,0.23555555555555555,0.35555555555555557,0.49333333333333335,0.6844444444444444,0.8888888888888888,0.5562130177514792,0.7633136094674556,0.9408284023668639,0.013126196246594191,0.005093072121962905,0.05502140019088984,0.146,nan,nan,nan,nan,nan,nan,nan,nan,nan,nan,nan,nan,nan,nan,nan,nan,nan,nan,nan,nan,nan,nan,nan,nan,nan,nan,nan,nan,nan,nan,nan,nan,nan,nan,nan,nan,nan,nan,nan,nan,nan,nan,nan,nan,nan,nan,nan,nan,nan,nan,nan,nan,nan,nan,nan,nan,nan,nan,nan,nan,nan,nan,nan,nan,nan,nan,nan,nan,nan
33,6561,0.930745,-1.3884875934123981,0.4,0,185,0.4810810810810811,0.12972972972972974,0.0,0.0918918918918919,0.0,0.8355555555555556,0.893491124260355,0.6108108108108108,0.1891891891891892,0.2,12.0,0.08108108108108109,0.04944444444444445,120.46178660392737,0.0032836600444597712,0.7388235100034485,0.9818240434584431,0.005405405405405406,0.6181818181818182,0.15555555555555556,0.27111111111111114,0.3511111111111111,0.6666666666666666,0.8088888888888889,0.8133333333333334,0.7396449704142012,0.893491124260355,0.893491124260355,0.014119064901024103,0.0060684706550091505,0.0551883039996028,0.145875,nan,nan,nan,nan,nan,nan,nan,nan,nan,nan,nan,nan,nan,nan,nan,nan,nan,nan,nan,nan,nan,nan,nan,nan,nan,nan,nan,nan,nan,nan,nan,nan,nan,nan,nan,nan,nan,nan,nan,nan,nan,nan,nan,nan,nan,nan,nan,nan,nan,nan,nan,nan,nan,nan,nan,nan,nan,nan,nan,nan,nan,nan,nan,nan,nan,nan,nan,nan,nan
34,6751,0.9287394444444445,-1.336529256343841,0.39555555555555555,0,190,0.4631578947368421,0.14210526315789473,0.0,0.08421052631578947,0.0,0.8133333333333334,0.9408284023668639,0.6052631578947368,0.19473684210526315,0.2,10.0,0.07894736842105263,0.05,120.63361196517914,0.003242140434491883,0.7294815977606737,0.9953753702292614,0.005263157894736842,0.7966101694915254,0.13777777777777778,0.2222222222222222,0.3333333333333333,0.40444444444444444,0.64,0.7955555555555556,0.47928994082840237,0.7633136094674556,0.9230769230769231,0.013332891929894685,0.005547482706606388,0.0534161863848567,0.14575,nan,nan,nan,nan,nan,nan,nan,nan,nan,nan,nan,nan,nan,nan,nan,nan,nan,nan,nan,nan,nan,nan,nan,nan,nan,nan,nan,nan,nan,nan,nan,nan,nan,nan,nan,nan,nan,nan,nan,nan,nan,nan,nan,nan,nan,nan,nan,nan,nan,nan,nan,nan,nan,nan,nan,nan,nan,nan,nan,nan,nan,nan,nan,nan,nan,nan,nan,nan,nan
35,6995,0.9261638888888889,-3.6986278312206267,0.4088888888888889,0,244,0.3729508196721312,0.1598360655737705,0.004098360655737705,0.16393442622950818,0.0,0.8311111111111111,0.9112426035502958,0.5368852459016393,0.21311475409836064,0.25,25.0,0.1721311475409836,0.04044444444444445,150.04407458305351,0.002695504274782763,0.6064884618261216,0.993998089778413,0.012295081967213115,0.6027397260273972,0.12,0.24444444444444444,0.29333333333333333,0.49777777777777776,0.6,0.6,0.5857988165680473,0.6745562130177515,0.6745562130177515,0.013414504285901786,0.00530753917992115,0.05567014776170254,0.145625,nan,nan,nan,nan,nan,nan,nan,nan,nan,nan,nan,nan,nan,nan,nan,nan,nan,nan,nan,nan,nan,nan,nan,nan,nan,nan,nan,nan,nan,nan,nan,nan,nan,nan,nan,nan,nan,nan,nan,nan,nan,nan,nan,nan,nan,nan,nan,nan,nan,nan,nan,nan,nan,nan,nan,nan,nan,nan,nan,nan,nan,nan,nan,nan,nan,nan,nan,nan,nan
36,7182,0.9241900000000001,-0.25918013954162433,0.4488888888888889,0,187,0.5347593582887701,0.09090909090909091,0.0106951871657754,0.0748663101604278,0.0,0.8577777777777778,0.9289940828402367,0.6363636363636364,0.16042780748663102,0.20320855614973263,7.0,0.0106951871657754,0.060370370370370366,120.16362037658661,0.003698660568411458,0.832198627892578,0.9888009486306729,0.0,0.7924528301886793,0.1511111111111111,0.27555555555555555,0.37777777777777777,0.5066666666666667,0.7066666666666667,0.8088888888888889,0.5976331360946746,0.8165680473372781,0.9289940828402367,0.012877635657787323,0.005832505784928799,0.048420135490596296,0.1455,nan,nan,nan,nan,nan,nan,nan,nan,nan,nan,nan,nan,nan,nan,nan,nan,nan,nan,nan,nan,nan,nan,nan,nan,nan,nan,nan,nan,nan,nan,nan,nan,nan,nan,nan,nan,nan,nan,nan,nan,nan,nan,nan,nan,nan,nan,nan,nan,nan,nan,nan,nan,nan,nan,nan,nan,nan,nan,nan,nan,nan,nan,nan,nan,nan,nan,nan,nan,nan
37,7347,0.9224483333333333,-1.1885207262039188,0.35555555555555557,0,165,0.47878787878787876,0.07878787878787878,0.0,0.12727272727272726,0.0,0.7955555555555556,0.8816568047337278,0.5575757575757576,0.23030303030303031,0.21212121212121213,10.0,0.05454545454545454,0.053121693121693125,100.60495929718,0.003489998043475705,0.7852495597820336,0.9893493374976927,0.006060606060606061,0.8269230769230769,0.1111111111111111,0.22666666666666666,0.3244444444444444,0.4444444444444444,0.5777777777777777,0.7644444444444445,0.514792899408284,0.6923076923076923,0.8757396449704142,0.01298374724574387,0.005885661579668522,0.048826039489358666,0.145375,nan,nan,nan,nan,nan,nan,nan,nan,nan,nan,nan,nan,nan,nan,nan,nan,nan,nan,nan,nan,nan,nan,nan,nan,nan,nan,nan,nan,nan,nan,nan,nan,nan,nan,nan,nan,nan,nan,nan,nan,nan,nan,nan,nan,nan,nan,nan,nan,nan,nan,nan,nan,nan,nan,nan,nan,nan,nan,nan,nan,nan,nan,nan,nan,nan,nan,nan,nan,nan
38,7535,0.9204638888888889,-2.269553143024444,0.3377777777777778,0,188,0.39893617021276595,0.12234042553191489,0.005319148936170213,0.15425531914893617,0.0,0.84,0.9171597633136095,0.526595744680851,0.21808510638297873,0.2553191489361702,28.0,0.19680851063829788,0.04371794871794872,110.34812517166117,0.0030207430603355436,0.6796671885754972,0.9899621498676723,0.005319148936170213,0.65,0.1288888888888889,0.16444444444444445,0.26666666666666666,0.5511111111111111,0.5511111111111111,0.7911111111111111,0.621301775147929,0.621301775147929,0.8875739644970414,0.012807987350970506,0.006039845570921898,0.04659650269895792,0.14525,nan,nan,nan,nan,nan,nan,nan,nan,nan,nan,nan,nan,nan,nan,nan,nan,nan,nan,nan,nan,nan,nan,nan,nan,nan,nan,nan,nan,nan,nan,nan,nan,nan,nan,nan,nan,nan,nan,nan,nan,nan,nan,nan,nan,nan,nan,nan,nan,nan,nan,nan,nan,nan,nan,nan,nan,nan,nan,nan,nan,nan,nan,nan,nan,nan,nan,nan,nan,nan
39,7729,0.9184161111111111,-4.583374693393707,0.28444444444444444,0,194,0.3247422680412371,0.16494845360824742,0.0,0.18041237113402062,0.0,0.7066666666666667,0.7928994082840237,0.4896907216494845,0.29896907216494845,0.211340206185567,61.0,0.36597938144329895,0.034999999999999996,120.56547327041622,0.0023223895896961164,0.5225376576816262,0.9738373142422374,0.03608247422680412,0.5625,0.1511111111111111,0.26222222222222225,0.28444444444444444,0.5733333333333334,0.7066666666666667,0.7066666666666667,0.6745562130177515,0.7928994082840237,0.7928994082840237,0.012852582428604365,0.005208689393475652,0.05267109591513872,0.145125,nan,nan,nan,nan,nan,nan,nan,nan,nan,nan,nan,nan,nan,nan,nan,nan,nan,nan,nan,nan,nan,nan,nan,nan,nan,nan,nan,nan,nan,nan,nan,nan,nan,nan,nan,nan,nan,nan,nan,nan,nan,nan,nan,nan,nan,nan,nan,nan,nan,nan,nan,nan,nan,nan,nan,nan,nan,nan,nan,nan,nan,nan,nan,nan,nan,nan,nan,nan,nan
40,7933,0.9162627777777778,-2.198015434741973,0.4177777777777778,0,204,0.45588235294117646,0.10784313725490197,0.0,0.12745098039215685,0.0,0.7911111111111111,0.8816568047337278,0.5637254901960784,0.22549019607843138,0.2107843137254902,16.0,0.10294117647058823,0.051111111111111114,130.99062318801856,0.003155442147489074,0.7099744831850415,0.9971284978547701,0.004901960784313725,0.7777777777777778,0.14666666666666667,0.2577777777777778,0.37333333333333335,0.6177777777777778,0.6844444444444444,0.7911111111111111,0.727810650887574,0.7988165680473372,0.8816568047337278,0.013374772854149342,0.0053561942651867865,0.05530054345726967,0.145,-63.24722748820782,0.03866666666666667,0.0,108.4,0.0,1.0,0.07623109452736318,0.0,0.9229689054726368,0.0,0.0032782515991471215,0.22888888888888886,0.2710059171597633,0.9992000000000001,0.0008,0.0,98.9,0.8693181236673775,0.007207407407407405,95.73169036388381,0.00036056110294593505,0.0811262481628354,0.2787656720452955,0.0,0.1,0.035555555555555556,0.035555555555555556,nan,0.22222222222222224,0.22222222222222218,nan,0.2662721893491124,0.26627218934911245,nan,-52.823788543105124,0.04488888888888889,0.0,103.4,0.0,1.0,0.09480078693915903,0.0,0.9020522953790395,0.0,0.004171448706332427,0.2422222222222222,0.28047337278106504,0.9968530823181986,0.0031469176818014026,0.0,86.4,0.837484365247156,0.008918518518518517,91.53703374385826,0.00046868606495801136,0.10545436461555258,0.3107528812924075,0.0,0.3,0.035555555555555556,0.04074074074074074,nan,0.22222222222222224,0.2333333333333333,nan,0.2662721893491124,0.27416173570019725,nan,0.39620118343195265
41,8119,0.9142994444444444,-3.405832921981812,0.3244444444444444,0,186,0.3870967741935484,0.17204301075268819,0.0,0.15053763440860216,0.0,0.6977777777777778,0.7810650887573964,0.5591397849462365,0.20967741935483872,0.23118279569892472,36.0,0.24731182795698925,0.039999999999999994,120.42698020935022,0.0026572118593666647,0.5978726683574995,0.9858277474767687,0.0,0.5370370370370371,0.12,0.25333333333333335,0.3244444444444444,0.41333333333333333,0.6933333333333334,0.6977777777777778,0.5088757396449705,0.7810650887573964,0.7810650887573964,0.01227116733789444,0.0053124289959669115,0.048032705672085285,0.144875,nan,nan,nan,nan,nan,nan,nan,nan,nan,nan,nan,nan,nan,nan,nan,nan,nan,nan,nan,nan,nan,nan,nan,nan,nan,nan,nan,nan,nan,nan,nan,nan,nan,nan,nan,nan,nan,nan,nan,nan,nan,nan,nan,nan,nan,nan,nan,nan,nan,nan,nan,nan,nan,nan,nan,nan,nan,nan,nan,nan,nan,nan,nan,nan,nan,nan,nan,nan,nan
42,8309,0.9122938888888888,-2.5318027467727657,0.35555555555555557,0,190,0.41578947368421054,0.14736842105263157,0.0,0.12105263157894737,0.0,0.8311111111111111,0.9289940828402367,0.5631578947368421,0.20526315789473684,0.23157894736842105,20.0,0.18947368421052632,0.04388888888888889,120.11240711212146,0.0029231877001961925,0.6577172325441433,0.9860683736286094,0.010526315789473684,0.6779661016949152,0.13333333333333333,0.26222222222222225,0.3111111111111111,0.5688888888888889,0.7822222222222223,0.8044444444444444,0.6568047337278107,0.8994082840236687,0.9289940828402367,0.01121325334534049,0.005433192010968924,0.03993133921176195,0.14475,nan,nan,nan,nan,nan,nan,nan,nan,nan,nan,nan,nan,nan,nan,nan,nan,nan,nan,nan,nan,nan,nan,nan,nan,nan,nan,nan,nan,nan,nan,nan,nan,nan,nan,nan,nan,nan,nan,nan,nan,nan,nan,nan,nan,nan,nan,nan,nan,nan,nan,nan,nan,nan,nan,nan,nan,nan,nan,nan,nan,nan,nan,nan,nan,nan,nan,nan,nan,nan
43,8430,0.9110166666666667,-2.524697790622711,0.29777777777777775,0,121,0.5454545454545454,0.0743801652892562,0.0,0.10743801652892562,0.008264462809917356,0.6222222222222222,0.6686390532544378,0.6198347107438017,0.24793388429752067,0.1322314049586777,11.0,0.05785123966942149,0.05985185185185186,90.32093133926381,0.003247678350785751,0.730727628926794,0.9916658167897746,0.03305785123966942,0.8484848484848485,0.16,0.26666666666666666,nan,0.5288888888888889,0.6222222222222222,nan,0.621301775147929,0.6686390532544378,nan,0.012239752616733313,0.004961975757032633,0.050321710854768754,0.144625,nan,nan,nan,nan,nan,nan,nan,nan,nan,nan,nan,nan,nan,nan,nan,nan,nan,nan,nan,nan,nan,nan,nan,nan,nan,nan,nan,nan,nan,nan,nan,nan,nan,nan,nan,nan,nan,nan,nan,nan,nan,nan,nan,nan,nan,nan,nan,nan,nan,nan,nan,nan,nan,nan,nan,nan,nan,nan,nan,nan,nan,nan,nan,nan,nan,nan,nan,nan,nan
44,8638,0.9088211111111111,-0.3839191761016827,0.4444444444444444,0,208,0.47596153846153844,0.07692307692307693,0.0,0.11538461538461539,0.0,0.9422222222222222,0.9881656804733728,0.5528846153846154,0.22596153846153846,0.22115384615384615,6.0,0.009615384615384616,0.055185185185185164,120.48494453430142,0.003651908557543755,0.8216794254473448,0.9885234816111652,0.0,0.855072463768116,0.11555555555555555,0.21777777777777776,0.3288888888888889,0.44,0.5688888888888889,0.8044444444444444,0.47928994082840237,0.5976331360946746,0.8520710059171598,0.013336048182100057,0.005773450108245015,0.05233631804585457,0.1445,nan,nan,nan,nan,nan,nan,nan,nan,nan,nan,nan,nan,nan,nan,nan,nan,nan,nan,nan,nan,nan,nan,nan,nan,nan,nan,nan,nan,nan,nan,nan,nan,nan,nan,nan,nan,nan,nan,nan,nan,nan,nan,nan,nan,nan,nan,nan,nan,nan,nan,nan,nan,nan,nan,nan,nan,nan,nan,nan,nan,nan,nan,nan,nan,nan,nan,nan,nan,nan
45,8859,0.9064883333333333,-0.4875462920665714,0.49777777777777776,0,221,0.502262443438914,0.11312217194570136,0.0,0.09502262443438914,0.0,0.9688888888888889,1.0,0.6153846153846154,0.22171945701357465,0.16289592760180996,11.0,0.06334841628959276,0.05509700176366842,140.01472659111002,0.0035234388934960548,0.7927737510366123,0.9899367460721218,0.004524886877828055,0.7301587301587301,0.1511111111111111,0.24888888888888888,0.3511111111111111,0.49777777777777776,0.6444444444444445,0.7555555555555555,0.5502958579881657,0.6923076923076923,0.8047337278106509,0.013440023176372051,0.005403821123763919,0.05566200781613588,0.144375,nan,nan,nan,nan,nan,nan,nan,nan,nan,nan,nan,nan,nan,nan,nan,nan,nan,nan,nan,nan,nan,nan,nan,nan,nan,nan,nan,nan,nan,nan,nan,nan,nan,nan,nan,nan,nan,nan,nan,nan,nan,nan,nan,nan,nan,nan,nan,nan,nan,nan,nan,nan,nan,nan,nan,nan,nan,nan,nan,nan,nan,nan,nan,nan,nan,nan,nan,nan,nan
46,9064,0.9043244444444445,-2.5779759812355043,0.36444444444444446,0,205,0.3951219512195122,0.12682926829268293,0.0,0.16585365853658537,0.0,0.7688888888888888,0.8875739644970414,0.5219512195121951,0.22926829268292684,0.24878048780487805,18.0,0.11707317073170732,0.04197530864197532,120.79024744033775,0.002980373065116998,0.6705839396513245,0.9828015186975388,0.03414634146341464,0.671875,0.1288888888888889,0.2222222222222222,0.32,0.4533333333333333,0.6577777777777778,0.7466666666666667,0.6035502958579881,0.7869822485207101,0.8875739644970414,0.012723911413922906,0.005524472193792462,0.0499094570055604,0.14425,nan,nan,nan,nan,nan,nan,nan,nan,nan,nan,nan,nan,nan,nan,nan,nan,nan,nan,nan,nan,nan,nan,nan,nan,nan,nan,nan,nan,nan,nan,nan,nan,nan,nan,nan,nan,nan,nan,nan,nan,nan,nan,nan,nan,nan,nan,nan,nan,nan,nan,nan,nan,nan,nan,nan,nan,nan,nan,nan,nan,nan,nan,nan,nan,nan,nan,nan,nan,nan
47,9223,0.9026461111111111,-0.5352076334953284,0.38222222222222224,0,159,0.5345911949685535,0.06289308176100629,0.0,0.09433962264150944,0.0,0.7911111111111111,0.9408284023668639,0.5974842767295597,0.2138364779874214,0.18867924528301888,6.0,0.006289308176100629,0.058483245149911815,100.29721555709826,0.003766582907405964,0.8474811541663417,0.9844471555817325,0.0,0.8571428571428571,0.13777777777777778,0.24888888888888888,0.36444444444444446,0.52,0.6311111111111111,0.7822222222222223,0.650887573964497,0.727810650887574,0.9289940828402367,0.0125293399207294,0.004945676517672836,0.05261865258216858,0.144125,nan,nan,nan,nan,nan,nan,nan,nan,nan,nan,nan,nan,nan,nan,nan,nan,nan,nan,nan,nan,nan,nan,nan,nan,nan,nan,nan,nan,nan,nan,nan,nan,nan,nan,nan,nan,nan,nan,nan,nan,nan,nan,nan,nan,nan,nan,nan,nan,nan,nan,nan,nan,nan,nan,nan,nan,nan,nan,nan,nan,nan,nan,nan,nan,nan,nan,nan,nan,nan
48,9369,0.901105,-0.6729603462219236,0.38222222222222224,0,146,0.5821917808219178,0.0547945205479452,0.0,0.06164383561643835,0.0,0.8444444444444444,0.9230769230769231,0.636986301369863,0.17123287671232876,0.1917808219178082,7.0,0.0136986301369863,0.06465608465608466,100.39962234497054,0.0037627410238630483,0.8466167303691857,0.9930929029559091,0.00684931506849315,0.8409090909090909,0.1511111111111111,0.26666666666666666,nan,0.6222222222222222,0.7466666666666667,nan,0.7100591715976331,0.8520710059171598,nan,0.01108044208958745,0.004909243434667587,0.04285554755479097,0.144,nan,nan,nan,nan,nan,nan,nan,nan,nan,nan,nan,nan,nan,nan,nan,nan,nan,nan,nan,nan,nan,nan,nan,nan,nan,nan,nan,nan,nan,nan,nan,nan,nan,nan,nan,nan,nan,nan,nan,nan,nan,nan,nan,nan,nan,nan,nan,nan,nan,nan,nan,nan,nan,nan,nan,nan,nan,nan,nan,nan,nan,nan,nan,nan,nan,nan,nan,nan,nan
49,9605,0.8986138888888889,-0.9488876199722285,0.4888888888888889,0,236,0.461864406779661,0.1016949152542373,0.00847457627118644,0.13559322033898305,0.0,0.8666666666666667,0.893491124260355,0.5720338983050848,0.211864406779661,0.21610169491525424,27.0,0.11016949152542373,0.050707070707070714,140.21797733306877,0.0034549381873745936,0.7773610921592835,0.975638611765369,0.012711864406779662,0.6911764705882353,0.13777777777777778,0.24444444444444444,0.38222222222222224,0.5333333333333333,0.6133333333333333,0.8533333333333334,0.5857988165680473,0.6331360946745562,0.8816568047337278,0.012640838511288166,0.004873782698996365,0.053984747268259525,0.143875,nan,nan,nan,nan,nan,nan,nan,nan,nan,nan,nan,nan,nan,nan,nan,nan,nan,nan,nan,nan,nan,nan,nan,nan,nan,nan,nan,nan,nan,nan,nan,nan,nan,nan,nan,nan,nan,nan,nan,nan,nan,nan,nan,nan,nan,nan,nan,nan,nan,nan,nan,nan,nan,nan,nan,nan,nan,nan,nan,nan,nan,nan,nan,nan,nan,nan,nan,nan,nan
50,9799,0.8965661111111111,-1.84602290534973,0.4,0,194,0.4587628865979381,0.08247422680412371,0.0,0.14432989690721648,0.0,0.8,0.863905325443787,0.5412371134020618,0.23711340206185566,0.22164948453608246,9.0,0.04639175257731959,0.05049707602339182,120.11450386047336,0.0032931539726046596,0.7409596438360484,1.0,0.015463917525773196,0.7666666666666667,0.12444444444444444,0.2088888888888889,0.3333333333333333,0.4222222222222222,0.5155555555555555,0.7555555555555555,0.4556213017751479,0.5621301775147929,0.8402366863905325,0.012711124215275049,0.005604040483012796,0.049440584145486355,0.14375,nan,nan,nan,nan,nan,nan,nan,nan,nan,nan,nan,nan,nan,nan,nan,nan,nan,nan,nan,nan,nan,nan,nan,nan,nan,nan,nan,nan,nan,nan,nan,nan,nan,nan,nan,nan,nan,nan,nan,nan,nan,nan,nan,nan,nan,nan,nan,nan,nan,nan,nan,nan,nan,nan,nan,nan,nan,nan,nan,nan,nan,nan,nan,nan,nan,nan,nan,nan,nan
51,9980,0.8946555555555555,-1.6618629376888263,0.40444444444444444,0,181,0.4972375690607735,0.10497237569060773,0.0,0.09944751381215469,0.0,0.84,0.9112426035502958,0.6022099447513812,0.23204419889502761,0.16574585635359115,11.0,0.08287292817679558,0.055277777777777766,120.62726607322678,0.0033159998814627865,0.7460999733291269,0.9951454162627604,0.011049723756906077,0.7592592592592593,0.1688888888888889,0.29333333333333333,0.37777777777777777,0.5733333333333334,0.72,0.7955555555555556,0.7100591715976331,0.8284023668639053,0.8520710059171598,0.012800355162471532,0.005336407292634249,0.051968304067850114,0.143625,nan,nan,nan,nan,nan,nan,nan,nan,nan,nan,nan,nan,nan,nan,nan,nan,nan,nan,nan,nan,nan,nan,nan,nan,nan,nan,nan,nan,nan,nan,nan,nan,nan,nan,nan,nan,nan,nan,nan,nan,nan,nan,nan,nan,nan,nan,nan,nan,nan,nan,nan,nan,nan,nan,nan,nan,nan,nan,nan,nan,nan,nan,nan,nan,nan,nan,nan,nan,nan
52,10169,0.8926605555555556,-3.212505547523498,0.3377777777777778,0,189,0.3968253968253968,0.13756613756613756,0.0,0.15343915343915343,0.0,0.7911111111111111,0.9112426035502958,0.5343915343915344,0.21164021164021163,0.25396825396825395,33.0,0.19047619047619047,0.042539682539682544,120.70005283355702,0.0027616668386466524,0.6213750386954968,0.9869158610449495,0.010582010582010581,0.6610169491525424,0.13777777777777778,0.24888888888888888,0.3244444444444444,0.47555555555555556,0.7422222222222222,0.7911111111111111,0.6035502958579881,0.893491124260355,0.9112426035502958,0.013003208674490452,0.005292778788134456,0.0537312176078558,0.1435,nan,nan,nan,nan,nan,nan,nan,nan,nan,nan,nan,nan,nan,nan,nan,nan,nan,nan,nan,nan,nan,nan,nan,nan,nan,nan,nan,nan,nan,nan,nan,nan,nan,nan,nan,nan,nan,nan,nan,nan,nan,nan,nan,nan,nan,nan,nan,nan,nan,nan,nan,nan,nan,nan,nan,nan,nan,nan,nan,nan,nan,nan,nan,nan,nan,nan,nan,nan,nan
53,10338,0.8908766666666667,-3.5311381835937503,0.25333333333333335,0,169,0.33136094674556216,0.17159763313609466,0.005917159763313609,0.1893491124260355,0.0,0.5377777777777778,0.5976331360946746,0.5088757396449705,0.23668639053254437,0.25443786982248523,22.0,0.23668639053254437,0.035555555555555556,100.21083984374975,0.0024836523601334966,0.5588217810300367,0.9783701468698136,0.03550295857988166,0.58,0.12,0.21777777777777776,0.25333333333333335,0.4711111111111111,0.5377777777777778,0.5377777777777778,0.5266272189349113,0.5976331360946746,0.5976331360946746,0.013322753179818392,0.005294317565858364,0.055996067076921466,0.143375,nan,nan,nan,nan,nan,nan,nan,nan,nan,nan,nan,nan,nan,nan,nan,nan,nan,nan,nan,nan,nan,nan,nan,nan,nan,nan,nan,nan,nan,nan,nan,nan,nan,nan,nan,nan,nan,nan,nan,nan,nan,nan,nan,nan,nan,nan,nan,nan,nan,nan,nan,nan,nan,nan,nan,nan,nan,nan,nan,nan,nan,nan,nan,nan,nan,nan,nan,nan,nan
54,10538,0.8887655555555556,-3.7515843875408215,0.3022222222222222,0,200,0.335,0.185,0.0,0.18,0.0,0.6666666666666666,0.7869822485207101,0.52,0.2,0.28,31.0,0.215,0.037222222222222226,120.20556559562654,0.0024772378575174054,0.5573785179414161,0.9941421356237311,0.03,0.55,0.10222222222222223,0.15555555555555556,0.23555555555555555,0.40444444444444444,0.43555555555555553,0.5422222222222223,0.48520710059171596,0.514792899408284,0.621301775147929,0.01230304716154933,0.005307820299640298,0.048832298070192334,0.14325,nan,nan,nan,nan,nan,nan,nan,nan,nan,nan,nan,nan,nan,nan,nan,nan,nan,nan,nan,nan,nan,nan,nan,nan,nan,nan,nan,nan,nan,nan,nan,nan,nan,nan,nan,nan,nan,nan,nan,nan,nan,nan,nan,nan,nan,nan,nan,nan,nan,nan,nan,nan,nan,nan,nan,nan,nan,nan,nan,nan,nan,nan,nan,nan,nan,nan,nan,nan,nan
55,10785,0.8861583333333334,-3.38883088850975,0.37333333333333335,0,247,0.3360323886639676,0.1862348178137652,0.0,0.19838056680161945,0.0,0.7644444444444445,0.8284023668639053,0.5222672064777328,0.2550607287449393,0.22267206477732793,35.0,0.3076923076923077,0.036888888888888895,140.5412465572356,0.0026247731390276123,0.5905739562812127,0.985905512425337,0.016194331983805668,0.5507246376811594,0.13333333333333333,0.23555555555555555,0.3111111111111111,0.5155555555555555,0.6577777777777778,0.7288888888888889,0.6153846153846154,0.757396449704142,0.8106508875739645,0.011448212433606386,0.0048751650843769315,0.045925221592187884,0.143125,nan,nan,nan,nan,nan,nan,nan,nan,nan,nan,nan,nan,nan,nan,nan,nan,nan,nan,nan,nan,nan,nan,nan,nan,nan,nan,nan,nan,nan,nan,nan,nan,nan,nan,nan,nan,nan,nan,nan,nan,nan,nan,nan,nan,nan,nan,nan,nan,nan,nan,nan,nan,nan,nan,nan,nan,nan,nan,nan,nan,nan,nan,nan,nan,nan,nan,nan,nan,nan
56,10956,0.8843533333333333,-0.023717194795606966,0.44,0,171,0.5730994152046783,0.05263157894736842,0.0,0.0935672514619883,0.0,0.9422222222222222,0.9881656804733728,0.6257309941520468,0.24561403508771928,0.1286549707602339,12.0,0.04093567251461988,0.0636734693877551,110.26397328376753,0.003950116639046198,0.8887762437853945,0.994861522476957,0.005847953216374269,0.875,0.14666666666666667,0.28,0.38666666666666666,0.4666666666666667,0.6711111111111111,0.9066666666666666,0.5680473372781065,0.7751479289940828,0.9881656804733728,0.012971925269812345,0.005590008059516549,0.05162179600447416,0.143,nan,nan,nan,nan,nan,nan,nan,nan,nan,nan,nan,nan,nan,nan,nan,nan,nan,nan,nan,nan,nan,nan,nan,nan,nan,nan,nan,nan,nan,nan,nan,nan,nan,nan,nan,nan,nan,nan,nan,nan,nan,nan,nan,nan,nan,nan,nan,nan,nan,nan,nan,nan,nan,nan,nan,nan,nan,nan,nan,nan,nan,nan,nan,nan,nan,nan,nan,nan,nan
57,11147,0.8823372222222222,-2.3282756972312932,0.37333333333333335,0,191,0.43455497382198954,0.1099476439790576,0.0,0.13089005235602094,0.0,0.8,0.8816568047337278,0.5445026178010471,0.2094240837696335,0.24607329842931938,15.0,0.07853403141361257,0.04861111111111112,120.06929235458341,0.0030723000165562924,0.6912675037251658,0.9984665276501914,0.0,0.7704918032786885,0.12,0.24,0.3111111111111111,0.4177777777777778,0.6711111111111111,0.7333333333333333,0.46153846153846156,0.7633136094674556,0.834319526627219,0.012169597577303648,0.004980150144547224,0.05031984094530344,0.142875,nan,nan,nan,nan,nan,nan,nan,nan,nan,nan,nan,nan,nan,nan,nan,nan,nan,nan,nan,nan,nan,nan,nan,nan,nan,nan,nan,nan,nan,nan,nan,nan,nan,nan,nan,nan,nan,nan,nan,nan,nan,nan,nan,nan,nan,nan,nan,nan,nan,nan,nan,nan,nan,nan,nan,nan,nan,nan,nan,nan,nan,nan,nan,nan,nan,nan,nan,nan,nan
58,11360,0.8800888888888889,-3.056964211225511,0.32,0,213,0.3333333333333333,0.16901408450704225,0.004694835680751174,0.1643192488262911,0.0,0.6,0.6331360946745562,0.5070422535211268,0.24413145539906103,0.24882629107981222,27.0,0.22535211267605634,0.035973409306742636,120.03775439262358,0.002628802555931076,0.591480575084492,0.9986249144656646,0.023474178403755867,0.5942028985507246,0.09333333333333334,0.20444444444444446,0.22666666666666666,0.3511111111111111,0.5066666666666667,0.52,0.39644970414201186,0.5443786982248521,0.5502958579881657,0.01318331267684698,0.00575831513851881,0.05201399456709623,0.14275,nan,nan,nan,nan,nan,nan,nan,nan,nan,nan,nan,nan,nan,nan,nan,nan,nan,nan,nan,nan,nan,nan,nan,nan,nan,nan,nan,nan,nan,nan,nan,nan,nan,nan,nan,nan,nan,nan,nan,nan,nan,nan,nan,nan,nan,nan,nan,nan,nan,nan,nan,nan,nan,nan,nan,nan,nan,nan,nan,nan,nan,nan,nan,nan,nan,nan,nan,nan,nan
59,11517,0.8784316666666667,-1.1635675311088556,0.36444444444444446,0,157,0.5159235668789809,0.10191082802547771,0.01910828025477707,0.10191082802547771,0.0,0.8133333333333334,0.8757396449704142,0.6369426751592356,0.1464968152866242,0.21656050955414013,10.0,0.050955414012738856,0.05306122448979593,100.7768336296079,0.0035722495640529155,0.8037561519119059,0.9903921263156862,0.012738853503184714,0.7560975609756098,0.15555555555555556,0.29333333333333333,0.36,0.5866666666666667,0.7466666666666667,0.8133333333333334,0.7041420118343196,0.8284023668639053,0.8757396449704142,0.011986525449901819,0.0051067674066871405,0.048236688040196894,0.142625,nan,nan,nan,nan,nan,nan,nan,nan,nan,nan,nan,nan,nan,nan,nan,nan,nan,nan,nan,nan,nan,nan,nan,nan,nan,nan,nan,nan,nan,nan,nan,nan,nan,nan,nan,nan,nan,nan,nan,nan,nan,nan,nan,nan,nan,nan,nan,nan,nan,nan,nan,nan,nan,nan,nan,nan,nan,nan,nan,nan,nan,nan,nan,nan,nan,nan,nan,nan,nan
60,11723,0.8762572222222222,-1.0063857688903795,0.4533333333333333,0,206,0.49029126213592233,0.12135922330097088,0.009708737864077669,0.10679611650485436,0.0,0.9022222222222223,0.9644970414201184,0.6213592233009708,0.24271844660194175,0.13592233009708737,21.0,0.1407766990291262,0.05144032921810698,130.28938827514637,0.003445321947025502,0.7751974380807379,0.9894174318267425,0.014563106796116505,0.7090909090909091,0.16,0.24444444444444444,0.3511111111111111,0.5244444444444445,0.5644444444444444,0.7777777777777778,0.6035502958579881,0.6390532544378699,0.8816568047337278,0.013068282697349786,0.005919799255207181,0.05016479678452015,0.1425,-61.40951548047067,0.04133333333333333,0.0,108.3,0.0,1.0,0.08107052105066068,0.0,0.9173293765427852,0.0,0.0032782515991471215,0.23777777777777778,0.2781065088757396,0.998399897593446,0.0016001024065540193,0.0,96.8,0.8636717334984066,0.007637037037037037,95.66395695686325,0.00038740082384465004,0.08716518536504626,0.28445325231438884,0.0,0.2,0.04133333333333333,0.043809523809523805,nan,0.23777777777777778,0.24444444444444446,nan,0.2781065088757396,0.28317836010143704,nan,-57.56993763036728,0.04844444444444444,0.0,106.3,0.0,1.0,0.09765181726188188,0.0,0.8972168005877983,0.0,0.0035440805630181467,0.2644444444444444,0.30414201183431955,0.9948686178496802,0.005131382150319734,0.0,95.4,0.8451987787250885,0.009325925925925925,91.48702505111686,0.0005077378525390534,0.11424101682128703,0.29223166978060067,0.0,0.5,0.04844444444444444,0.04518518518518518,nan,0.2644444444444444,0.24814814814814815,nan,0.30414201183431955,0.2859960552268245,nan,0.42011019066403676
61,11973,0.8736183333333334,-0.4289447045326225,0.48,1,250,0.428,0.128,0.012,0.144,0.0,0.8311111111111111,0.8994082840236687,0.568,0.216,0.216,20.0,0.124,0.04755555555555556,150.27566385269157,0.003164554681466729,0.712024803330014,0.9924515367004896,0.004,0.6901408450704225,0.13333333333333333,0.26666666666666666,0.3244444444444444,0.5111111111111111,0.6933333333333334,0.6933333333333334,0.5680473372781065,0.7337278106508875,0.7337278106508875,0.01178460787050426,0.005847010156139731,0.041703931987285614,0.142375,nan,nan,nan,nan,nan,nan,nan,nan,nan,nan,nan,nan,nan,nan,nan,nan,nan,nan,nan,nan,nan,nan,nan,nan,nan,nan,nan,nan,nan,nan,nan,nan,nan,nan,nan,nan,nan,nan,nan,nan,nan,nan,nan,nan,nan,nan,nan,nan,nan,nan,nan,nan,nan,nan,nan,nan,nan,nan,nan,nan,nan,nan,nan,nan,nan,nan,nan,nan,nan
62,12197,0.8712538888888889,-1.8592220387458787,0.4488888888888889,0,224,0.44642857142857145,0.12946428571428573,0.008928571428571428,0.12946428571428573,0.0,0.9244444444444444,0.9763313609467456,0.5848214285714286,0.22321428571428573,0.19196428571428573,33.0,0.20089285714285715,0.04962962962962963,140.3830670356749,0.003165940549877713,0.7123366237224854,0.9807223137315837,0.008928571428571428,0.6825396825396826,0.1511111111111111,0.26222222222222225,0.29333333333333333,0.6755555555555556,0.7644444444444445,0.7644444444444445,0.7988165680473372,0.8461538461538461,0.8461538461538461,0.011512822937220335,0.005687511200085283,0.040951224975287914,0.14225,nan,nan,nan,nan,nan,nan,nan,nan,nan,nan,nan,nan,nan,nan,nan,nan,nan,nan,nan,nan,nan,nan,nan,nan,nan,nan,nan,nan,nan,nan,nan,nan,nan,nan,nan,nan,nan,nan,nan,nan,nan,nan,nan,nan,nan,nan,nan,nan,nan,nan,nan,nan,nan,nan,nan,nan,nan,nan,nan,nan,nan,nan,nan,nan,nan,nan,nan,nan,nan
63,12447,0.868615,0.5298587708473218,0.5111111111111111,1,250,0.456,0.144,0.004,0.108,0.0,0.8755555555555555,0.9349112426035503,0.604,0.18,0.216,23.0,0.156,0.05066666666666666,155.38229742050166,0.003260774715510258,0.7336743109898082,0.9889368180747282,0.024,0.6805555555555556,0.13333333333333333,0.2088888888888889,0.28888888888888886,0.44,0.4577777777777778,0.5644444444444444,0.4911242603550296,0.5029585798816568,0.591715976331361,0.012643577996641397,0.005851340806111693,0.04779058750718832,0.142125,nan,nan,nan,nan,nan,nan,nan,nan,nan,nan,nan,nan,nan,nan,nan,nan,nan,nan,nan,nan,nan,nan,nan,nan,nan,nan,nan,nan,nan,nan,nan,nan,nan,nan,nan,nan,nan,nan,nan,nan,nan,nan,nan,nan,nan,nan,nan,nan,nan,nan,nan,nan,nan,nan,nan,nan,nan,nan,nan,nan,nan,nan,nan,nan,nan,nan,nan,nan,nan
64,12668,0.8662822222222222,-2.7286669878959646,0.40444444444444444,0,221,0.4072398190045249,0.18099547511312217,0.0,0.13574660633484162,0.0,0.6977777777777778,0.7514792899408284,0.5882352941176471,0.22171945701357465,0.19004524886877827,24.0,0.22171945701357465,0.0448206937095826,140.07301893234222,0.0028556534516701406,0.6425220266257816,0.9880722218582759,0.02262443438914027,0.6229508196721312,0.1511111111111111,0.2311111111111111,0.2577777777777778,0.5244444444444445,0.5911111111111111,0.5911111111111111,0.6153846153846154,0.6390532544378699,0.6390532544378699,0.011678378283977508,0.0053937261458486315,0.04425811357796192,0.142,nan,nan,nan,nan,nan,nan,nan,nan,nan,nan,nan,nan,nan,nan,nan,nan,nan,nan,nan,nan,nan,nan,nan,nan,nan,nan,nan,nan,nan,nan,nan,nan,nan,nan,nan,nan,nan,nan,nan,nan,nan,nan,nan,nan,nan,nan,nan,nan,nan,nan,nan,nan,nan,nan,nan,nan,nan,nan,nan,nan,nan,nan,nan,nan,nan,nan,nan,nan,nan
65,12809,0.8647938888888889,-0.37601885437965143,0.36,0,141,0.5673758865248227,0.07092198581560284,0.0,0.10638297872340426,0.014184397163120567,0.7688888888888888,0.863905325443787,0.6382978723404256,0.2127659574468085,0.14893617021276595,6.0,0.0070921985815602835,0.06342592592592593,89.19065575599649,0.003986466435769543,0.8969549480481471,0.9958454862579653,0.0,0.8055555555555556,0.14666666666666667,0.2577777777777778,nan,0.48444444444444446,0.6266666666666667,nan,0.5266272189349113,0.6745562130177515,nan,0.00994522012770176,0.005905751092359424,0.02847202867269516,0.141875,nan,nan,nan,nan,nan,nan,nan,nan,nan,nan,nan,nan,nan,nan,nan,nan,nan,nan,nan,nan,nan,nan,nan,nan,nan,nan,nan,nan,nan,nan,nan,nan,nan,nan,nan,nan,nan,nan,nan,nan,nan,nan,nan,nan,nan,nan,nan,nan,nan,nan,nan,nan,nan,nan,nan,nan,nan,nan,nan,nan,nan,nan,nan,nan,nan,nan,nan,nan,nan
66,13000,0.8627777777777779,-3.0823621058464057,0.38222222222222224,0,191,0.44502617801047123,0.1256544502617801,0.0,0.1256544502617801,0.0,0.8666666666666667,0.9408284023668639,0.5706806282722513,0.19895287958115182,0.23036649214659685,14.0,0.07853403141361257,0.050347222222222224,130.44154386520364,0.002896146170794849,0.6516328884288409,0.9838972564749536,0.0,0.6896551724137931,0.14222222222222222,0.2222222222222222,0.3111111111111111,0.49333333333333335,0.5955555555555555,0.7288888888888889,0.6035502958579881,0.6923076923076923,0.7928994082840237,0.00901356916874647,0.006434391066431999,0.018195261992514134,0.14175,nan,nan,nan,nan,nan,nan,nan,nan,nan,nan,nan,nan,nan,nan,nan,nan,nan,nan,nan,nan,nan,nan,nan,nan,nan,nan,nan,nan,nan,nan,nan,nan,nan,nan,nan,nan,nan,nan,nan,nan,nan,nan,nan,nan,nan,nan,nan,nan,nan,nan,nan,nan,nan,nan,nan,nan,nan,nan,nan,nan,nan,nan,nan,nan,nan,nan,nan,nan,nan
67,13215,0.8605083333333333,-1.680240315914153,0.4711111111111111,0,215,0.4883720930232558,0.11162790697674418,0.004651162790697674,0.10232558139534884,0.0,0.9288888888888889,0.9644970414201184,0.6046511627906976,0.17674418604651163,0.2186046511627907,13.0,0.08372093023255814,0.05349794238683127,140.0022887229916,0.003333278840819616,0.7499877391844136,0.9925850111345853,0.027906976744186046,0.7419354838709677,0.14222222222222222,0.29333333333333333,0.4177777777777778,0.5733333333333334,0.8577777777777778,0.9288888888888889,0.6568047337278107,0.9289940828402367,0.9644970414201184,0.008263375191017986,0.0058456749189645055,0.0170711406506598,0.141625,nan,nan,nan,nan,nan,nan,nan,nan,nan,nan,nan,nan,nan,nan,nan,nan,nan,nan,nan,nan,nan,nan,nan,nan,nan,nan,nan,nan,nan,nan,nan,nan,nan,nan,nan,nan,nan,nan,nan,nan,nan,nan,nan,nan,nan,nan,nan,nan,nan,nan,nan,nan,nan,nan,nan,nan,nan,nan,nan,nan,nan,nan,nan,nan,nan,nan,nan,nan,nan
68,13399,0.8585661111111111,-1.3506212320327753,0.4177777777777778,0,184,0.5054347826086957,0.11413043478260869,0.0,0.13043478260869565,0.0,0.88,0.9349112426035503,0.6195652173913043,0.20108695652173914,0.1793478260869565,21.0,0.125,0.05561728395061729,120.68210697174038,0.003424976110419765,0.770619624844447,0.9776226066492354,0.016304347826086956,0.6956521739130435,0.16,0.28444444444444444,0.37333333333333335,0.6711111111111111,0.7777777777777778,0.7866666666666666,0.7514792899408284,0.834319526627219,0.8402366863905325,0.007556158537045121,0.00539504773914814,0.01527286870405078,0.1415,nan,nan,nan,nan,nan,nan,nan,nan,nan,nan,nan,nan,nan,nan,nan,nan,nan,nan,nan,nan,nan,nan,nan,nan,nan,nan,nan,nan,nan,nan,nan,nan,nan,nan,nan,nan,nan,nan,nan,nan,nan,nan,nan,nan,nan,nan,nan,nan,nan,nan,nan,nan,nan,nan,nan,nan,nan,nan,nan,nan,nan,nan,nan,nan,nan,nan,nan,nan,nan
69,13576,0.8566977777777778,-1.8855118215084075,0.38222222222222224,0,177,0.480225988700565,0.14124293785310735,0.011299435028248588,0.062146892655367235,0.0,0.8533333333333334,0.9526627218934911,0.632768361581921,0.1864406779661017,0.1807909604519774,8.0,0.05084745762711865,0.04722222222222222,120.22392210960372,0.0031422845898620056,0.7070140327189511,0.9886052410346071,0.005649717514124294,0.6666666666666666,0.12,0.23555555555555555,0.3333333333333333,0.52,0.6844444444444444,0.8533333333333334,0.5502958579881657,0.757396449704142,0.9526627218934911,0.007453702297061682,0.005643082829192281,0.012807210721075536,0.141375,nan,nan,nan,nan,nan,nan,nan,nan,nan,nan,nan,nan,nan,nan,nan,nan,nan,nan,nan,nan,nan,nan,nan,nan,nan,nan,nan,nan,nan,nan,nan,nan,nan,nan,nan,nan,nan,nan,nan,nan,nan,nan,nan,nan,nan,nan,nan,nan,nan,nan,nan,nan,nan,nan,nan,nan,nan,nan,nan,nan,nan,nan,nan,nan,nan,nan,nan,nan,nan
70,13722,0.8551566666666667,-3.321681088924412,0.26222222222222225,0,146,0.3972602739726027,0.1780821917808219,0.0,0.11643835616438356,0.0,0.6666666666666666,0.7159763313609467,0.5753424657534246,0.1506849315068493,0.273972602739726,20.0,0.1780821917808219,0.04479717813051146,100.7683913230895,0.0025581213949449253,0.5755773138626081,0.9930929029559089,0.0,0.6444444444444445,0.10222222222222223,0.14666666666666667,nan,0.4177777777777778,0.4266666666666667,nan,0.46745562130177515,0.47928994082840237,nan,0.006985166296362877,0.005289141414687037,0.012007255386561156,0.14125,nan,nan,nan,nan,nan,nan,nan,nan,nan,nan,nan,nan,nan,nan,nan,nan,nan,nan,nan,nan,nan,nan,nan,nan,nan,nan,nan,nan,nan,nan,nan,nan,nan,nan,nan,nan,nan,nan,nan,nan,nan,nan,nan,nan,nan,nan,nan,nan,nan,nan,nan,nan,nan,nan,nan,nan,nan,nan,nan,nan,nan,nan,nan,nan,nan,nan,nan,nan,nan
71,13870,0.8535944444444444,-3.2257983865737927,0.26666666666666666,0,148,0.39864864864864863,0.16891891891891891,0.0,0.12162162162162163,0.0,0.6577777777777778,0.7514792899408284,0.5675675675675675,0.22297297297297297,0.20945945945945946,19.0,0.14864864864864866,0.04376811594202898,100.59807987213117,0.002606632478030687,0.5864923075569045,0.9901049588238701,0.006756756756756757,0.6956521739130435,0.12,0.21777777777777776,nan,0.4222222222222222,0.6533333333333333,nan,0.514792899408284,0.7514792899408284,nan,0.007809930341318249,0.0058110497891902925,0.01416390142403543,0.141125,nan,nan,nan,nan,nan,nan,nan,nan,nan,nan,nan,nan,nan,nan,nan,nan,nan,nan,nan,nan,nan,nan,nan,nan,nan,nan,nan,nan,nan,nan,nan,nan,nan,nan,nan,nan,nan,nan,nan,nan,nan,nan,nan,nan,nan,nan,nan,nan,nan,nan,nan,nan,nan,nan,nan,nan,nan,nan,nan,nan,nan,nan,nan,nan,nan,nan,nan,nan,nan
72,14120,0.8509555555555556,-0.733776791095733,0.4311111111111111,1,250,0.384,0.168,0.0,0.132,0.0,0.7911111111111111,0.863905325443787,0.552,0.184,0.264,30.0,0.224,0.042666666666666665,149.98835039138785,0.0028446653726992743,0.6400497088573367,0.9825599276504715,0.0,0.569620253164557,0.13777777777777778,0.24444444444444444,0.28888888888888886,0.4577777777777778,0.6177777777777778,0.7111111111111111,0.514792899408284,0.6923076923076923,0.8165680473372781,0.007080853404477239,0.005305751180276275,0.012589376932010055,0.141,nan,nan,nan,nan,nan,nan,nan,nan,nan,nan,nan,nan,nan,nan,nan,nan,nan,nan,nan,nan,nan,nan,nan,nan,nan,nan,nan,nan,nan,nan,nan,nan,nan,nan,nan,nan,nan,nan,nan,nan,nan,nan,nan,nan,nan,nan,nan,nan,nan,nan,nan,nan,nan,nan,nan,nan,nan,nan,nan,nan,nan,nan,nan,nan,nan,nan,nan,nan,nan
73,14338,0.8486544444444445,-1.5434645676612846,0.4177777777777778,0,218,0.42660550458715596,0.15137614678899083,0.0,0.15137614678899083,0.0,0.6844444444444444,0.7396449704142012,0.5779816513761468,0.21100917431192662,0.21100917431192662,43.0,0.22935779816513763,0.04707818930041153,130.38537683486902,0.003170089647835381,0.7132701707629606,0.9458666836908336,0.0045871559633027525,0.5254237288135594,0.16,0.24888888888888888,0.3022222222222222,0.5688888888888889,0.6,0.6133333333333333,0.7041420118343196,0.7041420118343196,0.7159763313609467,0.007241672743111849,0.005517837265506387,0.012236632080748678,0.140875,nan,nan,nan,nan,nan,nan,nan,nan,nan,nan,nan,nan,nan,nan,nan,nan,nan,nan,nan,nan,nan,nan,nan,nan,nan,nan,nan,nan,nan,nan,nan,nan,nan,nan,nan,nan,nan,nan,nan,nan,nan,nan,nan,nan,nan,nan,nan,nan,nan,nan,nan,nan,nan,nan,nan,nan,nan,nan,nan,nan,nan,nan,nan,nan,nan,nan,nan,nan,nan
74,14575,0.8461527777777778,-4.295936120986938,0.4222222222222222,0,237,0.39662447257383965,0.10970464135021098,0.02109704641350211,0.22784810126582278,0.0,0.8533333333333334,0.9289940828402367,0.5274261603375527,0.23628691983122363,0.23628691983122363,35.0,0.25316455696202533,0.04466666666666667,140.18034400939896,0.0029802878622538277,0.6705647690071111,0.9610254367598452,0.03375527426160337,0.5087719298245614,0.13777777777777778,0.26222222222222225,0.3466666666666667,0.5822222222222222,0.8533333333333334,0.8533333333333334,0.5976331360946746,0.9289940828402367,0.9289940828402367,0.006688807625323534,0.005240788450464606,0.010287880105897785,0.14075,nan,nan,nan,nan,nan,nan,nan,nan,nan,nan,nan,nan,nan,nan,nan,nan,nan,nan,nan,nan,nan,nan,nan,nan,nan,nan,nan,nan,nan,nan,nan,nan,nan,nan,nan,nan,nan,nan,nan,nan,nan,nan,nan,nan,nan,nan,nan,nan,nan,nan,nan,nan,nan,nan,nan,nan,nan,nan,nan,nan,nan,nan,nan,nan,nan,nan,nan,nan,nan
75,14732,0.8444955555555556,0.014506548881533687,0.41333333333333333,0,157,0.5859872611464968,0.03821656050955414,0.0,0.11464968152866242,0.0,0.9333333333333333,1.0,0.6242038216560509,0.1910828025477707,0.18471337579617833,6.0,0.006369426751592357,0.06657596371882085,100.69993762969949,0.004060468144404243,0.9136053324909547,0.9847954406058749,0.0,0.926829268292683,0.14222222222222222,0.28,0.39111111111111113,0.5644444444444444,0.8622222222222222,0.9288888888888889,0.6568047337278107,0.9881656804733728,1.0,0.00720231905579567,0.0058325102087110284,0.009740863367915154,0.140625,nan,nan,nan,nan,nan,nan,nan,nan,nan,nan,nan,nan,nan,nan,nan,nan,nan,nan,nan,nan,nan,nan,nan,nan,nan,nan,nan,nan,nan,nan,nan,nan,nan,nan,nan,nan,nan,nan,nan,nan,nan,nan,nan,nan,nan,nan,nan,nan,nan,nan,nan,nan,nan,nan,nan,nan,nan,nan,nan,nan,nan,nan,nan,nan,nan,nan,nan,nan,nan
76,14959,0.8420994444444445,-3.892029823303223,0.39555555555555555,0,227,0.3876651982378855,0.14537444933920704,0.022026431718061675,0.14977973568281938,0.0,0.8222222222222222,0.9289940828402367,0.5550660792951542,0.19383259911894274,0.2511013215859031,27.0,0.19383259911894274,0.03911111111111111,140.14314117431627,0.0027907973792640323,0.6279294103344072,0.9782123148678017,0.01762114537444934,0.6212121212121212,0.13333333333333333,0.25333333333333335,0.3466666666666667,0.4711111111111111,0.7733333333333333,0.8222222222222222,0.5502958579881657,0.9053254437869822,0.9289940828402367,0.006776092899963259,0.005454435059800744,0.009406817099079489,0.14049999999999999,nan,nan,nan,nan,nan,nan,nan,nan,nan,nan,nan,nan,nan,nan,nan,nan,nan,nan,nan,nan,nan,nan,nan,nan,nan,nan,nan,nan,nan,nan,nan,nan,nan,nan,nan,nan,nan,nan,nan,nan,nan,nan,nan,nan,nan,nan,nan,nan,nan,nan,nan,nan,nan,nan,nan,nan,nan,nan,nan,nan,nan,nan,nan,nan,nan,nan,nan,nan,nan
77,15119,0.8404105555555555,-0.48626680374145204,0.38222222222222224,0,160,0.53125,0.075,0.0,0.1,0.0,0.8044444444444444,0.8757396449704142,0.60625,0.1875,0.20625,10.0,0.03125,0.05873015873015874,100.29777908325171,0.0037665617447441694,0.847476392567438,0.9945082521472479,0.0125,0.782608695652174,0.15555555555555556,0.26222222222222225,0.36,0.6222222222222222,0.6577777777777778,0.7466666666666667,0.6863905325443787,0.7100591715976331,0.7988165680473372,0.007065950473770499,0.005463903537020087,0.011412622639909387,0.140375,nan,nan,nan,nan,nan,nan,nan,nan,nan,nan,nan,nan,nan,nan,nan,nan,nan,nan,nan,nan,nan,nan,nan,nan,nan,nan,nan,nan,nan,nan,nan,nan,nan,nan,nan,nan,nan,nan,nan,nan,nan,nan,nan,nan,nan,nan,nan,nan,nan,nan,nan,nan,nan,nan,nan,nan,nan,nan,nan,nan,nan,nan,nan,nan,nan,nan,nan,nan,nan
78,15338,0.838098888888889,-1.408072834491729,0.4577777777777778,0,219,0.4657534246575342,0.1415525114155251,0.0,0.1004566210045662,0.0,0.84,0.9349112426035503,0.6073059360730594,0.2191780821917808,0.1735159817351598,28.0,0.1506849315068493,0.050838206627680314,140.08640794754032,0.0032360979196718216,0.7281220319261598,0.9858326083356099,0.0,0.671875,0.1511111111111111,0.28,0.3688888888888889,0.5555555555555556,0.6844444444444444,0.8222222222222222,0.6153846153846154,0.7455621301775148,0.9171597633136095,0.007590574864298105,0.00574941779486835,0.013127679703757167,0.14024999999999999,nan,nan,nan,nan,nan,nan,nan,nan,nan,nan,nan,nan,nan,nan,nan,nan,nan,nan,nan,nan,nan,nan,nan,nan,nan,nan,nan,nan,nan,nan,nan,nan,nan,nan,nan,nan,nan,nan,nan,nan,nan,nan,nan,nan,nan,nan,nan,nan,nan,nan,nan,nan,nan,nan,nan,nan,nan,nan,nan,nan,nan,nan,nan,nan,nan,nan,nan,nan,nan
79,15491,0.8364838888888889,-0.9565628798007946,0.36444444444444446,0,153,0.5294117647058824,0.08496732026143791,0.013071895424836602,0.0915032679738562,0.0,0.8533333333333334,0.9112426035502958,0.6274509803921569,0.20915032679738563,0.16339869281045752,12.0,0.06535947712418301,0.06074074074074075,100.17678933143603,0.00359364681582014,0.8085705335595313,0.9887321626270517,0.0,0.8095238095238095,0.14666666666666667,0.28444444444444444,0.35555555555555557,0.49777777777777776,0.6844444444444444,0.8533333333333334,0.5621301775147929,0.7455621301775148,0.9112426035502958,0.006840390572324395,0.005268439278006553,0.011218205932527781,0.140125,nan,nan,nan,nan,nan,nan,nan,nan,nan,nan,nan,nan,nan,nan,nan,nan,nan,nan,nan,nan,nan,nan,nan,nan,nan,nan,nan,nan,nan,nan,nan,nan,nan,nan,nan,nan,nan,nan,nan,nan,nan,nan,nan,nan,nan,nan,nan,nan,nan,nan,nan,nan,nan,nan,nan,nan,nan,nan,nan,nan,nan,nan,nan,nan,nan,nan,nan,nan,nan
80,15680,0.8344888888888888,-1.1925471820831293,0.40444444444444444,0,189,0.47619047619047616,0.12169312169312169,0.0,0.07936507936507936,0.0,0.8311111111111111,0.9171597633136095,0.5978835978835979,0.19576719576719576,0.20634920634920634,10.0,0.042328042328042326,0.050873015873015875,120.60521125793434,0.003316606271221012,0.7462364110247276,0.9953509012886753,0.010582010582010581,0.7049180327868853,0.14666666666666667,0.24,0.3377777777777778,0.49333333333333335,0.6355555555555555,0.7644444444444445,0.621301775147929,0.7337278106508875,0.8698224852071006,0.006449224147945643,0.005099773081019521,0.009638936584815383,0.13999999999999999,-64.82276548047066,0.03822222222222223,0.0,108.3,0.0,1.0,0.07551496549510511,0.0,0.9236785828919916,0.0,0.0032782515991471215,0.23111111111111113,0.2733727810650888,0.9991935483870968,0.0008064516129032258,0.0,100.6,0.8731955430222161,0.007118518518518517,95.71395695686324,0.0003562289074949337,0.08015150418636008,0.27367423907173977,0.0,0.1,0.03822222222222223,0.03936507936507937,nan,0.23111111111111113,0.23492063492063492,nan,0.2733727810650888,0.2764158918005072,nan,-58.40167572262286,0.04133333333333333,0.0,103.6,0.0,1.0,0.0854800043625625,0.0,0.9125635541461122,0.0,0.004143763213530655,0.23777777777777778,0.2781065088757396,0.9980435585086749,0.001956441491325212,0.0,95.1,0.8607217222054431,0.008066666666666666,91.57214973926536,0.0004198316841372727,0.09446212893088636,0.28178711981365134,0.0,0.2,0.04133333333333333,0.04,nan,0.23777777777777778,0.23703703703703702,nan,0.2781065088757396,0.2781065088757397,nan,0.4045412228796844
81,15830,0.8329055555555556,-1.6777368664741514,0.3244444444444444,0,150,0.48,0.13333333333333333,0.013333333333333334,0.06666666666666667,0.0,0.7555555555555555,0.8284023668639053,0.6266666666666667,0.18666666666666668,0.18666666666666668,12.0,0.08,0.05333333333333332,100.26416063308703,0.0031915691307787247,0.718103054425213,0.9941421356237311,0.0,0.7333333333333333,0.1511111111111111,0.21777777777777776,0.3244444444444444,0.5377777777777778,0.5822222222222222,0.7555555555555555,0.6390532544378699,0.6745562130177515,0.8284023668639053,0.007346284203231334,0.005562094785273075,0.012755599757656454,0.139875,nan,nan,nan,nan,nan,nan,nan,nan,nan,nan,nan,nan,nan,nan,nan,nan,nan,nan,nan,nan,nan,nan,nan,nan,nan,nan,nan,nan,nan,nan,nan,nan,nan,nan,nan,nan,nan,nan,nan,nan,nan,nan,nan,nan,nan,nan,nan,nan,nan,nan,nan,nan,nan,nan,nan,nan,nan,nan,nan,nan,nan,nan,nan,nan,nan,nan,nan,nan,nan
82,16007,0.8310372222222222,-0.700894083976743,0.40444444444444444,0,177,0.5084745762711864,0.0903954802259887,0.011299435028248588,0.1016949152542373,0.0,0.8488888888888889,0.9467455621301775,0.6101694915254238,0.2033898305084746,0.1864406779661017,7.0,0.02824858757062147,0.049999999999999996,110.17994365692111,0.0036304248007742873,0.8168455801742146,0.9966904721038029,0.0,0.78,0.14222222222222222,0.28,0.3511111111111111,0.5155555555555555,0.8222222222222222,0.8444444444444444,0.6390532544378699,0.9467455621301775,0.9467455621301775,0.007214548019692302,0.005459332140162587,0.01255968390032649,0.13974999999999999,nan,nan,nan,nan,nan,nan,nan,nan,nan,nan,nan,nan,nan,nan,nan,nan,nan,nan,nan,nan,nan,nan,nan,nan,nan,nan,nan,nan,nan,nan,nan,nan,nan,nan,nan,nan,nan,nan,nan,nan,nan,nan,nan,nan,nan,nan,nan,nan,nan,nan,nan,nan,nan,nan,nan,nan,nan,nan,nan,nan,nan,nan,nan,nan,nan,nan,nan,nan,nan
83,16149,0.8295383333333334,-3.8246543383598315,0.23555555555555555,0,142,0.36619718309859156,0.22535211267605634,0.0,0.09154929577464789,0.0,0.6444444444444445,0.7159763313609467,0.5915492957746479,0.2535211267605634,0.15492957746478872,26.0,0.2535211267605634,0.038518518518518514,100.45385084152217,0.002300669503210148,0.5176506382222833,1.0,0.014084507042253521,0.5333333333333333,0.14666666666666667,0.2088888888888889,nan,0.5022222222222222,0.6444444444444445,nan,0.6094674556213018,0.7159763313609467,nan,0.007087909756228328,0.005131273390725255,0.01401351005770266,0.139625,nan,nan,nan,nan,nan,nan,nan,nan,nan,nan,nan,nan,nan,nan,nan,nan,nan,nan,nan,nan,nan,nan,nan,nan,nan,nan,nan,nan,nan,nan,nan,nan,nan,nan,nan,nan,nan,nan,nan,nan,nan,nan,nan,nan,nan,nan,nan,nan,nan,nan,nan,nan,nan,nan,nan,nan,nan,nan,nan,nan,nan,nan,nan,nan,nan,nan,nan,nan,nan
84,16346,0.827458888888889,-2.1188066658973694,0.3422222222222222,0,197,0.38578680203045684,0.2131979695431472,0.0,0.1218274111675127,0.0,0.6666666666666666,0.6923076923076923,0.5989847715736041,0.19289340101522842,0.20812182741116753,42.0,0.3197969543147208,0.04222222222222222,120.30292062759356,0.0028077271608674694,0.6317386111951806,0.9322001747432969,0.015228426395939087,0.509090909090909,0.15555555555555556,0.28888888888888886,0.3377777777777778,0.6044444444444445,0.6666666666666666,0.6666666666666666,0.6568047337278107,0.6923076923076923,0.6923076923076923,0.006851498503237963,0.005338183045387268,0.010848138341680169,0.13949999999999999,nan,nan,nan,nan,nan,nan,nan,nan,nan,nan,nan,nan,nan,nan,nan,nan,nan,nan,nan,nan,nan,nan,nan,nan,nan,nan,nan,nan,nan,nan,nan,nan,nan,nan,nan,nan,nan,nan,nan,nan,nan,nan,nan,nan,nan,nan,nan,nan,nan,nan,nan,nan,nan,nan,nan,nan,nan,nan,nan,nan,nan,nan,nan,nan,nan,nan,nan,nan,nan
85,16536,0.8254533333333334,-1.9966931257247906,0.43555555555555553,0,190,0.5105263157894737,0.05263157894736842,0.021052631578947368,0.13157894736842105,0.0,1.0,1.0,0.5842105263157895,0.21578947368421053,0.2,22.0,0.08947368421052632,0.05537037037037036,120.49231548309298,0.0035779137398318397,0.8050305914621639,0.9825357803993408,0.03684210526315789,0.8518518518518519,0.1288888888888889,0.26222222222222225,0.4,0.4666666666666667,0.6488888888888888,1.0,0.47928994082840237,0.6863905325443787,1.0,0.006504712253808975,0.0055270522832870485,0.007014600466936827,0.139375,nan,nan,nan,nan,nan,nan,nan,nan,nan,nan,nan,nan,nan,nan,nan,nan,nan,nan,nan,nan,nan,nan,nan,nan,nan,nan,nan,nan,nan,nan,nan,nan,nan,nan,nan,nan,nan,nan,nan,nan,nan,nan,nan,nan,nan,nan,nan,nan,nan,nan,nan,nan,nan,nan,nan,nan,nan,nan,nan,nan,nan,nan,nan,nan,nan,nan,nan,nan,nan
86,16786,0.8228144444444445,-1.5136494739055661,0.49333333333333335,0,250,0.44,0.128,0.0,0.148,0.0,0.8711111111111111,0.9467455621301775,0.568,0.224,0.208,15.0,0.144,0.04888888888888889,150.51094737052935,0.00324819488170078,0.7308438483826755,0.9895893649019942,0.02,0.7183098591549296,0.1688888888888889,0.28444444444444444,0.4,0.6222222222222222,0.6844444444444444,0.8711111111111111,0.6804733727810651,0.7337278106508875,0.9467455621301775,0.0071988558862358335,0.00553455064073205,0.011951923416927458,0.13924999999999998,nan,nan,nan,nan,nan,nan,nan,nan,nan,nan,nan,nan,nan,nan,nan,nan,nan,nan,nan,nan,nan,nan,nan,nan,nan,nan,nan,nan,nan,nan,nan,nan,nan,nan,nan,nan,nan,nan,nan,nan,nan,nan,nan,nan,nan,nan,nan,nan,nan,nan,nan,nan,nan,nan,nan,nan,nan,nan,nan,nan,nan,nan,nan,nan,nan,nan,nan,nan,nan
87,17019,0.8203550000000001,-2.011682984828947,0.49333333333333335,0,233,0.4721030042918455,0.12446351931330472,0.017167381974248927,0.13733905579399142,0.0,0.9555555555555556,1.0,0.6137339055793991,0.21888412017167383,0.16738197424892703,27.0,0.14163090128755365,0.048888888888888885,150.0350760459901,0.003258497291253615,0.7331618905320634,0.9829127105968164,0.030042918454935622,0.7017543859649122,0.1511111111111111,0.28888888888888886,0.4088888888888889,0.6888888888888889,0.9466666666666667,0.9466666666666667,0.727810650887574,1.0,1.0,0.006803632713854313,0.005630805715918541,0.0084300234913826,0.139125,nan,nan,nan,nan,nan,nan,nan,nan,nan,nan,nan,nan,nan,nan,nan,nan,nan,nan,nan,nan,nan,nan,nan,nan,nan,nan,nan,nan,nan,nan,nan,nan,nan,nan,nan,nan,nan,nan,nan,nan,nan,nan,nan,nan,nan,nan,nan,nan,nan,nan,nan,nan,nan,nan,nan,nan,nan,nan,nan,nan,nan,nan,nan,nan,nan,nan,nan,nan,nan
88,17214,0.8182966666666667,-0.5915727317333219,0.4222222222222222,0,195,0.48205128205128206,0.13846153846153847,0.0,0.1076923076923077,0.0,0.8488888888888889,0.9112426035502958,0.6205128205128205,0.21025641025641026,0.16923076923076924,15.0,0.08717948717948718,0.05236111111111111,120.20545458793605,0.003475530949988242,0.7819944637473543,0.9911590814458405,0.010256410256410256,0.6538461538461539,0.14222222222222222,0.28888888888888886,0.37333333333333335,0.5511111111111111,0.8355555555555556,0.8488888888888889,0.6094674556213018,0.9112426035502958,0.9112426035502958,0.007096943724900484,0.00574018144980073,0.009760878421366215,0.13899999999999998,nan,nan,nan,nan,nan,nan,nan,nan,nan,nan,nan,nan,nan,nan,nan,nan,nan,nan,nan,nan,nan,nan,nan,nan,nan,nan,nan,nan,nan,nan,nan,nan,nan,nan,nan,nan,nan,nan,nan,nan,nan,nan,nan,nan,nan,nan,nan,nan,nan,nan,nan,nan,nan,nan,nan,nan,nan,nan,nan,nan,nan,nan,nan,nan,nan,nan,nan,nan,nan
89,17367,0.8166816666666666,-1.1088442769050602,0.36444444444444446,0,153,0.5294117647058824,0.08496732026143791,0.0,0.11764705882352941,0.0,0.9511111111111111,1.0,0.6143790849673203,0.20261437908496732,0.1830065359477124,8.0,0.0196078431372549,0.06074074074074075,100.10327882766704,0.0035962857981880754,0.8091643045923169,0.9780225362079213,0.006535947712418301,0.8292682926829268,0.13777777777777778,0.26666666666666666,0.35555555555555557,0.5422222222222223,0.8222222222222222,0.9333333333333333,0.6272189349112426,0.893491124260355,0.9822485207100592,0.007058316143229604,0.005924146389588714,0.00816683960147202,0.138875,nan,nan,nan,nan,nan,nan,nan,nan,nan,nan,nan,nan,nan,nan,nan,nan,nan,nan,nan,nan,nan,nan,nan,nan,nan,nan,nan,nan,nan,nan,nan,nan,nan,nan,nan,nan,nan,nan,nan,nan,nan,nan,nan,nan,nan,nan,nan,nan,nan,nan,nan,nan,nan,nan,nan,nan,nan,nan,nan,nan,nan,nan,nan,nan,nan,nan,nan,nan,nan
90,17462,0.8156788888888888,-0.7767625701427461,0.28888888888888886,0,95,0.6736842105263158,0.031578947368421054,0.0,0.021052631578947368,0.010526315789473684,0.7822222222222223,0.863905325443787,0.7052631578947368,0.1368421052631579,0.15789473684210525,2.0,0.0,0.07472222222222222,70.25488162040706,0.004048749893015568,0.9109687259285026,0.9813860067986961,0.0,1.0,0.15555555555555556,nan,nan,0.5377777777777778,nan,nan,0.5976331360946746,nan,nan,0.00662035308778286,0.0053032456897199156,0.009492666041478515,0.13874999999999998,nan,nan,nan,nan,nan,nan,nan,nan,nan,nan,nan,nan,nan,nan,nan,nan,nan,nan,nan,nan,nan,nan,nan,nan,nan,nan,nan,nan,nan,nan,nan,nan,nan,nan,nan,nan,nan,nan,nan,nan,nan,nan,nan,nan,nan,nan,nan,nan,nan,nan,nan,nan,nan,nan,nan,nan,nan,nan,nan,nan,nan,nan,nan,nan,nan,nan,nan,nan,nan
91,17678,0.8133988888888889,-2.2767186486721025,0.39111111111111113,0,216,0.4027777777777778,0.12962962962962962,0.0,0.1712962962962963,0.004629629629629629,0.8133333333333334,0.8461538461538461,0.5324074074074074,0.20833333333333334,0.25925925925925924,17.0,0.1388888888888889,0.04546296296296297,126.9592252254482,0.0030455972457302124,0.6852593802892977,0.9905080901310457,0.009259259259259259,0.71875,0.14222222222222222,0.19555555555555557,0.28,0.5155555555555555,0.5333333333333333,0.5866666666666667,0.6094674556213018,0.621301775147929,0.621301775147929,0.006762941787019372,0.005441568000242114,0.009532002499327064,0.138625,nan,nan,nan,nan,nan,nan,nan,nan,nan,nan,nan,nan,nan,nan,nan,nan,nan,nan,nan,nan,nan,nan,nan,nan,nan,nan,nan,nan,nan,nan,nan,nan,nan,nan,nan,nan,nan,nan,nan,nan,nan,nan,nan,nan,nan,nan,nan,nan,nan,nan,nan,nan,nan,nan,nan,nan,nan,nan,nan,nan,nan,nan,nan,nan,nan,nan,nan,nan,nan
92,17827,0.8118261111111111,-2.1820465619564047,0.3244444444444444,0,149,0.48322147651006714,0.087248322147651,0.0,0.12751677852348994,0.0,0.8666666666666667,0.9585798816568047,0.5704697986577181,0.19463087248322147,0.2348993288590604,12.0,0.087248322147651,0.053518518518518514,100.79091963767979,0.003174889178016497,0.7143500650537118,0.9980342736992386,0.006711409395973154,0.7333333333333333,0.17333333333333334,0.26222222222222225,nan,0.7066666666666667,0.8088888888888889,nan,0.8165680473372781,0.8994082840236687,nan,0.0076782259624451395,0.006176027748733759,0.010846195602789521,0.13849999999999998,nan,nan,nan,nan,nan,nan,nan,nan,nan,nan,nan,nan,nan,nan,nan,nan,nan,nan,nan,nan,nan,nan,nan,nan,nan,nan,nan,nan,nan,nan,nan,nan,nan,nan,nan,nan,nan,nan,nan,nan,nan,nan,nan,nan,nan,nan,nan,nan,nan,nan,nan,nan,nan,nan,nan,nan,nan,nan,nan,nan,nan,nan,nan,nan,nan,nan,nan,nan,nan
93,17996,0.8100422222222222,-1.4785777940750122,0.32,0,169,0.42011834319526625,0.15976331360946747,0.005917159763313609,0.1301775147928994,0.0,0.6088888888888889,0.6390532544378699,0.5857988165680473,0.15976331360946747,0.25443786982248523,19.0,0.15976331360946747,0.04527986633249792,100.32931232452361,0.0031451980308094263,0.7076695569321209,0.9453844457833164,0.0,0.6041666666666666,0.16444444444444445,0.26666666666666666,0.31555555555555553,0.5466666666666666,0.6088888888888889,0.6088888888888889,0.6153846153846154,0.6390532544378699,0.6390532544378699,0.0070467044599354265,0.005756172351539135,0.009326339047402144,0.138375,nan,nan,nan,nan,nan,nan,nan,nan,nan,nan,nan,nan,nan,nan,nan,nan,nan,nan,nan,nan,nan,nan,nan,nan,nan,nan,nan,nan,nan,nan,nan,nan,nan,nan,nan,nan,nan,nan,nan,nan,nan,nan,nan,nan,nan,nan,nan,nan,nan,nan,nan,nan,nan,nan,nan,nan,nan,nan,nan,nan,nan,nan,nan,nan,nan,nan,nan,nan,nan
94,18171,0.808195,-2.5898468391895295,0.28444444444444444,0,175,0.36,0.1657142857142857,0.0,0.18857142857142858,0.0,0.5822222222222222,0.6390532544378699,0.5257142857142857,0.28,0.19428571428571428,20.0,0.29714285714285715,0.04,100.09377942085236,0.002797376636391333,0.62940974318805,0.9949789733917694,0.0,0.5510204081632653,0.14666666666666667,0.17333333333333334,0.25333333333333335,0.4533333333333333,0.4533333333333333,0.5555555555555556,0.4970414201183432,0.4970414201183432,0.6035502958579881,0.006658755801618099,0.005537051614373923,0.008113593119196594,0.13824999999999998,nan,nan,nan,nan,nan,nan,nan,nan,nan,nan,nan,nan,nan,nan,nan,nan,nan,nan,nan,nan,nan,nan,nan,nan,nan,nan,nan,nan,nan,nan,nan,nan,nan,nan,nan,nan,nan,nan,nan,nan,nan,nan,nan,nan,nan,nan,nan,nan,nan,nan,nan,nan,nan,nan,nan,nan,nan,nan,nan,nan,nan,nan,nan,nan,nan,nan,nan,nan,nan
95,18330,0.8065166666666667,-0.3065488166809066,0.37333333333333335,0,159,0.5220125786163522,0.11320754716981132,0.0,0.07547169811320754,0.0,0.7733333333333333,0.8461538461538461,0.6352201257861635,0.22641509433962265,0.13836477987421383,7.0,0.018867924528301886,0.05382716049382717,100.02427444457982,0.0036879936489144765,0.829798571005757,0.9886708843569135,0.006289308176100629,0.7333333333333333,0.14222222222222222,0.27111111111111114,0.3688888888888889,0.47555555555555556,0.7111111111111111,0.7733333333333333,0.5266272189349113,0.7869822485207101,0.8461538461538461,0.006820668559521436,0.005651592509821057,0.008463898627087473,0.138125,nan,nan,nan,nan,nan,nan,nan,nan,nan,nan,nan,nan,nan,nan,nan,nan,nan,nan,nan,nan,nan,nan,nan,nan,nan,nan,nan,nan,nan,nan,nan,nan,nan,nan,nan,nan,nan,nan,nan,nan,nan,nan,nan,nan,nan,nan,nan,nan,nan,nan,nan,nan,nan,nan,nan,nan,nan,nan,nan,nan,nan,nan,nan,nan,nan,nan,nan,nan,nan
96,18536,0.8043422222222223,-2.0100546245574935,0.37333333333333335,0,206,0.4029126213592233,0.14563106796116504,0.0,0.18446601941747573,0.0,0.7555555555555555,0.8224852071005917,0.5485436893203883,0.22815533980582525,0.22330097087378642,42.0,0.2524271844660194,0.04724279835390947,120.32432975769004,0.003065788021689046,0.6898023048800352,0.9379388337989923,0.019417475728155338,0.5636363636363636,0.1511111111111111,0.2222222222222222,0.28,0.6088888888888889,0.6533333333333333,0.6533333333333333,0.6568047337278107,0.6863905325443787,0.6863905325443787,0.007261993223801255,0.005861414782702923,0.0101491192355752,0.13799999999999998,nan,nan,nan,nan,nan,nan,nan,nan,nan,nan,nan,nan,nan,nan,nan,nan,nan,nan,nan,nan,nan,nan,nan,nan,nan,nan,nan,nan,nan,nan,nan,nan,nan,nan,nan,nan,nan,nan,nan,nan,nan,nan,nan,nan,nan,nan,nan,nan,nan,nan,nan,nan,nan,nan,nan,nan,nan,nan,nan,nan,nan,nan,nan,nan,nan,nan,nan,nan,nan
97,18735,0.8022416666666667,-5.101818478584288,0.3244444444444444,0,199,0.36180904522613067,0.12562814070351758,0.010050251256281407,0.25125628140703515,0.0,0.8088888888888889,0.9289940828402367,0.49748743718592964,0.27638190954773867,0.22613065326633167,73.0,0.35175879396984927,0.039999999999999994,120.83636646270746,0.0026482093873516003,0.5958471121541101,0.9396613488599205,0.07035175879396985,0.58,0.1511111111111111,0.25333333333333335,0.3244444444444444,0.6222222222222222,0.72,0.8088888888888889,0.7633136094674556,0.8579881656804734,0.9289940828402367,0.006557325134053826,0.00545707861892879,0.007980028679594398,0.137875,nan,nan,nan,nan,nan,nan,nan,nan,nan,nan,nan,nan,nan,nan,nan,nan,nan,nan,nan,nan,nan,nan,nan,nan,nan,nan,nan,nan,nan,nan,nan,nan,nan,nan,nan,nan,nan,nan,nan,nan,nan,nan,nan,nan,nan,nan,nan,nan,nan,nan,nan,nan,nan,nan,nan,nan,nan,nan,nan,nan,nan,nan,nan,nan,nan,nan,nan,nan,nan
98,18915,0.8003416666666667,-2.34719666147232,0.3111111111111111,0,180,0.38333333333333336,0.2111111111111111,0.0,0.13333333333333333,0.0,0.6888888888888889,0.7869822485207101,0.5944444444444444,0.15555555555555556,0.25,38.0,0.3111111111111111,0.03833333333333333,110.63996820449805,0.0027717530259937224,0.6236444308485874,0.9619783867159454,0.0,0.5102040816326531,0.1511111111111111,0.27555555555555555,0.3111111111111111,0.6444444444444445,0.6888888888888889,0.6888888888888889,0.7396449704142012,0.7869822485207101,0.7869822485207101,0.006572336377575994,0.005392936104908585,0.00856188959442079,0.13774999999999998,nan,nan,nan,nan,nan,nan,nan,nan,nan,nan,nan,nan,nan,nan,nan,nan,nan,nan,nan,nan,nan,nan,nan,nan,nan,nan,nan,nan,nan,nan,nan,nan,nan,nan,nan,nan,nan,nan,nan,nan,nan,nan,nan,nan,nan,nan,nan,nan,nan,nan,nan,nan,nan,nan,nan,nan,nan,nan,nan,nan,nan,nan,nan,nan,nan,nan,nan,nan,nan
99,19083,0.7985683333333333,-2.265736862182616,0.29333333333333333,0,168,0.3869047619047619,0.16666666666666666,0.0,0.14285714285714285,0.0,0.6044444444444445,0.6449704142011834,0.5535714285714286,0.23809523809523808,0.20833333333333334,23.0,0.16071428571428573,0.04201058201058201,100.54987487792945,0.0028730904860857225,0.6464453593692875,0.9657862376668527,0.0,0.6078431372549019,0.14666666666666667,0.24888888888888888,0.28,0.5377777777777778,0.6044444444444445,0.6044444444444445,0.6153846153846154,0.6449704142011834,0.6449704142011834,0.005812060041353107,0.004932269360870123,0.006392666418105364,0.137625,nan,nan,nan,nan,nan,nan,nan,nan,nan,nan,nan,nan,nan,nan,nan,nan,nan,nan,nan,nan,nan,nan,nan,nan,nan,nan,nan,nan,nan,nan,nan,nan,nan,nan,nan,nan,nan,nan,nan,nan,nan,nan,nan,nan,nan,nan,nan,nan,nan,nan,nan,nan,nan,nan,nan,nan,nan,nan,nan,nan,nan,nan,nan,nan,nan,nan,nan,nan,nan
100,19224,0.79708,-1.1769296765327444,0.36,0,141,0.5673758865248227,0.0851063829787234,0.0070921985815602835,0.07801418439716312,0.0,0.84,0.9289940828402367,0.6595744680851063,0.1773049645390071,0.16312056737588654,6.0,0.014184397163120567,0.0625925925925926,100.29456834793076,0.0035451127754207164,0.7976503744696611,0.9856959408732302,0.0070921985815602835,0.7837837837837838,0.16,0.26666666666666666,nan,0.6,0.8044444444444444,nan,0.6923076923076923,0.9289940828402367,nan,0.006507210666313767,0.005363285867497325,0.00831945319660008,0.13749999999999998,-60.693583131456386,0.042222222222222223,0.0,105.8,0.0,1.0,0.084805952197462,0.0,0.9111113090726501,0.0,0.004268350609048112,0.2511111111111111,0.2946745562130178,0.995917261270112,0.0025902014164550097,0.0014925373134328358,97.0,0.8611385654350565,0.007933333333333332,93.62650601387008,0.00040845218392986815,0.09190174138422033,0.2855248050345705,0.0,0.3,0.042222222222222223,0.04507936507936509,nan,0.2511111111111111,0.2634920634920635,nan,0.2946745562130178,0.3068469991546915,nan,-57.53553857064249,0.04533333333333334,0.0,104.1,0.0,1.0,0.09564253109300652,0.0,0.8975415617714871,0.0,0.003978605548204795,0.27111111111111114,0.3207100591715977,0.9931840928644936,0.0055659071355063814,0.00125,94.4,0.8477755181574473,0.009103703703703702,91.44703400611868,0.00047116746010526355,0.1060126785236843,0.29287317573105176,0.0,0.5,0.04533333333333334,0.04222222222222222,nan,0.27111111111111114,0.25555555555555554,nan,0.3207100591715977,0.3017751479289941,nan,0.44360157790927024
101,19425,0.7949583333333333,-1.6444701125621801,0.37333333333333335,0,201,0.4129353233830846,0.16417910447761194,0.0,0.11442786069651742,0.0,0.84,0.8994082840236687,0.5771144278606966,0.17412935323383086,0.24875621890547264,22.0,0.16417910447761194,0.04098765432098766,120.60447726249662,0.003058666620526859,0.6881999896185432,0.9853439427796672,0.0,0.6290322580645161,0.14222222222222222,0.19555555555555557,0.3111111111111111,0.5111111111111111,0.6,0.8133333333333334,0.5976331360946746,0.6804733727810651,0.8875739644970414,0.014068698603659868,0.011901673953980207,0.01577451843768358,0.137375,nan,nan,nan,nan,nan,nan,nan,nan,nan,nan,nan,nan,nan,nan,nan,nan,nan,nan,nan,nan,nan,nan,nan,nan,nan,nan,nan,nan,nan,nan,nan,nan,nan,nan,nan,nan,nan,nan,nan,nan,nan,nan,nan,nan,nan,nan,nan,nan,nan,nan,nan,nan,nan,nan,nan,nan,nan,nan,nan,nan,nan,nan,nan,nan,nan,nan,nan,nan,nan
102,19606,0.7930477777777778,-1.8935743873119355,0.36444444444444446,0,181,0.44751381215469616,0.09392265193370165,0.011049723756906077,0.1712707182320442,0.0,0.8444444444444444,0.9053254437869822,0.5524861878453039,0.22099447513812154,0.2265193370165746,29.0,0.17679558011049723,0.04675925925925927,110.07213702201821,0.00327058245383196,0.7358810521121909,0.9847193619816688,0.011049723756906077,0.6938775510204082,0.09777777777777778,0.23555555555555555,0.35555555555555557,0.4088888888888889,0.7733333333333333,0.8444444444444444,0.46153846153846156,0.8520710059171598,0.9053254437869822,0.012401997623965145,0.010055499942973256,0.017096523009240628,0.13724999999999998,nan,nan,nan,nan,nan,nan,nan,nan,nan,nan,nan,nan,nan,nan,nan,nan,nan,nan,nan,nan,nan,nan,nan,nan,nan,nan,nan,nan,nan,nan,nan,nan,nan,nan,nan,nan,nan,nan,nan,nan,nan,nan,nan,nan,nan,nan,nan,nan,nan,nan,nan,nan,nan,nan,nan,nan,nan,nan,nan,nan,nan,nan,nan,nan,nan,nan,nan,nan,nan
103,19824,0.7907466666666667,-1.9237930641174295,0.49777777777777776,0,218,0.5091743119266054,0.05963302752293578,0.0045871559633027525,0.16972477064220184,0.0,0.8844444444444445,0.9349112426035503,0.573394495412844,0.22477064220183487,0.2018348623853211,17.0,0.06880733944954129,0.05654320987654322,130.43612442016567,0.003782183314065586,0.8509912456647569,0.9750929366741533,0.03669724770642202,0.875,0.13333333333333333,0.2311111111111111,0.36,0.4488888888888889,0.5777777777777777,0.8222222222222222,0.5384615384615384,0.621301775147929,0.8757396449704142,0.010878639575093985,0.009300898434594274,0.01150585962459445,0.137125,nan,nan,nan,nan,nan,nan,nan,nan,nan,nan,nan,nan,nan,nan,nan,nan,nan,nan,nan,nan,nan,nan,nan,nan,nan,nan,nan,nan,nan,nan,nan,nan,nan,nan,nan,nan,nan,nan,nan,nan,nan,nan,nan,nan,nan,nan,nan,nan,nan,nan,nan,nan,nan,nan,nan,nan,nan,nan,nan,nan,nan,nan,nan,nan,nan,nan,nan,nan,nan
104,19988,0.7890155555555556,-2.781166941642761,0.29333333333333333,0,164,0.39634146341463417,0.1402439024390244,0.0,0.1951219512195122,0.0,0.8266666666666667,0.9171597633136095,0.5365853658536586,0.2621951219512195,0.20121951219512196,23.0,0.2073170731707317,0.04575963718820862,100.16349468231176,0.0028841734187206314,0.648939019212142,0.9874984601725968,0.036585365853658534,0.6590909090909091,0.13333333333333333,0.1688888888888889,0.25333333333333335,0.39111111111111113,0.41333333333333333,0.7022222222222222,0.46153846153846156,0.46153846153846156,0.7514792899408284,0.00812684539705515,0.006883899075910449,0.009072600631043315,0.13699999999999998,nan,nan,nan,nan,nan,nan,nan,nan,nan,nan,nan,nan,nan,nan,nan,nan,nan,nan,nan,nan,nan,nan,nan,nan,nan,nan,nan,nan,nan,nan,nan,nan,nan,nan,nan,nan,nan,nan,nan,nan,nan,nan,nan,nan,nan,nan,nan,nan,nan,nan,nan,nan,nan,nan,nan,nan,nan,nan,nan,nan,nan,nan,nan,nan,nan,nan,nan,nan,nan
105,20184,0.7869466666666667,-1.1642993421554553,0.38666666666666666,0,196,0.4387755102040816,0.17857142857142858,0.00510204081632653,0.08673469387755102,0.0,0.7288888888888889,0.7633136094674556,0.6224489795918368,0.20408163265306123,0.17346938775510204,17.0,0.1683673469387755,0.04830687830687831,120.41237468719446,0.003174276923075005,0.714212307691876,0.981181401978937,0.00510204081632653,0.6842105263157895,0.1511111111111111,0.26666666666666666,0.3422222222222222,0.5644444444444444,0.6577777777777778,0.72,0.6627218934911243,0.7159763313609467,0.7633136094674556,0.007801579777151346,0.006595970084890723,0.008808107487857342,0.136875,nan,nan,nan,nan,nan,nan,nan,nan,nan,nan,nan,nan,nan,nan,nan,nan,nan,nan,nan,nan,nan,nan,nan,nan,nan,nan,nan,nan,nan,nan,nan,nan,nan,nan,nan,nan,nan,nan,nan,nan,nan,nan,nan,nan,nan,nan,nan,nan,nan,nan,nan,nan,nan,nan,nan,nan,nan,nan,nan,nan,nan,nan,nan,nan,nan,nan,nan,nan,nan
106,20399,0.7846772222222222,-1.4934617114067053,0.4666666666666667,0,215,0.48372093023255813,0.12558139534883722,0.004651162790697674,0.10697674418604651,0.0,0.9066666666666666,0.9881656804733728,0.6139534883720931,0.20930232558139536,0.17674418604651163,22.0,0.13023255813953488,0.0520164609053498,140.36630201339722,0.003292971429696179,0.7409185716816402,0.9733823915994341,0.004651162790697674,0.7333333333333333,0.14666666666666667,0.24888888888888888,0.4,0.47555555555555556,0.6177777777777778,0.8933333333333333,0.5266272189349113,0.7159763313609467,0.9763313609467456,0.007059347908943891,0.006196638150140643,0.006308664125390351,0.13674999999999998,nan,nan,nan,nan,nan,nan,nan,nan,nan,nan,nan,nan,nan,nan,nan,nan,nan,nan,nan,nan,nan,nan,nan,nan,nan,nan,nan,nan,nan,nan,nan,nan,nan,nan,nan,nan,nan,nan,nan,nan,nan,nan,nan,nan,nan,nan,nan,nan,nan,nan,nan,nan,nan,nan,nan,nan,nan,nan,nan,nan,nan,nan,nan,nan,nan,nan,nan,nan,nan
