result_file,map_size,decision_family,approach,artifact_kind,bytes
15x15/benchmarks/frontier_planner_component_ablation_heldout/comparison_by_episode.csv,15x15,benchmarks,frontier_planner_component_ablation_heldout,comparison,11896
15x15/benchmarks/frontier_planner_component_ablation_heldout/comparison_summary.json,15x15,benchmarks,frontier_planner_component_ablation_heldout,comparison,7697
15x15/benchmarks/frontier_planner_vs_learned_heldout/comparison_by_episode.csv,15x15,benchmarks,frontier_planner_vs_learned_heldout,comparison,8545
15x15/benchmarks/frontier_planner_vs_learned_heldout/comparison_summary.json,15x15,benchmarks,frontier_planner_vs_learned_heldout,comparison,3685
15x15/benchmarks/frontier_planner_vs_oracle/comparison_by_episode.csv,15x15,benchmarks,frontier_planner_vs_oracle,comparison,9793
15x15/benchmarks/frontier_planner_vs_oracle/comparison_summary.json,15x15,benchmarks,frontier_planner_vs_oracle,comparison,1254
15x15/benchmarks/frontier_planner_vs_oracle/god_mode/god_mode_config.txt,15x15,benchmarks,frontier_planner_vs_oracle/god_mode,configuration,122
15x15/benchmarks/frontier_planner_vs_oracle/god_mode/god_mode_episode_metrics.csv,15x15,benchmarks,frontier_planner_vs_oracle/god_mode,metric,3982
15x15/benchmarks/frontier_planner_vs_oracle/god_mode/summary.json,15x15,benchmarks,frontier_planner_vs_oracle/god_mode,metric,515
15x15/benchmarks/frontier_planner_vs_oracle/planner/planner_config.txt,15x15,benchmarks,frontier_planner_vs_oracle/planner,configuration,384
15x15/benchmarks/frontier_planner_vs_oracle/planner/planner_episode_metrics.csv,15x15,benchmarks,frontier_planner_vs_oracle/planner,metric,4165
15x15/benchmarks/frontier_planner_vs_oracle/planner/summary.json,15x15,benchmarks,frontier_planner_vs_oracle/planner,metric,830
15x15/benchmarks/frontier_planner_vs_residual_object_dropout_heldout/comparison_by_episode.csv,15x15,benchmarks,frontier_planner_vs_residual_object_dropout_heldout,comparison,6575
15x15/benchmarks/frontier_planner_vs_residual_object_dropout_heldout/comparison_summary.json,15x15,benchmarks,frontier_planner_vs_residual_object_dropout_heldout,comparison,4077
15x15/benchmarks/frontier_planner_vs_residual_prior_full_heldout/comparison_by_episode.csv,15x15,benchmarks,frontier_planner_vs_residual_prior_full_heldout,comparison,6645
15x15/benchmarks/frontier_planner_vs_residual_prior_full_heldout/comparison_summary.json,15x15,benchmarks,frontier_planner_vs_residual_prior_full_heldout,comparison,4196
15x15/benchmarks/frontier_planner_vs_residual_resource_scarce_heldout/comparison_by_episode.csv,15x15,benchmarks,frontier_planner_vs_residual_resource_scarce_heldout,comparison,6536
15x15/benchmarks/frontier_planner_vs_residual_resource_scarce_heldout/comparison_summary.json,15x15,benchmarks,frontier_planner_vs_residual_resource_scarce_heldout,comparison,4090
15x15/benchmarks/frontier_planner_vs_residual_without_persistent_prior_heldout/comparison_by_episode.csv,15x15,benchmarks,frontier_planner_vs_residual_without_persistent_prior_heldout,comparison,6639
15x15/benchmarks/frontier_planner_vs_residual_without_persistent_prior_heldout/comparison_summary.json,15x15,benchmarks,frontier_planner_vs_residual_without_persistent_prior_heldout,comparison,4384
15x15/benchmarks/full_information_oracle/god_mode_config.txt,15x15,benchmarks,full_information_oracle,configuration,107
15x15/benchmarks/full_information_oracle/god_mode_metrics.csv,15x15,benchmarks,full_information_oracle,metric,230
15x15/benchmarks/full_information_oracle/summary.json,15x15,benchmarks,full_information_oracle,metric,500
15x15/benchmarks/recurrent_patch_fusion_dqn_reference/train_config.txt,15x15,benchmarks,recurrent_patch_fusion_dqn_reference,configuration,2127
15x15/benchmarks/recurrent_patch_fusion_dqn_reference/training_log_5.csv,15x15,benchmarks,recurrent_patch_fusion_dqn_reference,training_metric,199924
15x15/benchmarks/residual_persistent_prior_inference_ablation_heldout/comparison_by_episode.csv,15x15,benchmarks,residual_persistent_prior_inference_ablation_heldout,comparison,7565
15x15/benchmarks/residual_persistent_prior_inference_ablation_heldout/summary.json,15x15,benchmarks,residual_persistent_prior_inference_ablation_heldout,metric,1629
15x15/model_based/archived_direct_action_rl/ARCHIVE_NOTES.md,15x15,model_based,archived_direct_action_rl,supporting_result,238
15x15/model_based/archived_direct_action_rl/MANIFEST.tsv,15x15,model_based,archived_direct_action_rl,configuration,3461
15x15/model_based/archived_direct_action_rl/runs_dqn_v10_smoke/train_config.txt,15x15,model_based,archived_direct_action_rl/runs_dqn_v10_smoke,configuration,2175
15x15/model_based/archived_direct_action_rl/runs_dqn_v10_smoke/training_log.csv,15x15,model_based,archived_direct_action_rl/runs_dqn_v10_smoke,training_metric,559
15x15/model_based/archived_direct_action_rl/runs_dqn_v5/train_config.txt,15x15,model_based,archived_direct_action_rl/runs_dqn_v5,configuration,2127
15x15/model_based/archived_direct_action_rl/runs_dqn_v5/training_log_5.csv,15x15,model_based,archived_direct_action_rl/runs_dqn_v5,training_metric,199924
15x15/model_based/archived_direct_action_rl/runs_dqn_v5_explore_v2/train_config.txt,15x15,model_based,archived_direct_action_rl/runs_dqn_v5_explore_v2,configuration,3336
15x15/model_based/archived_direct_action_rl/runs_dqn_v5_explore_v2/training_log.csv,15x15,model_based,archived_direct_action_rl/runs_dqn_v5_explore_v2,training_metric,590640
15x15/model_based/archived_direct_action_rl/runs_dqn_v5_explore_v3/train_config.txt,15x15,model_based,archived_direct_action_rl/runs_dqn_v5_explore_v3,configuration,4086
15x15/model_based/archived_direct_action_rl/runs_dqn_v5_explore_v3/training_log.csv,15x15,model_based,archived_direct_action_rl/runs_dqn_v5_explore_v3,training_metric,159875
15x15/model_based/archived_direct_action_rl/runs_dqn_v5_improved/train_config.txt,15x15,model_based,archived_direct_action_rl/runs_dqn_v5_improved,configuration,2572
15x15/model_based/archived_direct_action_rl/runs_dqn_v5_improved/training_log.csv,15x15,model_based,archived_direct_action_rl/runs_dqn_v5_improved,training_metric,577513
15x15/model_based/archived_direct_action_rl/runs_dqn_v5_smoke_adaptive/train_config.txt,15x15,model_based,archived_direct_action_rl/runs_dqn_v5_smoke_adaptive,configuration,4087
15x15/model_based/archived_direct_action_rl/runs_dqn_v5_smoke_adaptive/training_log.csv,15x15,model_based,archived_direct_action_rl/runs_dqn_v5_smoke_adaptive,training_metric,2519
15x15/model_based/archived_direct_action_rl/runs_dqn_v5_smoke_adaptive_v2/train_config.txt,15x15,model_based,archived_direct_action_rl/runs_dqn_v5_smoke_adaptive_v2,configuration,4090
15x15/model_based/archived_direct_action_rl/runs_dqn_v5_smoke_adaptive_v2/training_log.csv,15x15,model_based,archived_direct_action_rl/runs_dqn_v5_smoke_adaptive_v2,training_metric,2504
15x15/model_based/archived_direct_action_rl/runs_dqn_v6_smoke/train_config.txt,15x15,model_based,archived_direct_action_rl/runs_dqn_v6_smoke,configuration,4546
15x15/model_based/archived_direct_action_rl/runs_dqn_v6_smoke/training_log.csv,15x15,model_based,archived_direct_action_rl/runs_dqn_v6_smoke,training_metric,28696
15x15/model_based/archived_direct_action_rl/runs_dqn_v6_trial300/train_config.txt,15x15,model_based,archived_direct_action_rl/runs_dqn_v6_trial300,configuration,4552
15x15/model_based/archived_direct_action_rl/runs_dqn_v6_trial300/training_log.csv,15x15,model_based,archived_direct_action_rl/runs_dqn_v6_trial300,training_metric,209412
15x15/model_based/archived_direct_action_rl/runs_dqn_v7_smoke/train_config.txt,15x15,model_based,archived_direct_action_rl/runs_dqn_v7_smoke,configuration,4854
15x15/model_based/archived_direct_action_rl/runs_dqn_v7_smoke/training_log.csv,15x15,model_based,archived_direct_action_rl/runs_dqn_v7_smoke,training_metric,30144
15x15/model_based/archived_direct_action_rl/runs_dqn_v7_trial120/train_config.txt,15x15,model_based,archived_direct_action_rl/runs_dqn_v7_trial120,configuration,4860
15x15/model_based/archived_direct_action_rl/runs_dqn_v7_trial120/training_log.csv,15x15,model_based,archived_direct_action_rl/runs_dqn_v7_trial120,training_metric,89309
15x15/model_based/archived_direct_action_rl/runs_dqn_v8_smoke/train_config.txt,15x15,model_based,archived_direct_action_rl/runs_dqn_v8_smoke,configuration,4842
15x15/model_based/archived_direct_action_rl/runs_dqn_v8_smoke/training_log.csv,15x15,model_based,archived_direct_action_rl/runs_dqn_v8_smoke,training_metric,29316
15x15/model_based/archived_direct_action_rl/runs_dqn_v8_smoke_tuned/train_config.txt,15x15,model_based,archived_direct_action_rl/runs_dqn_v8_smoke_tuned,configuration,4848
15x15/model_based/archived_direct_action_rl/runs_dqn_v8_smoke_tuned/training_log.csv,15x15,model_based,archived_direct_action_rl/runs_dqn_v8_smoke_tuned,training_metric,30057
15x15/model_based/archived_direct_action_rl/runs_dqn_v8_smoke_v6defaults/train_config.txt,15x15,model_based,archived_direct_action_rl/runs_dqn_v8_smoke_v6defaults,configuration,4854
15x15/model_based/archived_direct_action_rl/runs_dqn_v8_smoke_v6defaults/training_log.csv,15x15,model_based,archived_direct_action_rl/runs_dqn_v8_smoke_v6defaults,training_metric,29804
15x15/model_based/archived_direct_action_rl/runs_dqn_v8_smoke_v6defaults_nonovelty/train_config.txt,15x15,model_based,archived_direct_action_rl/runs_dqn_v8_smoke_v6defaults_nonovelty,configuration,4865
15x15/model_based/archived_direct_action_rl/runs_dqn_v8_smoke_v6defaults_nonovelty/training_log.csv,15x15,model_based,archived_direct_action_rl/runs_dqn_v8_smoke_v6defaults_nonovelty,training_metric,29613
15x15/model_based/archived_direct_action_rl/runs_dqn_v8_trial120/train_config.txt,15x15,model_based,archived_direct_action_rl/runs_dqn_v8_trial120,configuration,4848
15x15/model_based/archived_direct_action_rl/runs_dqn_v8_trial120/training_log.csv,15x15,model_based,archived_direct_action_rl/runs_dqn_v8_trial120,training_metric,88182
15x15/model_based/archived_direct_action_rl/runs_dqn_v9_3x3_hazard/train_config.txt,15x15,model_based,archived_direct_action_rl/runs_dqn_v9_3x3_hazard,configuration,5494
15x15/model_based/archived_direct_action_rl/runs_dqn_v9_3x3_hazard/training_log.csv,15x15,model_based,archived_direct_action_rl/runs_dqn_v9_3x3_hazard,training_metric,99871
15x15/model_based/archived_direct_action_rl/runs_dqn_v9_coverage_v1/train_config.txt,15x15,model_based,archived_direct_action_rl/runs_dqn_v9_coverage_v1,configuration,5577
15x15/model_based/archived_direct_action_rl/runs_dqn_v9_coverage_v1/training_log.csv,15x15,model_based,archived_direct_action_rl/runs_dqn_v9_coverage_v1,training_metric,701448
15x15/model_based/archived_direct_action_rl/runs_dqn_v9_no_health_smoke/train_config.txt,15x15,model_based,archived_direct_action_rl/runs_dqn_v9_no_health_smoke,configuration,5346
15x15/model_based/archived_direct_action_rl/runs_dqn_v9_no_health_smoke/training_log.csv,15x15,model_based,archived_direct_action_rl/runs_dqn_v9_no_health_smoke,training_metric,3542
15x15/model_based/archived_direct_action_rl/runs_ppo_rnd_reset_smoke/train_config.txt,15x15,model_based,archived_direct_action_rl/runs_ppo_rnd_reset_smoke,configuration,2637
15x15/model_based/archived_direct_action_rl/runs_ppo_rnd_reset_smoke/training_log.csv,15x15,model_based,archived_direct_action_rl/runs_ppo_rnd_reset_smoke,training_metric,3028
15x15/model_based/archived_direct_action_rl/runs_ppo_rnd_smoke/train_config.txt,15x15,model_based,archived_direct_action_rl/runs_ppo_rnd_smoke,configuration,2629
15x15/model_based/archived_direct_action_rl/runs_ppo_rnd_smoke/training_log.csv,15x15,model_based,archived_direct_action_rl/runs_ppo_rnd_smoke,training_metric,2787
15x15/model_based/archived_direct_action_rl/runs_ppo_rnd_v1/train_config.txt,15x15,model_based,archived_direct_action_rl/runs_ppo_rnd_v1,configuration,2632
15x15/model_based/archived_direct_action_rl/runs_ppo_rnd_v1/training_log.csv,15x15,model_based,archived_direct_action_rl/runs_ppo_rnd_v1,training_metric,227149
15x15/model_based/archived_direct_action_rl/runs_ppo_rnd_v2/train_config.txt,15x15,model_based,archived_direct_action_rl/runs_ppo_rnd_v2,configuration,3302
15x15/model_based/archived_direct_action_rl/runs_ppo_rnd_v2/training_log.csv,15x15,model_based,archived_direct_action_rl/runs_ppo_rnd_v2,training_metric,242039
15x15/model_based/archived_direct_action_rl/runs_ppo_rnd_v2_smoke/train_config.txt,15x15,model_based,archived_direct_action_rl/runs_ppo_rnd_v2_smoke,configuration,3304
15x15/model_based/archived_direct_action_rl/runs_ppo_rnd_v2_smoke/training_log.csv,15x15,model_based,archived_direct_action_rl/runs_ppo_rnd_v2_smoke,training_metric,7942
15x15/model_based/archived_direct_action_rl/runs_ppo_rnd_v3_smoke/train_config.txt,15x15,model_based,archived_direct_action_rl/runs_ppo_rnd_v3_smoke,configuration,3314
15x15/model_based/archived_direct_action_rl/runs_ppo_rnd_v3_smoke/training_log.csv,15x15,model_based,archived_direct_action_rl/runs_ppo_rnd_v3_smoke,training_metric,7902
15x15/model_based/archived_direct_action_rl/runs_ppo_rnd_v3_trial100/train_config.txt,15x15,model_based,archived_direct_action_rl/runs_ppo_rnd_v3_trial100,configuration,3321
15x15/model_based/archived_direct_action_rl/runs_ppo_rnd_v3_trial100/training_log.csv,15x15,model_based,archived_direct_action_rl/runs_ppo_rnd_v3_trial100,training_metric,81637
15x15/model_based/archived_direct_action_rl/runs_r2d2_v1/train_config.txt,15x15,model_based,archived_direct_action_rl/runs_r2d2_v1,configuration,3807
15x15/model_based/archived_direct_action_rl/runs_r2d2_v1/training_log.csv,15x15,model_based,archived_direct_action_rl/runs_r2d2_v1,training_metric,813763
15x15/model_based/archived_direct_action_rl/runs_r2d2_v1_smoke/train_config.txt,15x15,model_based,archived_direct_action_rl/runs_r2d2_v1_smoke,configuration,3809
15x15/model_based/archived_direct_action_rl/runs_r2d2_v1_smoke/training_log.csv,15x15,model_based,archived_direct_action_rl/runs_r2d2_v1_smoke,training_metric,14305
15x15/model_based/archived_direct_action_rl/runs_r2d2_v1_smoke_fix1/train_config.txt,15x15,model_based,archived_direct_action_rl/runs_r2d2_v1_smoke_fix1,configuration,3814
15x15/model_based/archived_direct_action_rl/runs_r2d2_v1_smoke_fix1/training_log.csv,15x15,model_based,archived_direct_action_rl/runs_r2d2_v1_smoke_fix1,training_metric,18957
15x15/model_based/archived_direct_action_rl/runs_r2d2_v2/train_config.txt,15x15,model_based,archived_direct_action_rl/runs_r2d2_v2,configuration,4220
15x15/model_based/archived_direct_action_rl/runs_r2d2_v2/training_log.csv,15x15,model_based,archived_direct_action_rl/runs_r2d2_v2,training_metric,261107
15x15/model_based/archived_direct_action_rl/runs_r2d2_v2_trial120/train_config.txt,15x15,model_based,archived_direct_action_rl/runs_r2d2_v2_trial120,configuration,4226
15x15/model_based/archived_direct_action_rl/runs_r2d2_v2_trial120/training_log.csv,15x15,model_based,archived_direct_action_rl/runs_r2d2_v2_trial120,training_metric,86114
15x15/model_based/dqn/goal_conditioned_memory_dqn/long_training_run/train_config.txt,15x15,model_based,dqn/goal_conditioned_memory_dqn/long_training_run,configuration,2269
15x15/model_based/dqn/goal_conditioned_memory_dqn/long_training_run/training_log.csv,15x15,model_based,dqn/goal_conditioned_memory_dqn/long_training_run,training_metric,309351
15x15/model_based/learned_frontier_ranker/adaptive_ensemble_evaluations/diverse_expert.config.json,15x15,model_based,learned_frontier_ranker/adaptive_ensemble_evaluations,configuration,5254
15x15/model_based/learned_frontier_ranker/adaptive_ensemble_evaluations/diverse_expert.csv,15x15,model_based,learned_frontier_ranker/adaptive_ensemble_evaluations,supporting_result,2950
15x15/model_based/learned_frontier_ranker/adaptive_ensemble_evaluations/neural_trace_smoke.config.json,15x15,model_based,learned_frontier_ranker/adaptive_ensemble_evaluations,configuration,2148
15x15/model_based/learned_frontier_ranker/adaptive_ensemble_evaluations/neural_trace_smoke.csv,15x15,model_based,learned_frontier_ranker/adaptive_ensemble_evaluations,supporting_result,1069
15x15/model_based/learned_frontier_ranker/adaptive_ensemble_evaluations/neural_trace_smoke_analysis/failure_analysis.json,15x15,model_based,learned_frontier_ranker/adaptive_ensemble_evaluations/neural_trace_smoke_analysis,analysis,10209
15x15/model_based/learned_frontier_ranker/adaptive_ensemble_evaluations/neural_trace_smoke_analysis/failure_cases.csv,15x15,model_based,learned_frontier_ranker/adaptive_ensemble_evaluations/neural_trace_smoke_analysis,analysis,1377
15x15/model_based/learned_frontier_ranker/adaptive_ensemble_evaluations/neural_trace_smoke_analysis/report.md,15x15,model_based,learned_frontier_ranker/adaptive_ensemble_evaluations/neural_trace_smoke_analysis,analysis,2025
15x15/model_based/learned_frontier_ranker/adaptive_ensemble_evaluations/neural_trace_smoke_baseline.config.json,15x15,model_based,learned_frontier_ranker/adaptive_ensemble_evaluations,configuration,1811
15x15/model_based/learned_frontier_ranker/adaptive_ensemble_evaluations/neural_trace_smoke_baseline.csv,15x15,model_based,learned_frontier_ranker/adaptive_ensemble_evaluations,supporting_result,1042
15x15/model_based/learned_frontier_ranker/adaptive_ensemble_evaluations/neural_trace_smoke_paired_analysis/failure_analysis.json,15x15,model_based,learned_frontier_ranker/adaptive_ensemble_evaluations/neural_trace_smoke_paired_analysis,analysis,11539
15x15/model_based/learned_frontier_ranker/adaptive_ensemble_evaluations/neural_trace_smoke_paired_analysis/failure_cases.csv,15x15,model_based,learned_frontier_ranker/adaptive_ensemble_evaluations/neural_trace_smoke_paired_analysis,analysis,1508
15x15/model_based/learned_frontier_ranker/adaptive_ensemble_evaluations/neural_trace_smoke_paired_analysis/report.md,15x15,model_based,learned_frontier_ranker/adaptive_ensemble_evaluations/neural_trace_smoke_paired_analysis,analysis,2549
15x15/model_based/learned_frontier_ranker/adaptive_ensemble_evaluations/standard_analysis/failure_analysis.json,15x15,model_based,learned_frontier_ranker/adaptive_ensemble_evaluations/standard_analysis,analysis,10845
15x15/model_based/learned_frontier_ranker/adaptive_ensemble_evaluations/standard_analysis/failure_cases.csv,15x15,model_based,learned_frontier_ranker/adaptive_ensemble_evaluations/standard_analysis,analysis,51094
15x15/model_based/learned_frontier_ranker/adaptive_ensemble_evaluations/standard_analysis/report.md,15x15,model_based,learned_frontier_ranker/adaptive_ensemble_evaluations/standard_analysis,analysis,4583
15x15/model_based/learned_frontier_ranker/adaptive_ensemble_evaluations/standard_endpoint_snapshot_analysis/failure_analysis.json,15x15,model_based,learned_frontier_ranker/adaptive_ensemble_evaluations/standard_endpoint_snapshot_analysis,analysis,10723
15x15/model_based/learned_frontier_ranker/adaptive_ensemble_evaluations/standard_endpoint_snapshot_analysis/failure_cases.csv,15x15,model_based,learned_frontier_ranker/adaptive_ensemble_evaluations/standard_endpoint_snapshot_analysis,analysis,14605
15x15/model_based/learned_frontier_ranker/adaptive_ensemble_evaluations/standard_endpoint_snapshot_analysis/report.md,15x15,model_based,learned_frontier_ranker/adaptive_ensemble_evaluations/standard_endpoint_snapshot_analysis,analysis,4110
15x15/model_based/learned_frontier_ranker/adaptive_ensemble_evaluations/standard_expert.config.json,15x15,model_based,learned_frontier_ranker/adaptive_ensemble_evaluations,configuration,1457
15x15/model_based/learned_frontier_ranker/adaptive_ensemble_evaluations/standard_expert.csv,15x15,model_based,learned_frontier_ranker/adaptive_ensemble_evaluations,supporting_result,9383
15x15/model_based/learned_frontier_ranker/adaptive_ensemble_evaluations/standard_results.config.json,15x15,model_based,learned_frontier_ranker/adaptive_ensemble_evaluations,configuration,1808
15x15/model_based/learned_frontier_ranker/adaptive_ensemble_evaluations/standard_results.csv,15x15,model_based,learned_frontier_ranker/adaptive_ensemble_evaluations,supporting_result,34861
15x15/model_based/learned_frontier_ranker/adaptive_ensemble_evaluations/trace_smoke.config.json,15x15,model_based,learned_frontier_ranker/adaptive_ensemble_evaluations,configuration,1538
15x15/model_based/learned_frontier_ranker/adaptive_ensemble_evaluations/trace_smoke.csv,15x15,model_based,learned_frontier_ranker/adaptive_ensemble_evaluations,supporting_result,1366
15x15/model_based/learned_frontier_ranker/adaptive_ensemble_evaluations/trace_smoke_analysis/failure_analysis.json,15x15,model_based,learned_frontier_ranker/adaptive_ensemble_evaluations/trace_smoke_analysis,analysis,10109
15x15/model_based/learned_frontier_ranker/adaptive_ensemble_evaluations/trace_smoke_analysis/failure_cases.csv,15x15,model_based,learned_frontier_ranker/adaptive_ensemble_evaluations/trace_smoke_analysis,analysis,1827
15x15/model_based/learned_frontier_ranker/adaptive_ensemble_evaluations/trace_smoke_analysis/report.md,15x15,model_based,learned_frontier_ranker/adaptive_ensemble_evaluations/trace_smoke_analysis,analysis,2124
15x15/model_based/learned_frontier_ranker/adaptive_ensemble_evaluations/trace_smoke_analysis_paired/failure_analysis.json,15x15,model_based,learned_frontier_ranker/adaptive_ensemble_evaluations/trace_smoke_analysis_paired,analysis,11374
15x15/model_based/learned_frontier_ranker/adaptive_ensemble_evaluations/trace_smoke_analysis_paired/failure_cases.csv,15x15,model_based,learned_frontier_ranker/adaptive_ensemble_evaluations/trace_smoke_analysis_paired,analysis,1914
15x15/model_based/learned_frontier_ranker/adaptive_ensemble_evaluations/trace_smoke_analysis_paired/report.md,15x15,model_based,learned_frontier_ranker/adaptive_ensemble_evaluations/trace_smoke_analysis_paired,analysis,2460
15x15/model_based/learned_frontier_ranker/adaptive_ensemble_evaluations/trace_smoke_v2.config.json,15x15,model_based,learned_frontier_ranker/adaptive_ensemble_evaluations,configuration,1795
15x15/model_based/learned_frontier_ranker/adaptive_ensemble_evaluations/trace_smoke_v2.csv,15x15,model_based,learned_frontier_ranker/adaptive_ensemble_evaluations,supporting_result,1022
15x15/model_based/learned_frontier_ranker/adaptive_ensemble_evaluations/trace_smoke_v2_analysis/failure_analysis.json,15x15,model_based,learned_frontier_ranker/adaptive_ensemble_evaluations/trace_smoke_v2_analysis,analysis,9530
15x15/model_based/learned_frontier_ranker/adaptive_ensemble_evaluations/trace_smoke_v2_analysis/failure_cases.csv,15x15,model_based,learned_frontier_ranker/adaptive_ensemble_evaluations/trace_smoke_v2_analysis,analysis,1277
15x15/model_based/learned_frontier_ranker/adaptive_ensemble_evaluations/trace_smoke_v2_analysis/report.md,15x15,model_based,learned_frontier_ranker/adaptive_ensemble_evaluations/trace_smoke_v2_analysis,analysis,1673
15x15/model_based/learned_frontier_ranker/adaptive_ensemble_evaluations/v11_equivalent_dagger_smoke_part1.config.json,15x15,model_based,learned_frontier_ranker/adaptive_ensemble_evaluations,configuration,5247
15x15/model_based/learned_frontier_ranker/adaptive_ensemble_evaluations/v11_equivalent_dagger_smoke_part1.csv,15x15,model_based,learned_frontier_ranker/adaptive_ensemble_evaluations,supporting_result,1012
15x15/model_based/learned_frontier_ranker/adaptive_ensemble_evaluations/v11_equivalent_dagger_smoke_part1b.config.json,15x15,model_based,learned_frontier_ranker/adaptive_ensemble_evaluations,configuration,5247
15x15/model_based/learned_frontier_ranker/adaptive_ensemble_evaluations/v11_equivalent_dagger_smoke_part1b.csv,15x15,model_based,learned_frontier_ranker/adaptive_ensemble_evaluations,supporting_result,562
15x15/model_based/learned_frontier_ranker/adaptive_ensemble_evaluations/v11_equivalent_dagger_smoke_part2.config.json,15x15,model_based,learned_frontier_ranker/adaptive_ensemble_evaluations,configuration,5247
15x15/model_based/learned_frontier_ranker/adaptive_ensemble_evaluations/v11_equivalent_dagger_smoke_part2.csv,15x15,model_based,learned_frontier_ranker/adaptive_ensemble_evaluations,supporting_result,729
15x15/model_based/learned_frontier_ranker/adaptive_ensemble_evaluations/v11_equivalent_dagger_smoke_part3.config.json,15x15,model_based,learned_frontier_ranker/adaptive_ensemble_evaluations,configuration,5247
15x15/model_based/learned_frontier_ranker/adaptive_ensemble_evaluations/v11_equivalent_dagger_smoke_part3.csv,15x15,model_based,learned_frontier_ranker/adaptive_ensemble_evaluations,supporting_result,738
15x15/model_based/learned_frontier_ranker/adaptive_ensemble_evaluations/v11_equivalent_ensemble_smoke/ensemble_report.json,15x15,model_based,learned_frontier_ranker/adaptive_ensemble_evaluations/v11_equivalent_ensemble_smoke,supporting_result,1399
15x15/model_based/learned_frontier_ranker/adaptive_ensemble_evaluations/v11_equivalent_ensemble_smoke/member_00_training.csv,15x15,model_based,learned_frontier_ranker/adaptive_ensemble_evaluations/v11_equivalent_ensemble_smoke,training_metric,165
15x15/model_based/learned_frontier_ranker/adaptive_ensemble_evaluations/v11_equivalent_selector_smoke.config.json,15x15,model_based,learned_frontier_ranker/adaptive_ensemble_evaluations,configuration,5324
15x15/model_based/learned_frontier_ranker/adaptive_ensemble_evaluations/v11_equivalent_selector_smoke.csv,15x15,model_based,learned_frontier_ranker/adaptive_ensemble_evaluations,supporting_result,700
15x15/model_based/learned_frontier_ranker/obsolete_intra_episode_dynamic_prototype/2026-08-08/README.md,15x15,model_based,learned_frontier_ranker/obsolete_intra_episode_dynamic_prototype/2026-08-08,supporting_result,513
15x15/model_based/learned_frontier_ranker/obsolete_intra_episode_dynamic_prototype/2026-08-08/dagger_smoke.csv,15x15,model_based,learned_frontier_ranker/obsolete_intra_episode_dynamic_prototype/2026-08-08,supporting_result,965
15x15/model_based/learned_frontier_ranker/obsolete_intra_episode_dynamic_prototype/2026-08-08/dynamic_smoke.csv,15x15,model_based,learned_frontier_ranker/obsolete_intra_episode_dynamic_prototype/2026-08-08,supporting_result,572
15x15/model_based/learned_frontier_ranker/obsolete_intra_episode_dynamic_prototype/2026-08-08/ensemble_selector_smoke.csv,15x15,model_based,learned_frontier_ranker/obsolete_intra_episode_dynamic_prototype/2026-08-08,supporting_result,556
15x15/model_based/learned_frontier_ranker/obsolete_intra_episode_dynamic_prototype/2026-08-08/frontier_ensemble_smoke/ensemble_report.json,15x15,model_based,learned_frontier_ranker/obsolete_intra_episode_dynamic_prototype/2026-08-08/frontier_ensemble_smoke,supporting_result,5278
15x15/model_based/learned_frontier_ranker/obsolete_intra_episode_dynamic_prototype/2026-08-08/frontier_ensemble_smoke/member_00_training.csv,15x15,model_based,learned_frontier_ranker/obsolete_intra_episode_dynamic_prototype/2026-08-08/frontier_ensemble_smoke,training_metric,164
15x15/model_based/learned_frontier_ranker/obsolete_intra_episode_dynamic_prototype/2026-08-08/run_config.json,15x15,model_based,learned_frontier_ranker/obsolete_intra_episode_dynamic_prototype/2026-08-08,configuration,1719
15x15/model_based/learned_frontier_ranker/obsolete_pre_equivalence_controller/2026-08-08/README.md,15x15,model_based,learned_frontier_ranker/obsolete_pre_equivalence_controller/2026-08-08,supporting_result,538
15x15/model_based/learned_frontier_ranker/obsolete_pre_equivalence_controller/2026-08-08/current_profile_dagger_smoke.config.json,15x15,model_based,learned_frontier_ranker/obsolete_pre_equivalence_controller/2026-08-08,configuration,5314
15x15/model_based/learned_frontier_ranker/obsolete_pre_equivalence_controller/2026-08-08/current_profile_dagger_smoke.csv,15x15,model_based,learned_frontier_ranker/obsolete_pre_equivalence_controller/2026-08-08,supporting_result,2302
15x15/model_based/learned_frontier_ranker/obsolete_pre_equivalence_controller/2026-08-08/current_profile_dagger_smoke_part2.config.json,15x15,model_based,learned_frontier_ranker/obsolete_pre_equivalence_controller/2026-08-08,configuration,5313
15x15/model_based/learned_frontier_ranker/obsolete_pre_equivalence_controller/2026-08-08/current_profile_dagger_smoke_part2.csv,15x15,model_based,learned_frontier_ranker/obsolete_pre_equivalence_controller/2026-08-08,supporting_result,1252
15x15/model_based/learned_frontier_ranker/obsolete_pre_equivalence_controller/2026-08-08/current_profile_dagger_smoke_part3.config.json,15x15,model_based,learned_frontier_ranker/obsolete_pre_equivalence_controller/2026-08-08,configuration,5313
15x15/model_based/learned_frontier_ranker/obsolete_pre_equivalence_controller/2026-08-08/current_profile_dagger_smoke_part3.csv,15x15,model_based,learned_frontier_ranker/obsolete_pre_equivalence_controller/2026-08-08,supporting_result,791
15x15/model_based/learned_frontier_ranker/obsolete_pre_equivalence_controller/2026-08-08/current_profile_ensemble_selector_smoke.config.json,15x15,model_based,learned_frontier_ranker/obsolete_pre_equivalence_controller/2026-08-08,configuration,5391
15x15/model_based/learned_frontier_ranker/obsolete_pre_equivalence_controller/2026-08-08/current_profile_ensemble_selector_smoke.csv,15x15,model_based,learned_frontier_ranker/obsolete_pre_equivalence_controller/2026-08-08,supporting_result,789
15x15/model_based/learned_frontier_ranker/obsolete_pre_equivalence_controller/2026-08-08/current_profile_ensemble_smoke/ensemble_report.json,15x15,model_based,learned_frontier_ranker/obsolete_pre_equivalence_controller/2026-08-08/current_profile_ensemble_smoke,supporting_result,1576
15x15/model_based/learned_frontier_ranker/obsolete_pre_equivalence_controller/2026-08-08/current_profile_ensemble_smoke/member_00_training.csv,15x15,model_based,learned_frontier_ranker/obsolete_pre_equivalence_controller/2026-08-08/current_profile_ensemble_smoke,training_metric,165
15x15/model_based/learned_frontier_ranker/obsolete_pre_equivalence_controller/2026-08-08/v12_diverse_full_seed13000.config.json,15x15,model_based,learned_frontier_ranker/obsolete_pre_equivalence_controller/2026-08-08,configuration,5317
15x15/model_based/learned_frontier_ranker/obsolete_pre_equivalence_controller/2026-08-08/v12_diverse_full_seed13000.csv,15x15,model_based,learned_frontier_ranker/obsolete_pre_equivalence_controller/2026-08-08,supporting_result,633
15x15/model_based/learned_frontier_ranker/obsolete_pre_equivalence_controller/2026-08-08/v12_v11_equivalent_seed13000.config.json,15x15,model_based,learned_frontier_ranker/obsolete_pre_equivalence_controller/2026-08-08,configuration,5251
15x15/model_based/learned_frontier_ranker/obsolete_pre_equivalence_controller/2026-08-08/v12_v11_equivalent_seed13000.csv,15x15,model_based,learned_frontier_ranker/obsolete_pre_equivalence_controller/2026-08-08,supporting_result,574
15x15/model_based/learned_frontier_ranker/obsolete_pre_equivalence_controller/2026-08-08/varied_static_smoke.config.json,15x15,model_based,learned_frontier_ranker/obsolete_pre_equivalence_controller/2026-08-08,configuration,5313
15x15/model_based/learned_frontier_ranker/obsolete_pre_equivalence_controller/2026-08-08/varied_static_smoke.csv,15x15,model_based,learned_frontier_ranker/obsolete_pre_equivalence_controller/2026-08-08,supporting_result,1100
15x15/model_based/learned_frontier_ranker/phase1_frontier_scorer/rollout_comparison.csv,15x15,model_based,learned_frontier_ranker/phase1_frontier_scorer,comparison,7526
15x15/model_based/learned_frontier_ranker/phase1_frontier_scorer/seed_split.json,15x15,model_based,learned_frontier_ranker/phase1_frontier_scorer,configuration,2257
15x15/model_based/learned_frontier_ranker/phase1_frontier_scorer/test_metrics.json,15x15,model_based,learned_frontier_ranker/phase1_frontier_scorer,metric,112
15x15/model_based/learned_frontier_ranker/phase1_frontier_scorer/train_config.json,15x15,model_based,learned_frontier_ranker/phase1_frontier_scorer,configuration,305
15x15/model_based/learned_frontier_ranker/phase1_frontier_scorer/training_log.csv,15x15,model_based,learned_frontier_ranker/phase1_frontier_scorer,training_metric,3203
15x15/model_based/learned_frontier_ranker/phase2_exploration_scorer/rollout_comparison.csv,15x15,model_based,learned_frontier_ranker/phase2_exploration_scorer,comparison,7771
15x15/model_based/learned_frontier_ranker/phase2_exploration_scorer/seed_split.json,15x15,model_based,learned_frontier_ranker/phase2_exploration_scorer,configuration,2257
15x15/model_based/learned_frontier_ranker/phase2_exploration_scorer/test_metrics.json,15x15,model_based,learned_frontier_ranker/phase2_exploration_scorer,metric,247
15x15/model_based/learned_frontier_ranker/phase2_exploration_scorer/train_config.json,15x15,model_based,learned_frontier_ranker/phase2_exploration_scorer,configuration,411
15x15/model_based/learned_frontier_ranker/phase2_exploration_scorer/training_log.csv,15x15,model_based,learned_frontier_ranker/phase2_exploration_scorer,training_metric,7022
15x15/model_based/planner_residual_target_ppo/episode_metrics.csv,15x15,model_based,planner_residual_target_ppo,metric,430903
15x15/model_based/planner_residual_target_ppo/summary.json,15x15,model_based,planner_residual_target_ppo,metric,2592
15x15/model_based/planner_residual_target_ppo/train_config.txt,15x15,model_based,planner_residual_target_ppo,configuration,666
15x15/model_based/spatial_target_ppo_with_planner/episode_metrics.csv,15x15,model_based,spatial_target_ppo_with_planner,metric,423539
15x15/model_based/spatial_target_ppo_with_planner/summary.json,15x15,model_based,spatial_target_ppo_with_planner,metric,2426
15x15/model_based/spatial_target_ppo_with_planner/train_config.txt,15x15,model_based,spatial_target_ppo_with_planner,configuration,533
15x15/non_model_based/deterministic_sweep_baseline/legacy_root_run/adaptive_smoke.csv,15x15,non_model_based,deterministic_sweep_baseline/legacy_root_run,supporting_result,552
15x15/non_model_based/deterministic_sweep_baseline/legacy_root_run/evaluation.csv,15x15,non_model_based,deterministic_sweep_baseline/legacy_root_run,evaluation,8107
15x15/non_model_based/deterministic_sweep_baseline/legacy_root_run/evaluation_adaptive.csv,15x15,non_model_based,deterministic_sweep_baseline/legacy_root_run,evaluation,1737
15x15/non_model_based/partial_observation_frontier_planner/baseline_10/planner_config.txt,15x15,non_model_based,partial_observation_frontier_planner/baseline_10,configuration,366
15x15/non_model_based/partial_observation_frontier_planner/baseline_10/planner_metrics.csv,15x15,non_model_based,partial_observation_frontier_planner/baseline_10,metric,550
15x15/non_model_based/partial_observation_frontier_planner/baseline_10/summary.json,15x15,non_model_based,partial_observation_frontier_planner/baseline_10,metric,782
15x15/non_model_based/partial_observation_frontier_planner/baseline_100/planner_config.txt,15x15,non_model_based,partial_observation_frontier_planner/baseline_100,configuration,368
15x15/non_model_based/partial_observation_frontier_planner/baseline_100/planner_metrics.csv,15x15,non_model_based,partial_observation_frontier_planner/baseline_100,metric,555
15x15/non_model_based/partial_observation_frontier_planner/baseline_100/summary.json,15x15,non_model_based,partial_observation_frontier_planner/baseline_100,metric,787
15x15/non_model_based/partial_observation_frontier_planner/baseline_50/planner_config.txt,15x15,non_model_based,partial_observation_frontier_planner/baseline_50,configuration,366
15x15/non_model_based/partial_observation_frontier_planner/baseline_50/planner_metrics.csv,15x15,non_model_based,partial_observation_frontier_planner/baseline_50,metric,554
15x15/non_model_based/partial_observation_frontier_planner/baseline_50/summary.json,15x15,non_model_based,partial_observation_frontier_planner/baseline_50,metric,786
15x15/non_model_based/two_phase_belief_map_planner/legacy_root_run/evaluation.csv,15x15,non_model_based,two_phase_belief_map_planner/legacy_root_run,evaluation,20351
15x15/non_model_based/two_phase_belief_map_planner/verification/v11_diverse_full_seed13000.config.json,15x15,non_model_based,two_phase_belief_map_planner/verification,configuration,5166
15x15/non_model_based/two_phase_belief_map_planner/verification/v11_diverse_full_seed13000.csv,15x15,non_model_based,two_phase_belief_map_planner/verification,supporting_result,798
15x15/non_model_based/two_phase_belief_map_planner/verification/v11_diverse_smoke.config.json,15x15,non_model_based,two_phase_belief_map_planner/verification,configuration,5162
15x15/non_model_based/two_phase_belief_map_planner/verification/v11_diverse_smoke.csv,15x15,non_model_based,two_phase_belief_map_planner/verification,supporting_result,753
15x15/non_model_based/two_phase_belief_map_planner/verification/v11_static_seed7.csv,15x15,non_model_based,two_phase_belief_map_planner/verification,supporting_result,710
15x15/non_model_based/two_phase_belief_map_planner/verification/v11_static_seed7_after_revert.config.json,15x15,non_model_based,two_phase_belief_map_planner/verification,configuration,1365
15x15/non_model_based/two_phase_belief_map_planner/verification/v11_static_seed7_after_revert.csv,15x15,non_model_based,two_phase_belief_map_planner/verification,supporting_result,764
15x15/non_model_based/two_phase_belief_map_planner/verification/v12_v11_equivalent_full_seed13000.config.json,15x15,non_model_based,two_phase_belief_map_planner/verification,configuration,5251
15x15/non_model_based/two_phase_belief_map_planner/verification/v12_v11_equivalent_full_seed13000.csv,15x15,non_model_based,two_phase_belief_map_planner/verification,supporting_result,574
31x31/model_based/planner_residual_target_ppo/episode_metrics.csv,31x31,model_based,planner_residual_target_ppo,metric,434482
31x31/model_based/planner_residual_target_ppo/summary.json,31x31,model_based,planner_residual_target_ppo,metric,2598
31x31/model_based/planner_residual_target_ppo/train_config.txt,31x31,model_based,planner_residual_target_ppo,configuration,687
31x31/non_model_based/partial_observation_frontier_planner/baseline_10/planner_config.txt,31x31,non_model_based,partial_observation_frontier_planner/baseline_10,configuration,1294
31x31/non_model_based/partial_observation_frontier_planner/baseline_10/planner_metrics.csv,31x31,non_model_based,partial_observation_frontier_planner/baseline_10,metric,598
31x31/non_model_based/partial_observation_frontier_planner/baseline_10/summary.json,31x31,non_model_based,partial_observation_frontier_planner/baseline_10,metric,2024
31x31/non_model_based/partial_observation_frontier_planner/baseline_100/planner_config.txt,31x31,non_model_based,partial_observation_frontier_planner/baseline_100,configuration,1296
31x31/non_model_based/partial_observation_frontier_planner/baseline_100/planner_metrics.csv,31x31,non_model_based,partial_observation_frontier_planner/baseline_100,metric,602
31x31/non_model_based/partial_observation_frontier_planner/baseline_100/summary.json,31x31,non_model_based,partial_observation_frontier_planner/baseline_100,metric,2028
31x31/non_model_based/partial_observation_frontier_planner/baseline_50/planner_config.txt,31x31,non_model_based,partial_observation_frontier_planner/baseline_50,configuration,1294
31x31/non_model_based/partial_observation_frontier_planner/baseline_50/planner_metrics.csv,31x31,non_model_based,partial_observation_frontier_planner/baseline_50,metric,603
31x31/non_model_based/partial_observation_frontier_planner/baseline_50/summary.json,31x31,non_model_based,partial_observation_frontier_planner/baseline_50,metric,2029
45x45/non_model_based/partial_observation_frontier_planner/baseline_10/planner_config.txt,45x45,non_model_based,partial_observation_frontier_planner/baseline_10,configuration,1297
45x45/non_model_based/partial_observation_frontier_planner/baseline_10/planner_metrics.csv,45x45,non_model_based,partial_observation_frontier_planner/baseline_10,metric,602
45x45/non_model_based/partial_observation_frontier_planner/baseline_10/summary.json,45x45,non_model_based,partial_observation_frontier_planner/baseline_10,metric,2031
README.md,README.md,unknown,unknown,supporting_result,1343
